data	vazao
2020-12-31	502.314
2020-12-30	629.244
2020-12-29	810.313
2020-12-28	1050.634
2020-12-27	1271.468
2020-12-26	1338.817
2020-12-25	1234.675
2020-12-24	1078.145
2020-12-23	720.336
2020-12-22	580.262
2020-12-21	369.516
2020-12-20	273.346
2020-12-19	330.461
2020-12-18	369.516
2020-12-17	429.077
2020-12-16	527.779
2020-12-15	732.079
2020-12-14	904.627
2020-12-13	1057.484
2020-12-12	1241.998
2020-12-11	749.841
2020-12-10	645.935
2020-12-09	612.734
2020-12-08	634.787
2020-12-07	559.022
2020-12-06	462.66
2020-12-05	277.276
2020-12-04	239.026
2020-12-03	231.66
2020-12-02	213.663
2020-12-01	246.488
2020-11-30	242.745
2020-11-29	289.206
2020-11-28	301.343
2020-11-27	338.984
2020-11-26	343.279
2020-11-25	382.933
2020-11-24	415.006
2020-11-23	457.798
2020-11-22	564.301
2020-11-21	502.314
2020-11-20	564.301
2020-11-19	591.005
2020-11-18	612.734
2020-11-17	791.968
2020-11-16	755.801
2020-11-15	433.81
2020-11-14	301.343
2020-11-13	250.254
2020-11-12	242.745
2020-11-11	269.439
2020-11-10	297.275
2020-11-09	365.088
2020-11-08	334.711
2020-11-07	382.933
2020-11-06	433.81
2020-11-05	585.623
2020-11-04	674.153
2020-11-03	755.801
2020-11-02	891.804
2020-11-01	591.005
2020-10-31	457.798
2020-10-30	522.644
2020-10-29	580.262
2020-10-28	743.901
2020-10-27	569.601
2020-10-26	532.935
2020-10-25	347.596
2020-10-24	235.331
2020-10-23	186.134
2020-10-22	169.733
2020-10-21	166.529
2020-10-20	176.218
2020-10-19	182.804
2020-10-18	166.529
2020-10-17	157.066
2020-10-16	144.809
2020-10-15	118.757
2020-10-14	97.423
2020-10-13	110.552
2020-10-12	110.552
2020-10-11	105.218
2020-10-10	105.218
2020-10-09	94.88
2020-10-08	102.592
2020-10-07	130.072
2020-10-06	147.835
2020-10-05	141.809
2020-10-04	132.967
2020-10-03	135.888
2020-10-02	153.964
2020-10-01	138.836
2020-09-30	163.349
2020-09-29	203.156
2020-09-28	153.964
2020-09-27	160.195
2020-09-26	172.963
2020-09-25	132.967
2020-09-24	141.809
2020-09-23	135.888
2020-09-22	163.349
2020-09-21	163.349
2020-09-20	163.349
2020-09-19	153.964
2020-09-18	157.066
2020-09-17	166.529
2020-09-16	169.733
2020-09-15	153.964
2020-09-14	163.349
2020-09-13	169.733
2020-09-12	169.733
2020-09-11	176.218
2020-09-10	172.963
2020-09-09	141.809
2020-09-08	138.836
2020-09-07	147.835
2020-09-06	153.964
2020-09-05	186.134
2020-09-04	224.389
2020-09-03	189.489
2020-09-02	189.489
2020-09-01	210.136
2020-08-31	203.156
2020-08-30	220.789
2020-08-29	220.789
2020-08-28	250.254
2020-08-27	231.66
2020-08-26	224.389
2020-08-25	235.331
2020-08-24	217.214
2020-08-23	192.869
2020-08-22	199.702
2020-08-21	166.529
2020-08-20	189.489
2020-08-19	182.804
2020-08-18	160.195
2020-08-17	176.218
2020-08-16	210.136
2020-08-15	213.663
2020-08-14	231.66
2020-08-13	239.026
2020-08-12	217.214
2020-08-11	220.789
2020-08-10	231.66
2020-08-09	228.012
2020-08-08	213.663
2020-08-07	235.331
2020-08-06	220.789
2020-08-05	228.012
2020-08-04	228.012
2020-08-03	228.012
2020-08-02	231.66
2020-08-01	242.745
2020-07-31	228.012
2020-07-30	239.026
2020-07-29	231.66
2020-07-28	228.012
2020-07-27	213.663
2020-07-26	231.66
2020-07-25	231.66
2020-07-24	242.745
2020-07-23	257.858
2020-07-22	257.858
2020-07-21	257.858
2020-07-20	217.214
2020-07-19	250.254
2020-07-18	239.026
2020-07-17	228.012
2020-07-16	242.745
2020-07-15	239.026
2020-07-14	246.488
2020-07-13	239.026
2020-07-12	250.254
2020-07-11	246.488
2020-07-10	246.488
2020-07-09	246.488
2020-07-08	277.276
2020-07-07	285.206
2020-07-06	281.23
2020-07-05	277.276
2020-07-04	254.044
2020-07-03	265.555
2020-07-02	289.206
2020-07-01	277.276
2020-06-30	273.346
2020-06-29	285.206
2020-06-28	309.549
2020-06-27	277.276
2020-06-26	273.346
2020-06-25	281.23
2020-06-24	277.276
2020-06-23	277.276
2020-06-22	293.229
2020-06-21	293.229
2020-06-20	281.23
2020-06-19	297.275
2020-06-18	285.206
2020-06-17	281.23
2020-06-16	289.206
2020-06-15	289.206
2020-06-14	289.206
2020-06-13	289.206
2020-06-12	309.549
2020-06-11	301.343
2020-06-10	293.229
2020-06-09	293.229
2020-06-08	322.028
2020-06-07	297.275
2020-06-06	322.028
2020-06-05	293.229
2020-06-04	322.028
2020-06-03	317.846
2020-06-02	330.461
2020-06-01	343.279
2020-05-31	351.935
2020-05-30	369.516
2020-05-29	387.45
2020-05-28	410.359
2020-05-27	452.958
2020-05-26	438.565
2020-05-25	405.733
2020-05-24	369.516
2020-05-23	356.297
2020-05-22	396.548
2020-05-21	424.365
2020-05-20	457.798
2020-05-19	532.935
2020-05-18	580.262
2020-05-17	452.958
2020-05-16	369.516
2020-05-15	347.596
2020-05-14	338.984
2020-05-13	343.279
2020-05-12	343.279
2020-05-11	343.279
2020-05-10	343.279
2020-05-09	365.088
2020-05-08	347.596
2020-05-07	356.297
2020-05-06	365.088
2020-05-05	387.45
2020-05-04	365.088
2020-05-03	356.297
2020-05-02	378.439
2020-05-01	373.966
2020-04-30	382.933
2020-04-29	401.13
2020-04-28	415.006
2020-04-27	429.077
2020-04-26	438.565
2020-04-25	452.958
2020-04-24	391.988
2020-04-23	401.13
2020-04-22	401.13
2020-04-21	405.733
2020-04-20	424.365
2020-04-19	467.543
2020-04-18	527.779
2020-04-17	487.285
2020-04-16	553.763
2020-04-15	662.806
2020-04-14	917.526
2020-04-13	645.935
2020-04-12	668.47
2020-04-11	732.079
2020-04-10	623.721
2020-04-09	467.543
2020-04-08	419.675
2020-04-07	457.798
2020-04-06	467.543
2020-04-05	553.763
2020-04-04	564.301
2020-04-03	448.139
2020-04-02	452.958
2020-04-01	462.66
2020-03-31	497.283
2020-03-30	543.308
2020-03-29	559.022
2020-03-28	629.244
2020-03-27	779.834
2020-03-26	983.147
2020-03-25	1148.207
2020-03-24	1485.685
2020-03-23	1183.92
2020-03-22	612.734
2020-03-21	585.623
2020-03-20	527.779
2020-03-19	596.407
2020-03-18	623.721
2020-03-17	651.538
2020-03-16	737.98
2020-03-15	835.042
2020-03-14	937.015
2020-03-13	904.627
2020-03-12	956.674
2020-03-11	1057.484
2020-03-10	1331.262
2020-03-09	1738.725
2020-03-08	1999.076
2020-03-07	2098.278
2020-03-06	2573.914
2020-03-05	2514.725
2020-03-04	2246.101
2020-03-03	1884.413
2020-03-02	1688.469
2020-03-01	1361.585
2020-02-29	911.067
2020-02-28	527.779
2020-02-27	512.437
2020-02-26	564.301
2020-02-25	685.58
2020-02-24	564.301
2020-02-23	482.318
2020-02-22	457.798
2020-02-21	502.314
2020-02-20	612.734
2020-02-19	618.217
2020-02-18	798.063
2020-02-17	1256.697
2020-02-16	1945.807
2020-02-15	1781.071
2020-02-14	891.804
2020-02-13	591.005
2020-02-12	601.829
2020-02-11	685.58
2020-02-10	651.538
2020-02-09	691.323
2020-02-08	651.538
2020-02-07	943.549
2020-02-06	697.087
2020-02-05	726.198
2020-02-04	743.901
2020-02-03	798.063
2020-02-02	969.873
2020-02-01	1155.313
2020-01-31	1423.075
2020-01-30	1798.127
2020-01-29	2888.731
2020-01-28	4233.12
2020-01-27	5055.017
2020-01-26	3394.333
2020-01-25	1392.19
2020-01-24	924.003
2020-01-23	911.067
2020-01-22	702.869
2020-01-21	612.734
2020-01-20	538.111
2020-01-19	410.359
2020-01-18	369.516
2020-01-17	343.279
2020-01-16	301.343
2020-01-15	293.229
2020-01-14	301.343
2020-01-13	322.028
2020-01-12	401.13
2020-01-11	405.733
2020-01-10	429.077
2020-01-09	564.301
2020-01-08	720.336
2020-01-07	574.921
2020-01-06	405.733
2020-01-05	338.984
2020-01-04	250.254
2020-01-03	250.254
2020-01-02	242.745
2020-01-01	254.044
2019-12-31	261.694
2019-12-30	293.229
2019-12-29	351.935
2019-12-28	415.006
2019-12-27	477.372
2019-12-26	452.958
2019-12-25	297.275
2019-12-24	254.044
2019-12-23	277.276
2019-12-22	273.346
2019-12-21	285.206
2019-12-20	356.297
2019-12-19	391.988
2019-12-18	462.66
2019-12-17	574.921
2019-12-16	737.98
2019-12-15	1036.988
2019-12-14	898.206
2019-12-13	601.829
2019-12-12	668.47
2019-12-11	924.003
2019-12-10	1241.998
2019-12-09	1092.011
2019-12-08	989.812
2019-12-07	963.264
2019-12-06	1030.193
2019-12-05	1446.423
2019-12-04	1549.407
2019-12-03	1169.58
2019-12-02	726.198
2019-12-01	607.271
2019-11-30	382.933
2019-11-29	301.343
2019-11-28	373.966
2019-11-27	369.516
2019-11-26	477.372
2019-11-25	477.372
2019-11-24	405.733
2019-11-23	527.779
2019-11-22	702.869
2019-11-21	415.006
2019-11-20	289.206
2019-11-19	213.663
2019-11-18	163.349
2019-11-17	160.195
2019-11-16	166.529
2019-11-15	147.835
2019-11-14	130.072
2019-11-13	124.361
2019-11-12	118.757
2019-11-11	118.757
2019-11-10	107.871
2019-11-09	105.218
2019-11-08	113.26
2019-11-07	115.995
2019-11-06	115.995
2019-11-05	110.552
2019-11-04	105.218
2019-11-03	107.871
2019-11-02	121.545
2019-11-01	113.26
2019-10-31	113.26
2019-10-30	97.423
2019-10-29	89.877
2019-10-28	97.423
2019-10-27	99.993
2019-10-26	107.871
2019-10-25	110.552
2019-10-24	102.592
2019-10-23	68.777
2019-10-22	56.031
2019-10-21	68.777
2019-10-20	80.212
2019-10-19	75.551
2019-10-18	77.867
2019-10-17	97.423
2019-10-16	97.423
2019-10-15	107.871
2019-10-14	110.552
2019-10-13	94.88
2019-10-12	75.551
2019-10-11	77.867
2019-10-10	77.867
2019-10-09	82.585
2019-10-08	87.418
2019-10-07	92.364
2019-10-06	92.364
2019-10-05	99.993
2019-10-04	110.552
2019-10-03	124.361
2019-10-02	124.361
2019-10-01	110.552
2019-09-30	82.585
2019-09-29	75.551
2019-09-28	75.551
2019-09-27	75.551
2019-09-26	80.212
2019-09-25	97.423
2019-09-24	99.993
2019-09-23	94.88
2019-09-22	97.423
2019-09-21	99.993
2019-09-20	102.592
2019-09-19	110.552
2019-09-18	84.988
2019-09-17	92.364
2019-09-16	82.585
2019-09-15	99.993
2019-09-14	135.888
2019-09-13	99.993
2019-09-12	87.418
2019-09-11	99.993
2019-09-10	118.757
2019-09-09	94.88
2019-09-08	80.212
2019-09-07	82.585
2019-09-06	89.877
2019-09-05	84.988
2019-09-04	87.418
2019-09-03	121.545
2019-09-02	102.592
2019-09-01	99.993
2019-08-31	113.26
2019-08-30	102.592
2019-08-29	92.364
2019-08-28	94.88
2019-08-27	87.418
2019-08-26	84.988
2019-08-25	89.877
2019-08-24	84.988
2019-08-23	97.423
2019-08-22	115.995
2019-08-21	118.757
2019-08-20	110.552
2019-08-19	115.995
2019-08-18	115.995
2019-08-17	118.757
2019-08-16	113.26
2019-08-15	87.418
2019-08-14	99.993
2019-08-13	94.88
2019-08-12	94.88
2019-08-11	118.757
2019-08-10	121.545
2019-08-09	130.072
2019-08-08	107.871
2019-08-07	89.877
2019-08-06	92.364
2019-08-05	89.877
2019-08-04	89.877
2019-08-03	89.877
2019-08-02	115.995
2019-08-01	127.203
2019-07-31	130.072
2019-07-30	141.809
2019-07-29	141.809
2019-07-28	141.809
2019-07-27	132.967
2019-07-26	150.886
2019-07-25	135.888
2019-07-24	110.552
2019-07-23	102.592
2019-07-22	105.218
2019-07-21	105.218
2019-07-20	102.592
2019-07-19	124.361
2019-07-18	102.592
2019-07-17	115.995
2019-07-16	115.995
2019-07-15	113.26
2019-07-14	110.552
2019-07-13	110.552
2019-07-12	113.26
2019-07-11	115.995
2019-07-10	127.203
2019-07-09	147.835
2019-07-08	147.835
2019-07-07	163.349
2019-07-06	157.066
2019-07-05	166.529
2019-07-04	160.195
2019-07-03	153.964
2019-07-02	160.195
2019-07-01	153.964
2019-06-30	166.529
2019-06-29	163.349
2019-06-28	135.888
2019-06-27	121.545
2019-06-26	124.361
2019-06-25	121.545
2019-06-24	132.967
2019-06-23	124.361
2019-06-22	130.072
2019-06-21	132.967
2019-06-20	160.195
2019-06-19	176.218
2019-06-18	176.218
2019-06-17	192.869
2019-06-16	192.869
2019-06-15	179.499
2019-06-14	157.066
2019-06-13	172.963
2019-06-12	176.218
2019-06-11	141.809
2019-06-10	141.809
2019-06-09	163.349
2019-06-08	135.888
2019-06-07	130.072
2019-06-06	130.072
2019-06-05	141.809
2019-06-04	163.349
2019-06-03	179.499
2019-06-02	189.489
2019-06-01	176.218
2019-05-31	179.499
2019-05-30	199.702
2019-05-29	192.869
2019-05-28	228.012
2019-05-27	217.214
2019-05-26	228.012
2019-05-25	217.214
2019-05-24	203.156
2019-05-23	220.789
2019-05-22	228.012
2019-05-21	257.858
2019-05-20	297.275
2019-05-19	334.711
2019-05-18	277.276
2019-05-17	250.254
2019-05-16	192.869
2019-05-15	206.634
2019-05-14	224.389
2019-05-13	242.745
2019-05-12	199.702
2019-05-11	182.804
2019-05-10	169.733
2019-05-09	176.218
2019-05-08	166.529
2019-05-07	203.156
2019-05-06	250.254
2019-05-05	242.745
2019-05-04	220.789
2019-05-03	224.389
2019-05-02	231.66
2019-05-01	246.488
2019-04-30	231.66
2019-04-29	242.745
2019-04-28	261.694
2019-04-27	281.23
2019-04-26	326.233
2019-04-25	317.846
2019-04-24	293.229
2019-04-23	301.343
2019-04-22	326.233
2019-04-21	378.439
2019-04-20	507.365
2019-04-19	438.565
2019-04-18	297.275
2019-04-17	273.346
2019-04-16	254.044
2019-04-15	257.858
2019-04-14	293.229
2019-04-13	330.461
2019-04-12	405.733
2019-04-11	338.984
2019-04-10	322.028
2019-04-09	334.711
2019-04-08	313.686
2019-04-07	254.044
2019-04-06	242.745
2019-04-05	250.254
2019-04-04	250.254
2019-04-03	213.663
2019-04-02	239.026
2019-04-01	265.555
2019-03-31	273.346
2019-03-30	297.275
2019-03-29	334.711
2019-03-28	415.006
2019-03-27	522.644
2019-03-26	651.538
2019-03-25	866.386
2019-03-24	828.831
2019-03-23	732.079
2019-03-22	697.087
2019-03-21	507.365
2019-03-20	548.525
2019-03-19	559.022
2019-03-18	387.45
2019-03-17	273.346
2019-03-16	257.858
2019-03-15	239.026
2019-03-14	309.549
2019-03-13	293.229
2019-03-12	265.555
2019-03-11	217.214
2019-03-10	210.136
2019-03-09	228.012
2019-03-08	273.346
2019-03-07	330.461
2019-03-06	405.733
2019-03-05	433.81
2019-03-04	369.516
2019-03-03	301.343
2019-03-02	351.935
2019-03-01	285.206
2019-02-28	265.555
2019-02-27	231.66
2019-02-26	289.206
2019-02-25	305.435
2019-02-24	378.439
2019-02-23	452.958
2019-02-22	553.763
2019-02-21	737.98
2019-02-20	685.58
2019-02-19	502.314
2019-02-18	365.088
2019-02-17	239.026
2019-02-16	269.439
2019-02-15	277.276
2019-02-14	257.858
2019-02-13	285.206
2019-02-12	285.206
2019-02-11	281.23
2019-02-10	347.596
2019-02-09	322.028
2019-02-08	285.206
2019-02-07	246.488
2019-02-06	213.663
2019-02-05	141.809
2019-02-04	166.529
2019-02-03	135.888
2019-02-02	124.361
2019-02-01	130.072
2019-01-31	157.066
2019-01-30	160.195
2019-01-29	182.804
2019-01-28	182.804
2019-01-27	169.733
2019-01-26	166.529
2019-01-25	176.218
2019-01-24	189.489
2019-01-23	182.804
2019-01-22	206.634
2019-01-21	210.136
2019-01-20	192.869
2019-01-19	228.012
2019-01-18	213.663
2019-01-17	228.012
2019-01-16	242.745
2019-01-15	235.331
2019-01-14	265.555
2019-01-13	301.343
2019-01-12	322.028
2019-01-11	289.206
2019-01-10	365.088
2019-01-09	433.81
2019-01-08	527.779
2019-01-07	618.217
2019-01-06	685.58
2019-01-05	732.079
2019-01-04	911.067
2019-01-03	1092.011
2019-01-02	1392.19
2019-01-01	1286.31
2018-12-31	1078.145
2018-12-30	983.147
2018-12-29	773.797
2018-12-28	702.869
2018-12-27	419.675
2018-12-26	289.206
2018-12-25	254.044
2018-12-24	206.634
2018-12-23	220.789
2018-12-22	206.634
2018-12-21	231.66
2018-12-20	228.012
2018-12-19	250.254
2018-12-18	285.206
2018-12-17	277.276
2018-12-16	334.711
2018-12-15	391.988
2018-12-14	438.565
2018-12-13	502.314
2018-12-12	596.407
2018-12-11	743.901
2018-12-10	798.063
2018-12-09	657.162
2018-12-08	662.806
2018-12-07	726.198
2018-12-06	950.102
2018-12-05	1085.069
2018-12-04	596.407
2018-12-03	351.935
2018-12-02	269.439
2018-12-01	297.275
2018-11-30	330.461
2018-11-29	396.548
2018-11-28	443.341
2018-11-27	502.314
2018-11-26	585.623
2018-11-25	691.323
2018-11-24	798.063
2018-11-23	755.801
2018-11-22	373.966
2018-11-21	309.549
2018-11-20	343.279
2018-11-19	369.516
2018-11-18	313.686
2018-11-17	317.846
2018-11-16	351.935
2018-11-15	448.139
2018-11-14	532.935
2018-11-13	685.58
2018-11-12	755.801
2018-11-11	564.301
2018-11-10	401.13
2018-11-09	378.439
2018-11-08	305.435
2018-11-07	217.214
2018-11-06	242.745
2018-11-05	277.276
2018-11-04	297.275
2018-11-03	313.686
2018-11-02	334.711
2018-11-01	365.088
2018-10-31	433.81
2018-10-30	457.798
2018-10-29	401.13
2018-10-28	265.555
2018-10-27	254.044
2018-10-26	228.012
2018-10-25	189.489
2018-10-24	203.156
2018-10-23	203.156
2018-10-22	176.218
2018-10-21	166.529
2018-10-20	182.804
2018-10-19	163.349
2018-10-18	144.809
2018-10-17	163.349
2018-10-16	144.809
2018-10-15	141.809
2018-10-14	132.967
2018-10-13	135.888
2018-10-12	102.592
2018-10-11	110.552
2018-10-10	110.552
2018-10-09	115.995
2018-10-08	113.26
2018-10-07	110.552
2018-10-06	110.552
2018-10-05	118.757
2018-10-04	113.26
2018-10-03	132.967
2018-10-02	147.835
2018-10-01	157.066
2018-09-30	141.809
2018-09-29	182.804
2018-09-28	153.964
2018-09-27	176.218
2018-09-26	196.273
2018-09-25	203.156
2018-09-24	210.136
2018-09-23	203.156
2018-09-22	199.702
2018-09-21	196.273
2018-09-20	179.499
2018-09-19	132.967
2018-09-18	115.995
2018-09-17	102.592
2018-09-16	102.592
2018-09-15	102.592
2018-09-14	105.218
2018-09-13	118.757
2018-09-12	130.072
2018-09-11	138.836
2018-09-10	141.809
2018-09-09	135.888
2018-09-08	135.888
2018-09-07	147.835
2018-09-06	147.835
2018-09-05	118.757
2018-09-04	118.757
2018-09-03	118.757
2018-09-02	118.757
2018-09-01	118.757
2018-08-31	118.757
2018-08-30	127.203
2018-08-29	144.809
2018-08-28	163.349
2018-08-27	153.964
2018-08-26	163.349
2018-08-25	157.066
2018-08-24	169.733
2018-08-23	163.349
2018-08-22	182.804
2018-08-21	144.809
2018-08-20	132.967
2018-08-19	147.835
2018-08-18	157.066
2018-08-17	172.963
2018-08-16	141.809
2018-08-15	172.963
2018-08-14	203.156
2018-08-13	213.663
2018-08-12	199.702
2018-08-11	242.745
2018-08-10	285.206
2018-08-09	265.555
2018-08-08	217.214
2018-08-07	217.214
2018-08-06	179.499
2018-08-05	176.218
2018-08-04	166.529
2018-08-03	169.733
2018-08-02	176.218
2018-08-01	157.066
2018-07-31	157.066
2018-07-30	157.066
2018-07-29	153.964
2018-07-28	132.967
2018-07-27	135.888
2018-07-26	135.888
2018-07-25	135.888
2018-07-24	138.836
2018-07-23	157.066
2018-07-22	144.809
2018-07-21	172.963
2018-07-20	182.804
2018-07-19	182.804
2018-07-18	172.963
2018-07-17	189.489
2018-07-16	176.218
2018-07-15	176.218
2018-07-14	144.809
2018-07-13	179.499
2018-07-12	157.066
2018-07-11	157.066
2018-07-10	160.195
2018-07-09	163.349
2018-07-08	166.529
2018-07-07	157.066
2018-07-06	172.963
2018-07-05	157.066
2018-07-04	163.349
2018-07-03	172.963
2018-07-02	166.529
2018-07-01	169.733
2018-06-30	166.529
2018-06-29	166.529
2018-06-28	172.963
2018-06-27	166.529
2018-06-26	169.733
2018-06-25	179.499
2018-06-24	179.499
2018-06-23	172.963
2018-06-22	186.134
2018-06-21	182.804
2018-06-20	169.733
2018-06-19	196.273
2018-06-18	172.963
2018-06-17	179.499
2018-06-16	179.499
2018-06-15	189.489
2018-06-14	186.134
2018-06-13	192.869
2018-06-12	192.869
2018-06-11	189.489
2018-06-10	192.869
2018-06-09	182.804
2018-06-08	189.489
2018-06-07	192.869
2018-06-06	192.869
2018-06-05	189.489
2018-06-04	196.273
2018-06-03	192.869
2018-06-02	203.156
2018-06-01	203.156
2018-05-31	210.136
2018-05-30	210.136
2018-05-29	231.66
2018-05-28	220.789
2018-05-27	228.012
2018-05-26	228.012
2018-05-25	210.136
2018-05-24	224.389
2018-05-23	239.026
2018-05-22	231.66
2018-05-21	228.012
2018-05-20	220.789
2018-05-19	217.214
2018-05-18	206.634
2018-05-17	199.702
2018-05-16	213.663
2018-05-15	210.136
2018-05-14	210.136
2018-05-13	213.663
2018-05-12	210.136
2018-05-11	213.663
2018-05-10	217.214
2018-05-09	210.136
2018-05-08	231.66
2018-05-07	213.663
2018-05-06	235.331
2018-05-05	224.389
2018-05-04	250.254
2018-05-03	246.488
2018-05-02	250.254
2018-05-01	265.555
2018-04-30	257.858
2018-04-29	289.206
2018-04-28	265.555
2018-04-27	281.23
2018-04-26	293.229
2018-04-25	285.206
2018-04-24	269.439
2018-04-23	309.549
2018-04-22	317.846
2018-04-21	334.711
2018-04-20	330.461
2018-04-19	338.984
2018-04-18	373.966
2018-04-17	373.966
2018-04-16	401.13
2018-04-15	401.13
2018-04-14	419.675
2018-04-13	424.365
2018-04-12	467.543
2018-04-11	548.525
2018-04-10	607.271
2018-04-09	685.58
2018-04-08	761.78
2018-04-07	662.806
2018-04-06	580.262
2018-04-05	477.372
2018-04-04	347.596
2018-04-03	360.681
2018-04-02	365.088
2018-04-01	410.359
2018-03-31	401.13
2018-03-30	452.958
2018-03-29	482.318
2018-03-28	580.262
2018-03-27	767.779
2018-03-26	956.674
2018-03-25	872.712
2018-03-24	685.58
2018-03-23	691.323
2018-03-22	662.806
2018-03-21	702.869
2018-03-20	866.386
2018-03-19	879.057
2018-03-18	737.98
2018-03-17	685.58
2018-03-16	773.797
2018-03-15	1050.634
2018-03-14	1126.997
2018-03-13	1220.084
2018-03-12	1399.885
2018-03-11	1430.84
2018-03-10	1119.963
2018-03-09	847.523
2018-03-08	737.98
2018-03-07	810.313
2018-03-06	828.831
2018-03-05	872.712
2018-03-04	872.712
2018-03-03	847.523
2018-03-02	548.525
2018-03-01	574.921
2018-02-28	804.178
2018-02-27	891.804
2018-02-26	828.831
2018-02-25	956.674
2018-02-24	891.804
2018-02-23	691.323
2018-02-22	618.217
2018-02-21	424.365
2018-02-20	338.984
2018-02-19	347.596
2018-02-18	351.935
2018-02-17	360.681
2018-02-16	387.45
2018-02-15	433.81
2018-02-14	522.644
2018-02-13	697.087
2018-02-12	879.057
2018-02-11	1071.24
2018-02-10	1369.21
2018-02-09	1721.906
2018-02-08	2623.672
2018-02-07	2653.716
2018-02-06	1606.068
2018-02-05	1806.68
2018-02-04	1606.068
2018-02-03	956.674
2018-02-02	596.407
2018-02-01	239.026
2018-01-31	176.218
2018-01-30	144.809
2018-01-29	141.809
2018-01-28	130.072
2018-01-27	169.733
2018-01-26	138.836
2018-01-25	130.072
2018-01-24	135.888
2018-01-23	163.349
2018-01-22	176.218
2018-01-21	179.499
2018-01-20	186.134
2018-01-19	192.869
2018-01-18	199.702
2018-01-17	199.702
2018-01-16	203.156
2018-01-15	213.663
2018-01-14	228.012
2018-01-13	239.026
2018-01-12	285.206
2018-01-11	369.516
2018-01-10	424.365
2018-01-09	517.53
2018-01-08	543.308
2018-01-07	462.66
2018-01-06	419.675
2018-01-05	378.439
2018-01-04	297.275
2018-01-03	334.711
2018-01-02	265.555
2018-01-01	224.389
2017-12-31	196.273
2017-12-30	189.489
2017-12-29	192.869
2017-12-28	179.499
2017-12-27	199.702
2017-12-26	206.634
2017-12-25	239.026
2017-12-24	220.789
2017-12-23	239.026
2017-12-22	301.343
2017-12-21	334.711
2017-12-20	326.233
2017-12-19	405.733
2017-12-18	477.372
2017-12-17	532.935
2017-12-16	569.601
2017-12-15	702.869
2017-12-14	924.003
2017-12-13	866.386
2017-12-12	891.804
2017-12-11	1023.417
2017-12-10	989.812
2017-12-09	1043.802
2017-12-08	1271.468
2017-12-07	1597.922
2017-12-06	1798.127
2017-12-05	1220.084
2017-12-04	1407.597
2017-12-03	791.968
2017-12-02	477.372
2017-12-01	360.681
2017-11-30	250.254
2017-11-29	277.276
2017-11-28	326.233
2017-11-27	467.543
2017-11-26	559.022
2017-11-25	548.525
2017-11-24	448.139
2017-11-23	265.555
2017-11-22	150.886
2017-11-21	132.967
2017-11-20	121.545
2017-11-19	160.195
2017-11-18	169.733
2017-11-17	160.195
2017-11-16	138.836
2017-11-15	144.809
2017-11-14	150.886
2017-11-13	153.964
2017-11-12	186.134
2017-11-11	182.804
2017-11-10	166.529
2017-11-09	160.195
2017-11-08	141.809
2017-11-07	107.871
2017-11-06	99.993
2017-11-05	94.88
2017-11-04	121.545
2017-11-03	132.967
2017-11-02	97.423
2017-11-01	107.871
2017-10-31	52.025
2017-10-30	60.159
2017-10-29	48.142
2017-10-28	38.989
2017-10-27	40.755
2017-10-26	40.755
2017-10-25	42.554
2017-10-24	44.385
2017-10-23	42.554
2017-10-22	48.142
2017-10-21	46.248
2017-10-20	50.068
2017-10-19	54.013
2017-10-18	68.777
2017-10-17	84.988
2017-10-16	87.418
2017-10-15	99.993
2017-10-14	97.423
2017-10-13	92.364
2017-10-12	118.757
2017-10-11	118.757
2017-10-10	73.264
2017-10-09	64.409
2017-10-08	75.551
2017-10-07	60.159
2017-10-06	75.551
2017-10-05	64.409
2017-10-04	68.777
2017-10-03	68.777
2017-10-02	66.578
2017-10-01	62.269
2017-09-30	56.031
2017-09-29	52.025
2017-09-28	48.142
2017-09-27	46.248
2017-09-26	54.013
2017-09-25	60.159
2017-09-24	64.409
2017-09-23	82.585
2017-09-22	56.031
2017-09-21	50.068
2017-09-20	54.013
2017-09-19	71.006
2017-09-18	58.08
2017-09-17	56.031
2017-09-16	71.006
2017-09-15	75.551
2017-09-14	73.264
2017-09-13	71.006
2017-09-12	60.159
2017-09-11	66.578
2017-09-10	73.264
2017-09-09	60.159
2017-09-08	56.031
2017-09-07	60.159
2017-09-06	73.264
2017-09-05	82.585
2017-09-04	87.418
2017-09-03	87.418
2017-09-02	97.423
2017-09-01	107.871
2017-08-31	107.871
2017-08-30	107.871
2017-08-29	110.552
2017-08-28	105.218
2017-08-27	89.877
2017-08-26	77.867
2017-08-25	89.877
2017-08-24	80.212
2017-08-23	73.264
2017-08-22	80.212
2017-08-21	87.418
2017-08-20	87.418
2017-08-19	87.418
2017-08-18	87.418
2017-08-17	87.418
2017-08-16	87.418
2017-08-15	118.757
2017-08-14	124.361
2017-08-13	118.757
2017-08-12	121.545
2017-08-11	118.757
2017-08-10	118.757
2017-08-09	118.757
2017-08-08	97.423
2017-08-07	89.877
2017-08-06	92.364
2017-08-05	92.364
2017-08-04	89.877
2017-08-03	89.877
2017-08-02	89.877
2017-08-01	89.877
2017-07-31	94.88
2017-07-30	113.26
2017-07-29	135.888
2017-07-28	138.836
2017-07-27	135.888
2017-07-26	141.809
2017-07-25	132.967
2017-07-24	138.836
2017-07-23	135.888
2017-07-22	135.888
2017-07-21	124.361
2017-07-20	107.871
2017-07-19	102.592
2017-07-18	110.552
2017-07-17	105.218
2017-07-16	105.218
2017-07-15	110.552
2017-07-14	107.871
2017-07-13	115.995
2017-07-12	118.757
2017-07-11	141.809
2017-07-10	144.809
2017-07-09	135.888
2017-07-08	141.809
2017-07-07	144.809
2017-07-06	141.809
2017-07-05	147.835
2017-07-04	150.886
2017-07-03	153.964
2017-07-02	144.809
2017-07-01	118.757
2017-06-30	107.871
2017-06-29	105.218
2017-06-28	102.592
2017-06-27	102.592
2017-06-26	113.26
2017-06-25	113.26
2017-06-24	130.072
2017-06-23	135.888
2017-06-22	150.886
2017-06-21	163.349
2017-06-20	176.218
2017-06-19	160.195
2017-06-18	163.349
2017-06-17	176.218
2017-06-16	163.349
2017-06-15	163.349
2017-06-14	157.066
2017-06-13	144.809
2017-06-12	157.066
2017-06-11	144.809
2017-06-10	172.963
2017-06-09	163.349
2017-06-08	163.349
2017-06-07	157.066
2017-06-06	176.218
2017-06-05	179.499
2017-06-04	176.218
2017-06-03	166.529
2017-06-02	163.349
2017-06-01	189.489
2017-05-31	203.156
2017-05-30	189.489
2017-05-29	210.136
2017-05-28	220.789
2017-05-27	246.488
2017-05-26	265.555
2017-05-25	269.439
2017-05-24	250.254
2017-05-23	186.134
2017-05-22	179.499
2017-05-21	182.804
2017-05-20	166.529
2017-05-19	172.963
2017-05-18	157.066
2017-05-17	147.835
2017-05-16	163.349
2017-05-15	163.349
2017-05-14	163.349
2017-05-13	166.529
2017-05-12	166.529
2017-05-11	166.529
2017-05-10	179.499
2017-05-09	182.804
2017-05-08	189.489
2017-05-07	192.869
2017-05-06	189.489
2017-05-05	192.869
2017-05-04	203.156
2017-05-03	228.012
2017-05-02	239.026
2017-05-01	269.439
2017-04-30	365.088
2017-04-29	192.869
2017-04-28	179.499
2017-04-27	172.963
2017-04-26	138.836
2017-04-25	135.888
2017-04-24	141.809
2017-04-23	141.809
2017-04-22	141.809
2017-04-21	150.886
2017-04-20	163.349
2017-04-19	172.963
2017-04-18	153.964
2017-04-17	176.218
2017-04-16	189.489
2017-04-15	179.499
2017-04-14	157.066
2017-04-13	153.964
2017-04-12	153.964
2017-04-11	163.349
2017-04-10	172.963
2017-04-09	169.733
2017-04-08	163.349
2017-04-07	182.804
2017-04-06	182.804
2017-04-05	186.134
2017-04-04	210.136
2017-04-03	228.012
2017-04-02	265.555
2017-04-01	297.275
2017-03-31	334.711
2017-03-30	265.555
2017-03-29	289.206
2017-03-28	217.214
2017-03-27	196.273
2017-03-26	213.663
2017-03-25	246.488
2017-03-24	228.012
2017-03-23	301.343
2017-03-22	433.81
2017-03-21	317.846
2017-03-20	224.389
2017-03-19	163.349
2017-03-18	135.888
2017-03-17	179.499
2017-03-16	189.489
2017-03-15	206.634
2017-03-14	199.702
2017-03-13	224.389
2017-03-12	273.346
2017-03-11	235.331
2017-03-10	206.634
2017-03-09	163.349
2017-03-08	163.349
2017-03-07	220.789
2017-03-06	242.745
2017-03-05	235.331
2017-03-04	206.634
2017-03-03	196.273
2017-03-02	213.663
2017-03-01	196.273
2017-02-28	160.195
2017-02-27	176.218
2017-02-26	179.499
2017-02-25	176.218
2017-02-24	192.869
2017-02-23	192.869
2017-02-22	196.273
2017-02-21	157.066
2017-02-20	254.044
2017-02-19	220.789
2017-02-18	235.331
2017-02-17	246.488
2017-02-16	277.276
2017-02-15	322.028
2017-02-14	373.966
2017-02-13	419.675
2017-02-12	527.779
2017-02-11	618.217
2017-02-10	657.162
2017-02-09	697.087
2017-02-08	472.447
2017-02-07	313.686
2017-02-06	257.858
2017-02-05	217.214
2017-02-04	169.733
2017-02-03	169.733
2017-02-02	169.733
2017-02-01	163.349
2017-01-31	172.963
2017-01-30	186.134
2017-01-29	182.804
2017-01-28	206.634
2017-01-27	206.634
2017-01-26	203.156
2017-01-25	196.273
2017-01-24	196.273
2017-01-23	285.206
2017-01-22	309.549
2017-01-21	317.846
2017-01-20	405.733
2017-01-19	512.437
2017-01-18	657.162
2017-01-17	618.217
2017-01-16	405.733
2017-01-15	289.206
2017-01-14	224.389
2017-01-13	217.214
2017-01-12	186.134
2017-01-11	192.869
2017-01-10	199.702
2017-01-09	199.702
2017-01-08	210.136
2017-01-07	210.136
2017-01-06	224.389
2017-01-05	220.789
2017-01-04	228.012
2017-01-03	239.026
2017-01-02	242.745
2017-01-01	269.439
2016-12-31	406.24
2016-12-30	427.228
2016-12-29	410.359
2016-12-28	497.3
2016-12-27	419.675
2016-12-26	508.645
2016-12-25	548.003
2016-12-24	630.323
2016-12-23	735.847
2016-12-22	792.489
2016-12-21	904.627
2016-12-20	1091.806
2016-12-19	1286.023
2016-12-18	1819.878
2016-12-17	2471.834
2016-12-16	2269.315
2016-12-15	1509.451
2016-12-14	1200.249
2016-12-13	1468.384
2016-12-12	956.674
2016-12-11	543.31
2016-12-10	576.512
2016-12-09	580.262
2016-12-08	1082.442
2016-12-07	950.102
2016-12-06	1272.667
2016-12-05	553.763
2016-12-04	1242.829
2016-12-03	1266.012
2016-12-02	559.022
2016-12-01	379.613
2016-11-30	263.594
2016-11-29	364.165
2016-11-28	371.699
2016-11-27	385.77
2016-11-26	422.024
2016-11-25	420.175
2016-11-24	397.48
2016-11-23	287.82
2016-11-22	264.21
2016-11-21	401.49
2016-11-20	438.838
2016-11-19	525.979
2016-11-18	761.009
2016-11-17	633.4
2016-11-16	207.979
2016-11-15	186.768
2016-11-14	147.369
2016-11-13	123.558
2016-11-12	127.74
2016-11-11	92.508
2016-11-10	114.388
2016-11-09	73.426
2016-11-08	69.859
2016-11-07	78.932
2016-11-06	100.72
2016-11-05	91.575
2016-11-04	100.72
2016-11-03	100.72
2016-11-02	103.884
2016-11-01	109.26
2016-10-31	103.635
2016-10-30	102.683
2016-10-29	98.913
2016-10-28	102.683
2016-10-27	100.79
2016-10-26	94.295
2016-10-25	86.246
2016-10-24	83.638
2016-10-23	83.638
2016-10-22	85.372
2016-10-21	89.781
2016-10-20	88.891
2016-10-19	90.676
2016-10-18	94.295
2016-10-17	94.295
2016-10-16	97.981
2016-10-15	101.734
2016-10-14	106.518
2016-10-13	113.39
2016-10-12	119.441
2016-10-11	131.987
2016-10-10	146.243
2016-10-09	162.365
2016-10-08	141.784
2016-10-07	121.491
2016-10-06	117.408
2016-10-05	110.42
2016-10-04	112.396
2016-10-03	118.423
2016-10-02	123.558
2016-10-01	131.987
2016-09-30	120.395
2016-09-29	120.395
2016-09-28	102.824
2016-09-27	120.395
2016-09-26	81.756
2016-09-25	73.426
2016-09-24	72.526
2016-09-23	64.667
2016-09-22	
2016-09-21	
2016-09-20	64.667
2016-09-19	64.667
2016-09-18	
2016-09-17	64.667
2016-09-16	68.107
2016-09-15	
2016-09-14	
2016-09-13	
2016-09-12	64.667
2016-09-11	64.667
2016-09-10	64.667
2016-09-09	64.667
2016-09-08	75.241
2016-09-07	71.632
2016-09-06	70.743
2016-09-05	78.932
2016-09-04	78.932
2016-09-03	78.932
2016-09-02	78.932
2016-09-01	78.932
2016-08-31	82.707
2016-08-30	82.707
2016-08-29	82.707
2016-08-28	82.707
2016-08-27	82.707
2016-08-26	100.72
2016-08-25	100.72
2016-08-24	101.769
2016-08-23	113.653
2016-08-22	113.653
2016-08-21	102.824
2016-08-20	78.932
2016-08-19	78.932
2016-08-18	78.932
2016-08-17	78.932
2016-08-16	78.932
2016-08-15	78.932
2016-08-14	78.932
2016-08-13	80.809
2016-08-12	78.932
2016-08-11	81.756
2016-08-10	94.53
2016-08-09	94.53
2016-08-08	82.707
2016-08-07	82.707
2016-08-06	82.707
2016-08-05	86.565
2016-08-04	86.565
2016-08-03	86.565
2016-08-02	86.565
2016-08-01	100.72
2016-07-31	100.72
2016-07-30	100.72
2016-07-29	109.26
2016-07-28	94.53
2016-07-27	113.653
2016-07-26	111.446
2016-07-25	120.395
2016-07-24	110.351
2016-07-23	102.824
2016-07-22	90.506
2016-07-21	86.565
2016-07-20	86.565
2016-07-19	82.707
2016-07-18	90.506
2016-07-17	90.506
2016-07-16	86.565
2016-07-15	90.506
2016-07-14	94.53
2016-07-13	94.53
2016-07-12	90.506
2016-07-11	94.53
2016-07-10	115.88
2016-07-09	124.991
2016-07-08	129.669
2016-07-07	129.669
2016-07-06	130.851
2016-07-05	134.427
2016-07-04	129.669
2016-07-03	127.32
2016-07-02	111.446
2016-07-01	121.536
2016-06-30	122.683
2016-06-29	120.395
2016-06-28	100.72
2016-06-27	100.72
2016-06-26	107.094
2016-06-25	94.53
2016-06-24	104.949
2016-06-23	100.72
2016-06-22	109.26
2016-06-21	109.26
2016-06-20	111.446
2016-06-19	102.824
2016-06-18	109.26
2016-06-17	111.446
2016-06-16	115.88
2016-06-15	118.127
2016-06-14	124.991
2016-06-13	124.991
2016-06-12	129.669
2016-06-11	165.991
2016-06-10	164.668
2016-06-09	174.031
2016-06-08	175.389
2016-06-07	256.022
2016-06-06	192.066
2016-06-05	134.427
2016-06-04	129.669
2016-06-03	124.991
2016-06-02	124.991
2016-06-01	123.835
2016-05-31	124.991
2016-05-30	139.266
2016-05-29	139.266
2016-05-28	139.266
2016-05-27	139.266
2016-05-26	139.266
2016-05-25	135.629
2016-05-24	134.427
2016-05-23	149.186
2016-05-22	134.427
2016-05-21	118.127
2016-05-20	136.837
2016-05-19	144.186
2016-05-18	132.038
2016-05-17	167.318
2016-05-16	144.186
2016-05-15	134.427
2016-05-14	132.038
2016-05-13	121.536
2016-05-12	139.266
2016-05-11	132.038
2016-05-10	139.266
2016-05-09	142.949
2016-05-08	154.267
2016-05-07	154.267
2016-05-06	167.318
2016-05-05	196.346
2016-05-04	193.488
2016-05-03	233.743
2016-05-02	272.52
2016-05-01	199.572
2016-04-30	158.843
2016-04-29	124.991
2016-04-28	123.835
2016-04-27	115.88
2016-04-26	117.001
2016-04-25	121.536
2016-04-24	123.835
2016-04-23	126.153
2016-04-22	118.127
2016-04-21	114.764
2016-04-20	114.764
2016-04-19	118.127
2016-04-18	119.259
2016-04-17	123.835
2016-04-16	121.536
2016-04-15	129.669
2016-04-14	138.049
2016-04-13	146.676
2016-04-12	146.676
2016-04-11	144.186
2016-04-10	144.186
2016-04-09	159.427
2016-04-08	159.427
2016-04-07	169.988
2016-04-06	172.678
2016-04-05	172.678
2016-04-04	167.318
2016-04-03	180.868
2016-04-02	175.389
2016-04-01	175.389
2016-03-31	233.743
2016-03-30	306.968
2016-03-29	269.181
2016-03-28	298.175
2016-03-27	203.58
2016-03-26	155.549
2016-03-25	240.01
2016-03-24	221.442
2016-03-23	215.409
2016-03-22	243.174
2016-03-21	274.196
2016-03-20	391.501
2016-03-19	337.764
2016-03-18	343.343
2016-03-17	343.343
2016-03-16	343.343
2016-03-15	282.651
2016-03-14	221.442
2016-03-13	209.455
2016-03-12	218.416
2016-03-11	230.638
2016-03-10	251.167
2016-03-09	272.52
2016-03-08	350.848
2016-03-07	343.343
2016-03-06	264.21
2016-03-05	352.736
2016-03-04	252.781
2016-03-03	233.743
2016-03-02	222.962
2016-03-01	206.508
2016-02-29	207.979
2016-02-28	238.436
2016-02-27	216.91
2016-02-26	189.237
2016-02-25	218.416
2016-02-24	260.92
2016-02-23	292.957
2016-02-22	274.196
2016-02-21	238.436
2016-02-20	233.743
2016-02-19	240.01
2016-02-18	252.781
2016-02-17	279.254
2016-02-16	343.343
2016-02-15	348.964
2016-02-14	286.067
2016-02-13	256.022
2016-02-12	265.862
2016-02-11	249.559
2016-02-10	289.502
2016-02-09	296.431
2016-02-08	292.957
2016-02-07	345.212
2016-02-06	335.914
2016-02-05	330.393
2016-02-04	389.517
2016-02-03	463.905
2016-02-02	553.704
2016-02-01	699.737
2016-01-31	777.391
2016-01-30	962.325
2016-01-29	788.404
2016-01-28	816.255
2016-01-27	911.391
2016-01-26	1281.251
2016-01-25	1810.662
2016-01-24	2107.454
2016-01-23	2844.679
2016-01-22	1270.491
2016-01-21	1726.793
2016-01-20	3415.629
2016-01-19	1678.13
2016-01-18	805.06
2016-01-17	379.671
2016-01-16	352.754
2016-01-15	289.502
2016-01-14	180.868
2016-01-13	149.186
2016-01-12	159.427
2016-01-11	158.13
2016-01-10	192.066
2016-01-09	298.175
2016-01-08	246.357
2016-01-07	264.21
2016-01-06	241.59
2016-01-05	269.181
2016-01-04	246.357
2016-01-03	244.763
2016-01-02	218.416
2016-01-01	246.357
2015-12-31	230.638
2015-12-30	252.781
2015-12-29	256.022
2015-12-28	299.924
2015-12-27	286.067
2015-12-26	455.337
2015-12-25	282.651
2015-12-24	272.52
2015-12-23	272.52
2015-12-22	265.862
2015-12-21	267.519
2015-12-20	282.651
2015-12-19	282.651
2015-12-18	403.501
2015-12-17	455.337
2015-12-16	453.207
2015-12-15	510.116
2015-12-14	553.704
2015-12-13	544.388
2015-12-12	546.71
2015-12-11	653.48
2015-12-10	676.422
2015-12-09	623.471
2015-12-08	697.128
2015-12-07	739.422
2015-12-06	608.717
2015-12-05	483.456
2015-12-04	463.905
2015-12-03	347.086
2015-12-02	267.519
2015-12-01	264.21
2015-11-30	159.427
2015-11-29	174.031
2015-11-28	183.638
2015-11-27	243.174
2015-11-26	277.564
2015-11-25	254.399
2015-11-24	213.913
2015-11-23	236.867
2015-11-22	286.067
2015-11-21	212.422
2015-11-20	189.237
2015-11-19	193.488
2015-11-18	104.949
2015-11-17	100.72
2015-11-16	92.508
2015-11-15	70.743
2015-11-14	78.002
2015-11-13	80.809
2015-11-12	83.664
2015-11-11	113.653
2015-11-10	134.427
2015-11-09	118.127
2015-11-08	472.547
2015-11-07	880.691
2015-11-06	86.565
2015-11-05	83.664
2015-11-04	77.076
2015-11-03	68.981
2015-11-02	85.593
2015-11-01	85.593
2015-10-31	85.593
2015-10-30	88.526
2015-10-29	66.377
2015-10-28	74.33
2015-10-27	64.667
2015-10-26	
2015-10-25	
2015-10-24	
2015-10-23	78.932
2015-10-22	66.377
2015-10-21	65.519
2015-10-20	64.667
2015-10-19	67.239
2015-10-18	67.239
2015-10-17	68.981
2015-10-16	68.107
2015-10-15	
2015-10-14	75.241
2015-10-13	74.33
2015-10-12	68.107
2015-10-11	66.377
2015-10-10	69.859
2015-10-09	71.632
2015-10-08	83.664
2015-10-07	83.664
2015-10-06	82.707
2015-10-05	83.664
2015-10-04	84.626
2015-10-03	84.626
2015-10-02	83.664
2015-10-01	83.664
2015-09-30	83.664
2015-09-29	84.626
2015-09-28	93.516
2015-09-27	82.707
2015-09-26	86.565
2015-09-25	98.636
2015-09-24	99.675
2015-09-23	108.175
2015-09-22	100.72
2015-09-21	111.446
2015-09-20	120.395
2015-09-19	121.536
2015-09-18	134.427
2015-09-17	151.717
2015-09-16	127.32
2015-09-15	158.13
2015-09-14	102.824
2015-09-13	103.884
2015-09-12	103.884
2015-09-11	100.72
2015-09-10	100.72
2015-09-09	102.824
2015-09-08	96.573
2015-09-07	85.593
2015-09-06	93.516
2015-09-05	94.53
2015-09-04	98.636
2015-09-03	94.53
2015-09-02	93.516
2015-09-01	94.53
2015-08-31	124.991
2015-08-30	91.505
2015-08-29	89.513
2015-08-28	89.513
2015-08-27	89.513
2015-08-26	88.526
2015-08-25	95.549
2015-08-24	88.526
2015-08-23	92.508
2015-08-22	107.094
2015-08-21	113.653
2015-08-20	107.094
2015-08-19	107.094
2015-08-18	104.949
2015-08-17	104.949
2015-08-16	104.949
2015-08-15	102.824
2015-08-14	104.949
2015-08-13	109.26
2015-08-12	100.72
2015-08-11	100.72
2015-08-10	100.72
2015-08-09	102.824
2015-08-08	106.019
2015-08-07	115.88
2015-08-06	119.259
2015-08-05	113.653
2015-08-04	98.636
2015-08-03	104.949
2015-08-02	109.26
2015-08-01	112.547
2015-07-31	113.653
2015-07-30	92.508
2015-07-29	92.508
2015-07-28	92.508
2015-07-27	94.53
2015-07-26	94.53
2015-07-25	96.573
2015-07-24	98.636
2015-07-23	100.72
2015-07-22	102.824
2015-07-21	99.85
2015-07-20	101.734
2015-07-19	103.635
2015-07-18	100.72
2015-07-17	96.573
2015-07-16	109.26
2015-07-15	111.446
2015-07-14	104.949
2015-07-13	109.26
2015-07-12	115.88
2015-07-11	115.88
2015-07-10	104.949
2015-07-09	102.824
2015-07-08	96.573
2015-07-07	109.26
2015-07-06	120.395
2015-07-05	120.395
2015-07-04	107.094
2015-07-03	120.395
2015-07-02	94.53
2015-07-01	104.949
2015-06-30	124.991
2015-06-29	115.88
2015-06-28	115.88
2015-06-27	115.88
2015-06-26	132.038
2015-06-25	141.716
2015-06-24	122.683
2015-06-23	129.669
2015-06-22	136.837
2015-06-21	124.991
2015-06-20	115.88
2015-06-19	132.038
2015-06-18	88.526
2015-06-17	252.781
2015-06-16	120.395
2015-06-15	122.683
2015-06-14	129.669
2015-06-13	132.038
2015-06-12	141.716
2015-06-11	154.267
2015-06-10	164.668
2015-06-09	159.427
2015-06-08	212.422
2015-06-07	252.781
2015-06-06	209.455
2015-06-05	203.58
2015-06-04	212.422
2015-06-03	192.066
2015-06-02	306.968
2015-06-01	265.862
2015-05-31	183.638
2015-05-30	149.186
2015-05-29	154.267
2015-05-28	100.72
2015-05-27	136.837
2015-05-26	164.668
2015-05-25	164.668
2015-05-24	180.868
2015-05-23	146.676
2015-05-22	164.668
2015-05-21	178.118
2015-05-20	183.638
2015-05-19	178.118
2015-05-18	156.837
2015-05-17	158.128
2015-05-16	162.841
2015-05-15	167.62
2015-05-14	177.372
2015-05-13	202.886
2015-05-12	231.409
2015-05-11	264.67
2015-05-10	281.319
2015-05-09	335.796
2015-05-08	298.446
2015-05-07	208.183
2015-05-06	171.246
2015-05-05	142.146
2015-05-04	142.146
2015-05-03	146.63
2015-05-02	146.63
2015-05-01	144.38
2015-04-30	146.63
2015-04-29	167.62
2015-04-28	193.773
2015-04-27	204.204
2015-04-26	216.248
2015-04-25	218.969
2015-04-24	191.205
2015-04-23	198.956
2015-04-22	139.929
2015-04-21	135.543
2015-04-20	146.63
2015-04-19	150.037
2015-04-18	154.636
2015-04-17	151.18
2015-04-16	153.48
2015-04-15	148.897
2015-04-14	164.03
2015-04-13	170.033
2015-04-12	171.246
2015-04-11	182.345
2015-04-10	181.096
2015-04-09	187.384
2015-04-08	196.356
2015-04-07	206.853
2015-04-06	242.739
2015-04-05	290.602
2015-04-04	329.151
2015-04-03	317.674
2015-04-02	212.197
2015-04-01	196.356
2015-03-31	204.204
2015-03-30	225.84
2015-03-29	261.694
2015-03-28	352.681
2015-03-27	479.761
2015-03-26	493.678
2015-03-25	272.178
2015-03-24	234.218
2015-03-23	187.384
2015-03-22	143.261
2015-03-21	148.897
2015-03-20	164.03
2015-03-19	177.372
2015-03-18	206.853
2015-03-17	224.458
2015-03-16	251.404
2015-03-15	298.446
2015-03-14	307.99
2015-03-13	257.26
2015-03-12	205.527
2015-03-11	193.773
2015-03-10	164.03
2015-03-09	162.841
2015-03-08	177.372
2015-03-07	209.517
2015-03-06	201.572
2015-03-05	189.927
2015-03-04	191.205
2015-03-03	192.487
2015-03-02	209.517
2015-03-01	168.824
2015-02-28	179.491
2015-02-27	159.427
2015-02-26	147.929
2015-02-25	145.429
2015-02-24	139.266
2015-02-23	135.629
2015-02-22	317.679
2015-02-21	391.501
2015-02-20	438.429
2015-02-19	474.72
2015-02-18	514.625
2015-02-17	537.449
2015-02-16	553.704
2015-02-15	563.095
2015-02-14	560.74
2015-02-13	556.045
2015-02-12	233.743
2015-02-11	205.041
2015-02-10	185.03
2015-02-09	178.118
2015-02-08	176.751
2015-02-07	179.491
2015-02-06	180.868
2015-02-05	156.837
2015-02-04	144.186
2015-02-03	128.492
2015-02-02	128.492
2015-02-01	130.851
2015-01-31	133.23
2015-01-30	128.492
2015-01-29	134.427
2015-01-28	136.837
2015-01-27	139.266
2015-01-26	139.266
2015-01-25	133.23
2015-01-24	127.32
2015-01-23	127.32
2015-01-22	120.395
2015-01-21	112.547
2015-01-20	107.094
2015-01-19	104.949
2015-01-18	104.949
2015-01-17	108.175
2015-01-16	108.175
2015-01-15	107.094
2015-01-14	111.446
2015-01-13	112.547
2015-01-12	133.23
2015-01-11	139.266
2015-01-10	140.489
2015-01-09	162.038
2015-01-08	174.031
2015-01-07	185.03
2015-01-06	189.237
2015-01-05	206.508
2015-01-04	221.442
2015-01-03	235.302
2015-01-02	244.763
2015-01-01	256.022
2014-12-31	194.575
2014-12-30	215.926
2014-12-29	249.91
2014-12-28	255.801
2014-12-27	261.757
2014-12-26	273.862
2014-12-25	280.011
2014-12-24	292.502
2014-12-23	280.011
2014-12-22	276.928
2014-12-21	292.502
2014-12-20	345.029
2014-12-19	416.405
2014-12-18	506.259
2014-12-17	560.691
2014-12-16	577.966
2014-12-15	365.777
2014-12-14	267.777
2014-12-13	267.777
2014-12-12	292.502
2014-12-11	338.24
2014-12-10	423.89
2014-12-09	535.244
2014-12-08	749.407
2014-12-07	486.023
2014-12-06	298.844
2014-12-05	345.029
2014-12-04	446.72
2014-12-03	617.736
2014-12-02	764.224
2014-12-01	997.167
2014-11-30	779.178
2014-11-29	331.514
2014-11-28	184.293
2014-11-27	179.251
2014-11-26	189.401
2014-11-25	174.275
2014-11-24	155.033
2014-11-23	145.81
2014-11-22	152.702
2014-11-21	169.365
2014-11-20	179.251
2014-11-19	232.625
2014-11-18	292.502
2014-11-17	338.24
2014-11-16	348.447
2014-11-15	238.322
2014-11-14	194.575
2014-11-13	181.764
2014-11-12	145.81
2014-11-11	109.607
2014-11-10	105.669
2014-11-09	107.63
2014-11-08	126.038
2014-11-07	128.168
2014-11-06	123.925
2014-11-05	128.168
2014-11-04	132.478
2014-11-03	136.855
2014-11-02	159.744
2014-11-01	179.251
2014-10-31	205.12
2014-10-30	205.12
2014-10-29	174.275
2014-10-28	119.75
2014-10-27	111.602
2014-10-26	107.63
2014-10-25	115.642
2014-10-24	132.478
2014-10-23	132.478
2014-10-22	132.478
2014-10-21	103.725
2014-10-20	96.121
2014-10-19	92.421
2014-10-18	92.421
2014-10-17	96.121
2014-10-16	101.798
2014-10-15	99.889
2014-10-14	103.725
2014-10-13	103.725
2014-10-12	105.669
2014-10-11	107.63
2014-10-10	111.602
2014-10-09	113.614
2014-10-08	115.642
2014-10-07	117.687
2014-10-06	119.75
2014-10-05	128.168
2014-10-04	130.314
2014-10-03	132.478
2014-10-02	126.038
2014-10-01	123.925
2014-09-30	119.75
2014-09-29	109.607
2014-09-28	105.669
2014-09-27	107.63
2014-09-26	115.642
2014-09-25	111.602
2014-09-24	115.642
2014-09-23	115.642
2014-09-22	119.75
2014-09-21	119.75
2014-09-20	117.687
2014-09-19	119.75
2014-09-18	115.642
2014-09-17	115.642
2014-09-16	117.687
2014-09-15	119.75
2014-09-14	121.829
2014-09-13	123.925
2014-09-12	128.168
2014-09-11	136.855
2014-09-10	136.855
2014-09-09	141.299
2014-09-08	141.299
2014-09-07	143.546
2014-09-06	143.546
2014-09-05	145.81
2014-09-04	150.388
2014-09-03	150.388
2014-09-02	141.299
2014-09-01	145.81
2014-08-31	145.81
2014-08-30	136.855
2014-08-29	132.478
2014-08-28	136.855
2014-08-27	139.069
2014-08-26	141.299
2014-08-25	141.299
2014-08-24	141.299
2014-08-23	143.546
2014-08-22	145.81
2014-08-21	145.81
2014-08-20	141.299
2014-08-19	139.069
2014-08-18	141.299
2014-08-17	141.299
2014-08-16	141.299
2014-08-15	141.299
2014-08-14	141.299
2014-08-13	141.299
2014-08-12	145.81
2014-08-11	145.81
2014-08-10	150.388
2014-08-09	155.033
2014-08-08	155.033
2014-08-07	152.702
2014-08-06	155.033
2014-08-05	162.124
2014-08-04	171.812
2014-08-03	179.251
2014-08-02	184.293
2014-08-01	194.575
2014-07-31	179.251
2014-07-30	186.839
2014-07-29	176.755
2014-07-28	164.521
2014-07-27	150.388
2014-07-26	148.091
2014-07-25	141.299
2014-07-24	145.81
2014-07-23	143.546
2014-07-22	145.81
2014-07-21	150.388
2014-07-20	155.033
2014-07-19	155.033
2014-07-18	155.033
2014-07-17	148.091
2014-07-16	155.033
2014-07-15	162.124
2014-07-14	159.744
2014-07-13	150.388
2014-07-12	150.388
2014-07-11	155.033
2014-07-10	157.38
2014-07-09	155.033
2014-07-08	155.033
2014-07-07	159.744
2014-07-06	159.744
2014-07-05	164.521
2014-07-04	164.521
2014-07-03	159.744
2014-07-02	159.744
2014-07-01	164.521
2014-06-30	164.521
2014-06-29	159.744
2014-06-28	159.744
2014-06-27	164.521
2014-06-26	164.521
2014-06-25	164.521
2014-06-24	164.521
2014-06-23	166.935
2014-06-22	166.935
2014-06-21	169.365
2014-06-20	169.365
2014-06-19	174.275
2014-06-18	174.275
2014-06-17	174.275
2014-06-16	174.275
2014-06-15	174.275
2014-06-14	176.755
2014-06-13	176.755
2014-06-12	176.755
2014-06-11	179.251
2014-06-10	179.251
2014-06-09	179.251
2014-06-08	186.839
2014-06-07	189.401
2014-06-06	189.401
2014-06-05	189.401
2014-06-04	186.839
2014-06-03	186.839
2014-06-02	194.575
2014-06-01	191.98
2014-05-31	199.814
2014-05-30	202.459
2014-05-29	189.401
2014-05-28	186.839
2014-05-27	184.293
2014-05-26	186.839
2014-05-25	189.401
2014-05-24	189.401
2014-05-23	186.839
2014-05-22	186.839
2014-05-21	184.293
2014-05-20	184.293
2014-05-19	189.401
2014-05-18	189.401
2014-05-17	191.98
2014-05-16	194.575
2014-05-15	197.187
2014-05-14	191.98
2014-05-13	189.401
2014-05-12	189.401
2014-05-11	194.575
2014-05-10	202.459
2014-05-09	205.12
2014-05-08	202.459
2014-05-07	205.12
2014-05-06	205.12
2014-05-05	210.49
2014-05-04	210.49
2014-05-03	221.427
2014-05-02	226.994
2014-05-01	226.994
2014-04-30	235.465
2014-04-29	238.322
2014-04-28	261.757
2014-04-27	264.759
2014-04-26	264.759
2014-04-25	252.847
2014-04-24	249.91
2014-04-23	270.811
2014-04-22	255.801
2014-04-21	252.847
2014-04-20	255.801
2014-04-19	261.757
2014-04-18	267.777
2014-04-17	267.777
2014-04-16	267.777
2014-04-15	261.757
2014-04-14	261.757
2014-04-13	255.801
2014-04-12	264.759
2014-04-11	273.862
2014-04-10	270.811
2014-04-09	286.224
2014-04-08	318.255
2014-04-07	372.82
2014-04-06	390.705
2014-04-05	431.437
2014-04-04	439.047
2014-04-03	270.811
2014-04-02	249.91
2014-04-01	261.757
2014-03-31	264.759
2014-03-30	267.777
2014-03-29	273.862
2014-03-28	328.176
2014-03-27	338.24
2014-03-26	331.514
2014-03-25	345.029
2014-03-24	379.927
2014-03-23	249.91
2014-03-22	232.625
2014-03-21	229.801
2014-03-20	229.801
2014-03-19	249.91
2014-03-18	264.759
2014-03-17	267.777
2014-03-16	270.811
2014-03-15	292.502
2014-03-14	331.514
2014-03-13	412.686
2014-03-12	526.885
2014-03-11	677.378
2014-03-10	640.368
2014-03-09	408.983
2014-03-08	252.847
2014-03-07	255.801
2014-03-06	258.771
2014-03-05	255.801
2014-03-04	249.91
2014-03-03	258.771
2014-03-02	244.083
2014-03-01	221.427
2014-02-28	215.926
2014-02-27	224.202
2014-02-26	232.625
2014-02-25	238.322
2014-02-24	249.91
2014-02-23	267.777
2014-02-22	292.502
2014-02-21	280.011
2014-02-20	286.224
2014-02-19	286.224
2014-02-18	244.083
2014-02-17	215.926
2014-02-16	210.49
2014-02-15	215.926
2014-02-14	215.926
2014-02-13	218.669
2014-02-12	221.427
2014-02-11	226.994
2014-02-10	232.625
2014-02-09	238.322
2014-02-08	246.988
2014-02-07	249.91
2014-02-06	255.801
2014-02-05	255.801
2014-02-04	255.801
2014-02-03	270.811
2014-02-02	273.862
2014-02-01	280.011
2014-01-31	292.502
2014-01-30	298.844
2014-01-29	324.853
2014-01-28	334.869
2014-01-27	372.82
2014-01-26	401.625
2014-01-25	446.72
2014-01-24	435.234
2014-01-23	408.983
2014-01-22	376.366
2014-01-21	405.296
2014-01-20	412.686
2014-01-19	379.927
2014-01-18	345.029
2014-01-17	351.882
2014-01-16	358.798
2014-01-15	369.291
2014-01-14	394.329
2014-01-13	405.296
2014-01-12	405.296
2014-01-11	423.89
2014-01-10	431.437
2014-01-09	427.655
2014-01-08	478.038
2014-01-07	470.115
2014-01-06	510.353
2014-01-05	560.691
2014-01-04	586.696
2014-01-03	649.529
2014-01-02	715.367
2014-01-01	809.495
2013-12-31	871.762
2013-12-30	963.688
2013-12-29	1190.905
2013-12-28	1440.649
2013-12-27	1619.537
2013-12-26	1619.537
2013-12-25	1913.936
2013-12-24	1929.263
2013-12-23	1577.38
2013-12-22	1031.186
2013-12-21	835.175
2013-12-20	691.51
2013-12-19	759.27
2013-12-18	789.223
2013-12-17	774.178
2013-12-16	845.553
2013-12-15	1148.457
2013-12-14	1598.393
2013-12-13	1394.176
2013-12-12	903.71
2013-12-11	631.269
2013-12-10	686.784
2013-12-09	640.368
2013-12-08	672.698
2013-12-07	835.175
2013-12-06	820.003
2013-12-05	845.275
2013-12-04	693.873
2013-12-03	686.738
2013-12-02	609.736
2013-12-01	549.036
2013-11-30	448.255
2013-11-29	295.995
2013-11-28	265.035
2013-11-27	220.81
2013-11-26	199.225
2013-11-25	188.181
2013-11-24	205.774
2013-11-23	203.094
2013-11-22	249.559
2013-11-21	229.736
2013-11-20	234.912
2013-11-19	241.063
2013-11-18	233.483
2013-11-17	319.481
2013-11-16	324.764
2013-11-15	310.519
2013-11-14	325.977
2013-11-13	482.725
2013-11-12	556.045
2013-11-11	535.913
2013-11-10	569.594
2013-11-09	268.211
2013-11-08	251.839
2013-11-07	207.979
2013-11-06	177.434
2013-11-05	181.789
2013-11-04	191.947
2013-11-03	241.063
2013-11-02	259.282
2013-11-01	253.859
2013-10-31	246.357
2013-10-30	238.96
2013-10-29	233.224
2013-10-28	236.867
2013-10-27	233.224
2013-10-26	228.066
2013-10-25	219.17
2013-10-24	252.781
2013-10-23	293.823
2013-10-22	216.284
2013-10-21	193.488
2013-10-20	171.039
2013-10-19	170.212
2013-10-18	169.43
2013-10-17	170.771
2013-10-16	162.584
2013-10-15	195.63
2013-10-14	219.044
2013-10-13	229.865
2013-10-12	266.138
2013-10-11	276.018
2013-10-10	281.092
2013-10-09	312.599
2013-10-08	320.383
2013-10-07	302.41
2013-10-06	253.724
2013-10-05	228.066
2013-10-04	201.034
2013-10-03	184.449
2013-10-02	178.575
2013-10-01	182.597
2013-09-30	173.354
2013-09-29	135.83
2013-09-28	148.243
2013-09-27	155.442
2013-09-26	162.584
2013-09-25	160.73
2013-09-24	164.998
2013-09-23	160.404
2013-09-22	155.228
2013-09-21	154.694
2013-09-20	159.753
2013-09-19	161.165
2013-09-18	158.886
2013-09-17	152.989
2013-09-16	161.057
2013-09-15	158.454
2013-09-14	155.978
2013-09-13	159.427
2013-09-12	164.668
2013-09-11	167.762
2013-09-10	164.778
2013-09-09	162.912
2013-09-08	160.078
2013-09-07	153.095
2013-09-06	152.034
2013-09-05	154.48
2013-09-04	162.584
2013-09-03	132.633
2013-09-02	129.767
2013-09-01	129.669
2013-08-31	137.442
2013-08-30	141.306
2013-08-29	140.591
2013-08-28	159.319
2013-08-27	134.727
2013-08-26	143.051
2013-08-25	143.98
2013-08-24	150.976
2013-08-23	171.443
2013-08-22	169.096
2013-08-21	169.988
2013-08-20	174.596
2013-08-19	170.995
2013-08-18	171.555
2013-08-17	164.118
2013-08-16	169.208
2013-08-15	183.059
2013-08-14	177.092
2013-08-13	175.615
2013-08-12	181.789
2013-08-11	181.674
2013-08-10	185.379
2013-08-09	187.829
2013-08-08	185.844
2013-08-07	182.481
2013-08-06	181.213
2013-08-05	185.844
2013-08-04	184.333
2013-08-03	187.245
2013-08-02	183.87
2013-08-01	169.654
2013-07-31	179.72
2013-07-30	195.988
2013-07-29	213.54
2013-07-28	190.531
2013-07-27	204.066
2013-07-26	196.825
2013-07-25	199.827
2013-07-24	193.606
2013-07-23	205.896
2013-07-22	219.926
2013-07-21	204.31
2013-07-20	201.034
2013-07-19	226.657
2013-07-18	210.195
2013-07-17	212.67
2013-07-16	205.774
2013-07-15	204.553
2013-07-14	209.578
2013-07-13	200.792
2013-07-12	196.346
2013-07-11	224.36
2013-07-10	229.093
2013-07-09	231.412
2013-07-08	243.306
2013-07-07	227.041
2013-07-06	235.172
2013-07-05	255.074
2013-07-04	233.872
2013-07-03	218.416
2013-07-02	227.681
2013-07-01	277.001
2013-06-30	222.582
2013-06-29	265.035
2013-06-28	259.01
2013-06-27	271.683
2013-06-26	268.211
2013-06-25	255.48
2013-06-24	255.751
2013-06-23	263.935
2013-06-22	281.658
2013-06-21	272.938
2013-06-20	235.172
2013-06-19	244.1
2013-06-18	279.537
2013-06-17	275.176
2013-06-16	277.704
2013-06-15	281.8
2013-06-14	290.795
2013-06-13	267.243
2013-06-12	331.004
2013-06-11	324.461
2013-06-10	342.72
2013-06-09	422.851
2013-06-08	450.551
2013-06-07	438.429
2013-06-06	437.382
2013-06-05	367.531
2013-06-04	352.578
2013-06-03	369.622
2013-06-02	446.493
2013-06-01	455.515
2013-05-31	428.014
2013-05-30	381.467
2013-05-29	374.631
2013-05-28	348.964
2013-05-27	296.721
2013-05-26	411.597
2013-05-25	386.058
2013-05-24	312.599
2013-05-23	272.241
2013-05-22	268.627
2013-05-21	258.193
2013-05-20	250.362
2013-05-19	272.519
2013-05-18	271.683
2013-05-17	247.822
2013-05-16	265.449
2013-05-15	270.848
2013-05-14	268.349
2013-05-13	276.86
2013-05-12	305.641
2013-05-11	287.782
2013-05-10	267.104
2013-05-09	291.803
2013-05-08	314.238
2013-05-07	312.599
2013-05-06	329.782
2013-05-05	336.222
2013-05-04	344.9
2013-05-03	301.97
2013-05-02	340.858
2013-05-01	327.801
2013-04-30	352.736
2013-04-29	304.905
2013-04-28	353.208
2013-04-27	333.455
2013-04-26	338.227
2013-04-25	360.973
2013-04-24	400.318
2013-04-23	418.913
2013-04-22	443.68
2013-04-21	456.048
2013-04-20	488.955
2013-04-19	591.312
2013-04-18	613.003
2013-04-17	631.533
2013-04-16	728.294
2013-04-15	765.316
2013-04-14	786.793
2013-04-13	903.029
2013-04-12	1052.748
2013-04-11	980.869
2013-04-10	940.944
2013-04-09	642.149
2013-04-08	516.509
2013-04-07	460.683
2013-04-06	476.171
2013-04-05	483.639
2013-04-04	567.818
2013-04-03	605.461
2013-04-02	638.601
2013-04-01	795.093
2013-03-31	716.367
2013-03-30	771.228
2013-03-29	835.785
2013-03-28	611.777
2013-03-27	517.83
2013-03-26	547.485
2013-03-25	460.147
2013-03-24	440.176
2013-03-23	424.569
2013-03-22	413.123
2013-03-21	463.546
2013-03-20	430.261
2013-03-19	441.576
2013-03-18	505.439
2013-03-17	583.897
2013-03-16	591.111
2013-03-15	516.698
2013-03-14	481.265
2013-03-13	380.324
2013-03-12	375.604
2013-03-11	387.539
2013-03-10	403.333
2013-03-09	442.452
2013-03-08	438.08
2013-03-07	470.199
2013-03-06	567.818
2013-03-05	714.608
2013-03-04	734.961
2013-03-03	610.552
2013-03-02	449.491
2013-03-01	376.253
2013-02-28	325.37
2013-02-27	320.082
2013-02-26	302.703
2013-02-25	339.0
2013-02-24	323.855
2013-02-23	342.72
2013-02-22	337.147
2013-02-21	338.227
2013-02-20	353.839
2013-02-19	385.565
2013-02-18	431.299
2013-02-17	420.281
2013-02-16	463.044
2013-02-15	437.382
2013-02-14	505.439
2013-02-13	568.41
2013-02-12	651.164
2013-02-11	740.315
2013-02-10	888.361
2013-02-09	1039.596
2013-02-08	1340.636
2013-02-07	958.031
2013-02-06	975.263
2013-02-05	1095.357
2013-02-04	1160.486
2013-02-03	1345.963
2013-02-02	1623.017
2013-02-01	1532.988
2013-01-31	1632.088
2013-01-30	1367.072
2013-01-29	1055.652
2013-01-28	686.307
2013-01-27	556.631
2013-01-26	588.501
2013-01-25	664.479
2013-01-24	799.258
2013-01-23	1035.666
2013-01-22	1021.835
2013-01-21	958.536
2013-01-20	824.934
2013-01-19	654.112
2013-01-18	416.183
2013-01-17	409.566
2013-01-16	519.72
2013-01-15	539.757
2013-01-14	348.337
2013-01-13	259.419
2013-01-12	230.896
2013-01-11	217.662
2013-01-10	218.29
2013-01-09	220.229
2013-01-08	306.702
2013-01-07	396.414
2013-01-06	316.6
2013-01-05	304.744
2013-01-04	342.814
2013-01-03	324.34
2013-01-02	360.702
2013-01-01	383.563
