dataHora	chuva	nivel	vazao
2016-08-01	0.0	14.0	4.0
2016-08-02	0.0	14.0	4.0
2016-08-03	0.0	13.458333333333334	4.0
2016-08-04	0.0	13.0	4.0
2016-08-05	0.0	13.0	4.0
2016-08-06	0.0	12.583333333333334	4.0
2016-08-07	0.0	12.0	4.0
2016-08-08	0.0	12.0	4.0
2016-08-09	0.0	12.0	4.0
2016-08-10	0.0	12.0	4.0
2016-08-11	0.0	11.458333333333334	4.0
2016-08-12	0.0	11.0	4.0
2016-08-13	0.0	11.0	4.0
2016-08-14	0.0	11.0	4.0
2016-08-15	0.0	11.0	4.0
2016-08-16	0.0	11.375	4.0
2016-08-17	0.0	20.291666666666668	4.0
2016-08-18	0.0	14.833333333333334	4.0
2016-08-19	0.0	13.0	4.0
2016-08-20	0.0	13.0	4.0
2016-08-21	0.0	13.125	4.0
2016-08-22	0.0	27.083333333333332	4.666666666666667
2016-08-23	0.0	22.333333333333332	4.375
2016-08-24	0.0	15.041666666666666	4.0
2016-08-25	0.0	13.0	4.0
2016-08-26	0.0	12.916666666666666	4.0
2016-08-27	0.0	17.291666666666668	4.5
2016-08-28	0.0	12.0	4.0
2016-08-29	0.0	12.0	4.0
2016-08-30	0.0	12.0	4.0
2016-08-31	0.0	12.0	4.0
2016-09-01	0.0	11.416666666666666	4.0
2016-09-02	0.0	11.0	4.0
2016-09-03	0.0	11.0	4.0
2016-09-04	0.0	11.0	4.0
2016-09-05	0.0	11.0	4.0
2016-09-06	0.0	11.0	4.0
2016-09-07	0.0	11.0	4.0
2016-09-08	0.0	10.791666666666666	4.0
2016-09-09	0.0	10.0	4.0
2016-09-10	0.0	10.0	4.0
2016-09-11	0.0	10.0	4.0
2016-09-12	0.0	10.0	4.0
2016-09-13	0.0	10.0	4.0
2016-09-14	0.0	10.0	4.0
2016-09-15	0.0	10.0	4.0
2016-09-16	0.0	10.0	4.0
2016-09-17	0.0	9.041666666666666	4.0
2016-09-18	0.0	9.0	4.0
2016-09-19	0.0	9.0	4.0
2016-09-20	0.0	9.0	4.0
2016-09-21	0.0	9.0	4.0
2016-09-22	0.0	9.0	4.0
2016-09-23	0.0	9.0	4.0
2016-09-24	0.0	8.916666666666666	3.9166666666666665
2016-09-25	0.0	8.0	3.0
2016-09-26	0.0	8.0	3.0
2016-09-27	0.0	8.0	3.0
2016-09-28	0.0	8.0	3.0
2016-09-29	0.0	8.0	3.0
2016-09-30	0.0	7.916666666666667	3.0
2016-10-01	0.0	7.0	3.0
2016-10-02	0.0	7.0	3.0
2016-10-03	0.0	7.0	3.0
2016-10-04	0.0	29.958333333333332	5.041666666666667
2016-10-05	0.0	30.958333333333332	5.083333333333333
2016-10-06	0.0	14.166666666666666	4.0
2016-10-07	0.0	12.0	4.0
2016-10-08	0.0	12.0	4.0
2016-10-09	0.0	12.0	4.0
2016-10-10	0.0	11.208333333333334	4.0
2016-10-11	0.0	11.0	4.0
2016-10-12	0.0	11.0	4.0
2016-10-13	0.0	11.0	4.0
2016-10-14	0.0	12.25	4.041666666666667
2016-10-15	0.0	34.291666666666664	5.458333333333333
2016-10-16	0.0	18.391304347826086	4.086956521739131
2016-10-17	0.0	12.75	4.0
2016-10-18	0.0	12.0	4.0
2016-10-19	0.0	20.625	4.5
2016-10-20	0.0	23.041666666666668	4.541666666666667
2016-10-21	0.0	12.0	4.0
2016-10-22	0.0	21.75	4.291666666666667
2016-10-23	0.0	79.04166666666667	10.333333333333334
2016-10-24	0.0	95.95833333333333	11.958333333333334
2016-10-25	0.0	41.916666666666664	5.916666666666667
2016-10-26	0.0	24.75	4.5
2016-10-27	0.0	19.75	4.0
2016-10-28	0.0	14.708333333333334	4.0
2016-10-29	0.0	14.0	4.0
2016-10-30	0.0	13.375	4.0
2016-10-31	0.0	13.0	4.0
2016-11-01	0.0	13.0	4.0
2016-11-02	0.0	14.166666666666666	4.0
2016-11-03	0.0	15.416666666666666	4.0
2016-11-04	0.0	13.0	4.0
2016-11-05	0.0	13.0	4.0
2016-11-06	0.0	21.166666666666668	4.5
2016-11-07	0.0	44.25	6.333333333333333
2016-11-08	0.0	39.375	5.833333333333333
2016-11-09	0.0	17.125	4.083333333333333
2016-11-10	0.0	14.666666666666666	4.0
2016-11-11	0.0	14.041666666666666	4.0
2016-11-12	0.0	15.666666666666666	4.0
2016-11-13	0.0	33.625	5.541666666666667
2016-11-14	0.0	93.16666666666667	11.958333333333334
2016-11-15	0.0	262.1666666666667	51.25
2016-11-16	0.0	120.0	16.333333333333332
2016-11-17	0.0	64.875	8.0
2016-11-18	0.0	45.125	6.083333333333333
2016-11-19	0.0	44.791666666666664	6.333333333333333
2016-11-20	0.0	41.416666666666664	5.916666666666667
2016-11-21	0.0	31.208333333333332	5.0
2016-11-22	0.0	27.5	5.0
2016-11-23	0.0	26.5	5.0
2016-11-24	0.0	26.391304347826086	5.0
2016-11-25	0.0	24.375	4.791666666666667
2016-11-26	0.0	21.541666666666668	4.0
2016-11-27	0.0	19.333333333333332	4.0
2016-11-28	0.0	19.291666666666668	4.083333333333333
2016-11-29	0.0	43.958333333333336	6.083333333333333
2016-11-30	0.0	52.041666666666664	7.0
2016-12-01	0.0	28.791666666666668	5.041666666666667
2016-12-02	0.0	20.625	4.0
2016-12-03	0.0	18.208333333333332	4.0
2016-12-04	0.0	47.583333333333336	6.625
2016-12-05	0.0	43.708333333333336	6.125
2016-12-06	0.0	30.666666666666668	4.958333333333333
2016-12-07	0.0	15.583333333333334	4.0
2016-12-08	0.0	11.458333333333334	4.0
2016-12-09	0.0	29.458333333333332	5.083333333333333
2016-12-10	0.0	42.291666666666664	6.125
2016-12-11	0.0	77.70833333333333	9.666666666666666
2016-12-12	0.0	46.458333333333336	6.458333333333333
2016-12-13	0.0	40.041666666666664	5.875
2016-12-14	0.0	42.5	6.041666666666667
2016-12-15	0.0	24.083333333333332	4.541666666666667
2016-12-16	0.0	26.0	4.583333333333333
2016-12-17	0.0	16.416666666666668	4.0
2016-12-18	0.0	11.791666666666666	4.0
2016-12-19	0.0	9.166666666666666	3.7916666666666665
2016-12-20	0.0	9.458333333333334	3.4782608695652173
2016-12-21	0.0	12.125	3.8333333333333335
2016-12-22	0.0	6.833333333333333	3.0833333333333335
2016-12-23	0.0	4.583333333333333	3.0
2016-12-24	0.0	4.25	3.0
2016-12-25	0.0	4.0	3.0
2016-12-26	0.0	5.125	3.0833333333333335
2016-12-27	0.0	20.083333333333332	4.375
2016-12-28	0.0	5.458333333333333	3.0833333333333335
2016-12-29	0.0	15.875	4.041666666666667
2016-12-30	0.0	4.666666666666667	3.0
2016-12-31	0.0	4.0	3.0
2017-01-01	0.0	4.0	3.0
2017-01-02	0.0	4.0	3.0
2017-01-03	0.0	10.333333333333334	3.7083333333333335
2017-01-04	0.0	5.458333333333333	3.125
2017-01-05	0.0	16.791666666666668	4.166666666666667
2017-01-06	0.0	6.458333333333333	3.0
2017-01-07	0.0	3.1666666666666665	3.0
2017-01-08	0.0	5.333333333333333	3.1666666666666665
2017-01-09	0.0	21.625	4.375
2017-01-10	0.0	8.791666666666666	3.4166666666666665
2017-01-11	0.0	20.208333333333332	4.458333333333333
2017-01-12	0.0	23.041666666666668	4.416666666666667
2017-01-13	0.0	14.458333333333334	4.0
2017-01-14	0.0	9.916666666666666	3.5833333333333335
2017-01-15	0.0	17.375	4.0
2017-01-16	0.0	39.791666666666664	5.625
2017-01-17	0.0	36.041666666666664	5.416666666666667
2017-01-18	0.0	71.25	8.875
2017-01-19	0.0	133.29166666666666	20.208333333333332
2017-01-20	0.0	99.79166666666667	12.625
2017-01-21	0.0	163.125	24.0
2017-01-22	0.0	79.5	9.708333333333334
2017-01-23	0.0	137.125	18.458333333333332
2017-01-24	0.0	99.58333333333333	12.333333333333334
2017-01-25	0.0	133.04166666666666	18.125
2017-01-26	0.0	90.5	11.25
2017-01-27	0.0	163.41666666666666	23.916666666666668
2017-01-28	0.0	135.625	18.625
2017-01-29	0.0	90.875	11.375
2017-01-30	0.0	58.75	7.5
2017-01-31	0.0	49.125	6.541666666666667
2017-02-01	0.0	41.833333333333336	6.0
2017-02-02	0.0	43.583333333333336	6.0
2017-02-03	0.0	53.833333333333336	6.958333333333333
2017-02-04	0.0	86.41666666666667	10.708333333333334
2017-02-05	0.0	58.375	7.5
2017-02-06	0.0	71.95833333333333	9.083333333333334
2017-02-07	0.0	119.16666666666667	15.75
2017-02-08	0.0	74.25	9.166666666666666
2017-02-09	0.0	63.375	8.0
2017-02-10	0.0	50.666666666666664	6.708333333333333
2017-02-11	0.0	38.791666666666664	5.875
2017-02-12	0.0	33.541666666666664	5.0
2017-02-13	0.0	30.041666666666668	5.0
2017-02-14	0.0	26.916666666666668	5.0
2017-02-15	0.0	23.833333333333332	4.541666666666667
2017-02-16	0.0	22.166666666666668	4.0
2017-02-17	0.0	20.333333333333332	4.0
2017-02-18	0.0	18.458333333333332	4.0
2017-02-19	0.0	17.625	4.0
2017-02-20	0.0	20.0	4.0
2017-02-21	0.0	15.5	4.0
2017-02-22	0.0	12.666666666666666	4.0
2017-02-23	0.0	11.333333333333334	4.0
2017-02-24	0.0	10.0	4.0
2017-02-25	0.0	17.541666666666668	4.166666666666667
2017-02-26	0.0	22.416666666666668	4.291666666666667
2017-02-27	0.0	32.25	5.333333333333333
2017-02-28	0.0	27.208333333333332	5.0
2017-03-01	0.0	23.291666666666668	4.208333333333333
2017-03-02	0.0	66.58333333333333	8.541666666666666
2017-03-03	0.0	56.458333333333336	7.416666666666667
2017-03-04	0.0	84.45833333333333	11.25
2017-03-05	0.0	109.5	13.916666666666666
2017-03-06	0.0	76.29166666666667	9.458333333333334
2017-03-07	0.0	48.708333333333336	6.541666666666667
2017-03-08	0.0	35.166666666666664	5.333333333333333
2017-03-09	0.0	28.5	5.0
2017-03-10	0.0	25.875	5.0
2017-03-11	0.0	21.958333333333332	4.208333333333333
2017-03-12	0.0	18.083333333333332	4.0
2017-03-13	0.0	15.291666666666666	4.0
2017-03-14	0.0	13.125	4.0
2017-03-15	0.0	34.0	5.375
2017-03-16	0.0	25.791666666666668	4.625
2017-03-17	0.0	16.166666666666668	4.0
2017-03-18	0.0	15.75	4.125
2017-03-19	0.0	94.75	12.208333333333334
2017-03-20	0.0	95.54166666666667	12.041666666666666
2017-03-21	0.0	53.916666666666664	7.083333333333333
2017-03-22	0.0	33.0	5.25
2017-03-23	0.0	24.583333333333332	4.666666666666667
2017-03-24	0.0	19.958333333333332	4.0
2017-03-25	0.0	17.0	4.0
2017-03-26	0.0	15.0	4.0
2017-03-27	0.0	13.166666666666666	4.0
2017-03-28	0.0	16.5	4.0
2017-03-29	0.0	17.541666666666668	4.0
2017-03-30	0.0	12.916666666666666	4.0
2017-03-31	0.0	10.458333333333334	4.0
2017-04-01	0.0	8.583333333333334	3.5833333333333335
2017-04-02	0.0	7.166666666666667	3.0
2017-04-03	0.0	5.833333333333333	3.0
2017-04-04	0.0	5.166666666666667	3.0
2017-04-05	0.0	4.0	3.0
2017-04-06	0.0	3.7083333333333335	3.0
2017-04-07	0.0	11.208333333333334	3.5
2017-04-08	0.0	12.291666666666666	4.0
2017-04-09	0.0	18.583333333333332	4.083333333333333
2017-04-10	0.0	14.625	4.0
2017-04-11	0.0	8.875	3.5833333333333335
2017-04-12	0.0	6.291666666666667	3.0
2017-04-13	0.0	30.916666666666668	5.125
2017-04-14	0.0	11.708333333333334	3.75
2017-04-15	0.0	5.666666666666667	3.0
2017-04-16	0.0	3.5833333333333335	3.0
2017-04-17	0.0	3.0	3.0
2017-04-18	0.0	3.3333333333333335	3.0
2017-04-19	0.0	4.458333333333333	3.0
2017-04-20	0.0	3.0	3.0
2017-04-21	0.0	3.0	3.0
2017-04-22	0.0	3.0	3.0
2017-04-23	0.0	3.0833333333333335	3.0
2017-04-24	0.0	3.0	3.0
2017-04-25	0.0	3.0	3.0
2017-04-26	0.0	3.0	3.0
2017-04-27	0.0	3.0	3.0
2017-04-28	0.0	10.125	3.6666666666666665
2017-04-29	0.0	35.0	5.375
2017-04-30	0.0	41.458333333333336	6.083333333333333
2017-05-01	0.0	12.541666666666666	3.9583333333333335
2017-05-02	0.0	6.083333333333333	3.0
2017-05-03	0.0	3.2916666666666665	3.0
2017-05-04	0.0	6.541666666666667	3.25
2017-05-05	0.0	5.958333333333333	3.2083333333333335
2017-05-06	0.0	3.0	3.0
2017-05-07	0.0	3.0	3.0
2017-05-08	0.0	3.0	3.0
2017-05-09	0.0	3.0	3.0
2017-05-10	0.0	3.0	3.0
2017-05-11	0.0	3.0	3.0
2017-05-12	0.0	3.0	3.0
2017-05-13	0.0	3.0	3.0
2017-05-14	0.0	3.0	3.0
2017-05-15	0.0	2.8333333333333335	3.0
2017-05-16	0.0	2.0	3.0
2017-05-17	0.0	2.0	3.0
2017-05-18	0.0	2.0	3.0
2017-05-19	0.0	12.666666666666666	3.75
2017-05-20	0.0	128.5	19.041666666666668
2017-05-21	0.0	79.83333333333333	10.375
2017-05-22	0.0	31.5	5.125
2017-05-23	0.0	34.333333333333336	5.416666666666667
2017-05-24	0.0	18.708333333333332	4.083333333333333
2017-05-25	0.0	11.75	4.0
2017-05-26	0.0	8.125	3.375
2017-05-27	0.0	5.666666666666667	3.0
2017-05-28	0.0	4.0	3.0
2017-05-29	0.0	3.0	3.0
2017-05-30	0.0	3.0	3.0
2017-05-31	0.0	3.0	3.0
2017-06-01	0.0	3.0	3.0
2017-06-02	0.0	3.0	3.0
2017-06-03	0.0	3.0	3.0
2017-06-04	0.0	3.0	3.0
2017-06-05	0.0	3.0	3.0
2017-06-06	0.0	2.5833333333333335	3.0
2017-06-07	0.0	2.0	3.0
2017-06-08	0.0	2.0	3.0
2017-06-09	0.0	2.0	3.0
2017-06-10	0.0	2.0	3.0
2017-06-11	0.0	2.0	3.0
2017-06-12	0.0	2.0	3.0
2017-06-13	0.0	2.0	3.0
2017-06-14	0.0	6.5	3.2916666666666665
2017-06-15	0.0	12.5	3.7083333333333335
2017-06-16	0.0	3.1666666666666665	3.0
2017-06-17	0.0	3.0	3.0
2017-06-18	0.0	3.0	3.0
2017-06-19	0.0	3.0	3.0
2017-06-20	0.0	2.2916666666666665	3.0
2017-06-21	0.0	2.0	3.0
2017-06-22	0.0	2.0	3.0
2017-06-23	0.0	2.0	3.0
2017-06-24	0.0	2.0	3.0
2017-06-25	0.0	2.0	3.0
2017-06-26	0.0	2.0	3.0
2017-06-27	0.0	2.0	3.0
2017-06-28	0.0	2.0	3.0
2017-06-29	0.0	2.0	3.0
2017-06-30	0.0	2.0	3.0
2017-07-01	0.0	2.0	3.0
2017-07-02	0.0	1.0833333333333333	3.0
2017-07-03	0.0	1.0	3.0
2017-07-04	0.0	1.0	3.0
2017-07-05	0.0	1.0	3.0
2017-07-06	0.0	1.0	3.0
2017-07-07	0.0	1.0	3.0
2017-07-08	0.0	1.0	3.0
2017-07-09	0.0	1.0	3.0
2017-07-10	0.0	0.5	3.0
2017-07-11	0.0	0.0	3.0
2017-07-12	0.0	0.0	3.0
2017-07-13	0.0	0.0	3.0
2017-07-14	0.0	0.0	3.0
2017-07-15	0.0	0.0	3.0
2017-07-16	0.0	0.0	3.0
2017-07-17	0.0	0.0	3.0
2017-07-18	0.0	0.0	3.0
2017-07-19	0.0	0.0	3.0
2017-07-20	0.0	0.0	3.0
2017-07-21	0.0	-0.2916666666666667	3.0
2017-07-22	0.0	-1.0	3.0
2017-07-23	0.0	-1.0	3.0
2017-07-24	0.0	-1.0	3.0
2017-07-25	0.0	-1.0	3.0
2017-07-26	0.0	-1.0	3.0
2017-07-27	0.0	-1.0	3.0
2017-07-28	0.0	-1.0	3.0
2017-07-29	0.0	-1.0	3.0
2017-07-30	0.0	-1.0	3.0
2017-07-31	0.0	-1.0	3.0
2017-08-01	0.0	-1.0	3.0
2017-08-02	0.0	-1.0	3.0
2017-08-03	0.0	-1.0	3.0
2017-08-04	0.0	-1.0	3.0
2017-08-05	0.0	-1.0	3.0
2017-08-06	0.0	-1.0	3.0
2017-08-07	0.0	-1.0	3.0
2017-08-08	0.0	-1.0	3.0
2017-08-09	0.0	-1.9166666666666667	3.0
2017-08-10	0.0	-2.0	3.0
2017-08-11	0.0	-2.0	3.0
2017-08-12	0.0	-2.0	3.0
2017-08-13	0.0	-2.0	3.0
2017-08-14	0.0	-2.0	3.0
2017-08-15	0.0	-2.0	3.0
2017-08-16	0.0	-2.0	3.0
2017-08-17	0.0	-2.0	3.0
2017-08-18	0.0	-2.0	3.0
2017-08-19	0.0	-2.0	3.0
2017-08-20	0.0	-2.0	3.0
2017-08-21	0.0	-2.0	3.0
2017-08-22	0.0	-2.0	3.0
2017-08-23	0.0	-2.0	3.0
2017-08-24	0.0	-2.0	3.0
2017-08-25	0.0	-2.0	3.0
2017-08-26	0.0	-2.0	3.0
2017-08-27	0.0	-2.0	3.0
2017-08-28	0.0	-2.0	3.0
2017-08-29	0.0	-2.0	3.0
2017-08-30	0.0	-2.0	3.0
2017-08-31	0.0	-2.0	3.0
2017-09-01	0.0	-2.4583333333333335	3.0
2017-09-02	0.0	-3.0	3.0
2017-09-03	0.0	-3.0	3.0
2017-09-04	0.0	-3.0	3.0
2017-09-05	0.0	-3.0	3.0
2017-09-06	0.0	-3.0	3.0
2017-09-07	0.0	-3.0	3.0
2017-09-08	0.0	-3.0	3.0
2017-09-09	0.0	-3.0	3.0
2017-09-10	0.0	-3.0	3.0
2017-09-11	0.0	-3.0	3.0
2017-09-12	0.0	-3.0	3.0
2017-09-13	0.0	-3.0	3.0
2017-09-14	0.0	-3.0	3.0
2017-09-15	0.0	-3.0	3.0
2017-09-16	0.0	-3.0	3.0
2017-09-17	0.0	-3.0	3.0
2017-09-18	0.0	-3.9166666666666665	3.0
2017-09-19	0.0	-4.0	3.0
2017-09-20	0.0	-4.0	3.0
2017-09-21	0.0	-4.791666666666667	3.0
2017-09-22	0.0	-5.0	3.0
2017-09-23	0.0	-5.0	3.0
2017-09-24	0.0	-5.708333333333333	3.0
2017-09-25	0.0	-6.0	3.0
2017-09-26	0.0	-6.0	3.0
2017-09-27	0.0	-6.541666666666667	3.0
2017-09-28	0.0	-7.0	3.0
2017-09-29	0.0	-7.0	3.0
2017-09-30	0.0	-7.0	3.0
2017-10-01	0.0	-7.0	3.0
2017-10-02	0.0	-6.541666666666667	3.0
2017-10-03	0.0	47.083333333333336	6.708333333333333
2017-10-04	0.0	2.7916666666666665	3.2083333333333335
2017-10-05	0.0	-3.0	3.0
2017-10-06	0.0	-3.0	3.0
2017-10-07	0.0	-3.0	3.0
2017-10-08	0.0	-3.0	3.0
2017-10-09	0.0	-3.0	3.0
2017-10-10	0.0	-3.0	3.0
2017-10-11	0.0	-3.0	3.0
2017-10-12	0.0	-3.0	3.0
2017-10-13	0.0	-3.8333333333333335	3.0
2017-10-14	0.0	-4.0	3.0
2017-10-15	0.0	-4.0	3.0
2017-10-16	0.0	-4.0	3.0
2017-10-17	0.0	-4.0	3.0
2017-10-18	0.0	-4.208333333333333	3.0
2017-10-19	0.0	-5.0	3.0
2017-10-20	0.0	-5.0	3.0
2017-10-21	0.0	-5.0	3.0
2017-10-22	0.0	-5.0	3.0
2017-10-23	0.0	-5.0	3.0
2017-10-24	0.0	-6.0	3.0
2017-10-25	0.0	-6.0	3.0
2017-10-26	0.0	-6.0	3.0
2017-10-27	0.0	-6.0	3.0
2017-10-28	0.0	-6.0	3.0
2017-10-29	0.0	-3.0833333333333335	3.0416666666666665
2017-10-30	0.0	0.041666666666666664	3.125
2017-10-31	0.0	2.625	3.25
2017-11-01	0.0	0.25	3.125
2017-11-02	0.0	-3.0	3.0
2017-11-03	0.0	-3.0	3.0
2017-11-04	0.0	-3.0	3.0
2017-11-05	0.0	-3.3333333333333335	3.0
2017-11-06	0.0	-4.0	3.0
2017-11-07	0.0	-4.0	3.0
2017-11-08	0.0	-4.0	3.0
2017-11-09	0.0	-4.0	3.0
2017-11-10	0.0	-4.0	3.0
2017-11-11	0.0	-4.0	3.0
2017-11-12	0.0	-4.0	3.0
2017-11-13	0.0	-4.0	3.0
2017-11-14	0.0	-4.0	3.0
2017-11-15	0.0	-4.916666666666667	3.0
2017-11-16	0.0	-5.0	3.0
2017-11-17	0.0	-5.0	3.0
2017-11-18	0.0	-5.0	3.0
2017-11-19	0.0	-5.0	3.0
2017-11-20	0.0	-3.9166666666666665	3.0
2017-11-21	0.0	12.333333333333334	3.625
2017-11-22	0.0	63.541666666666664	8.041666666666666
2017-11-23	0.0	67.04166666666667	8.541666666666666
2017-11-24	0.0	26.75	4.791666666666667
2017-11-25	0.0	2.8333333333333335	3.2083333333333335
2017-11-26	0.0	0.9166666666666666	3.1666666666666665
2017-11-27	0.0	43.375	6.166666666666667
2017-11-28	0.0	7.5	3.4166666666666665
2017-11-29	0.0	-2.0	3.0
2017-11-30	0.0	-2.0	3.0
2017-12-01	0.0	6.875	3.4583333333333335
2017-12-02	0.0	60.4	7.8
2017-12-03	0.0	98.875	12.25
2017-12-04	0.0	55.125	7.291666666666667
2017-12-05	0.0	25.625	4.625
2017-12-06	0.0	10.916666666666666	3.7916666666666665
2017-12-07	0.0	3.375	3.0
2017-12-08	0.0	1.2083333333333333	3.0
2017-12-09	0.0	4.75	3.0
2017-12-10	0.0	2.75	3.0
2017-12-11	0.0	0.0	3.0
2017-12-12	0.0	0.0	3.0
2017-12-13	0.0	0.0	3.0
2017-12-14	0.0	0.0	3.0
2017-12-15	0.0	0.0	3.0
2017-12-16	0.0	-0.08333333333333333	3.0
2017-12-17	0.0	1.0833333333333333	3.0833333333333335
2017-12-18	0.0	-0.20833333333333334	3.0
2017-12-19	0.0	-1.0	3.0
2017-12-20	0.0	-1.0	3.0
2017-12-21	0.0	-1.0	3.0
2017-12-22	0.0	-1.0	3.0
2017-12-23	0.0	-1.0	3.0
2017-12-24	0.0	-1.0	3.0
2017-12-25	0.0	-1.0	3.0
2017-12-26	0.0	-1.0	3.0
2017-12-27	0.0	-1.0	3.0
2017-12-28	0.0	7.791666666666667	3.4583333333333335
2017-12-29	0.0	3.375	3.25
2017-12-30	0.0	16.041666666666668	4.25
2017-12-31	0.0	115.375	14.75
2018-01-01	0.0	89.95833333333333	11.291666666666666
2018-01-02	0.0	47.958333333333336	6.291666666666667
2018-01-03	0.0	78.625	9.708333333333334
2018-01-04	0.0	59.666666666666664	7.583333333333333
2018-01-05	0.0	74.79166666666667	9.333333333333334
2018-01-06	0.0	107.75	13.958333333333334
2018-01-07	0.0	133.33333333333334	17.625
2018-01-08	0.0	252.25	47.791666666666664
2018-01-09	0.0	235.79166666666666	42.5
2018-01-10	0.0	194.91666666666666	33.041666666666664
2018-01-11	0.0	89.04166666666667	10.958333333333334
2018-01-12	0.0	90.29166666666667	11.208333333333334
2018-01-13	0.0	136.75	18.583333333333332
2018-01-14	0.0	80.70833333333333	9.833333333333334
2018-01-15	0.0	70.875	8.875
2018-01-16	0.0	73.95833333333333	9.291666666666666
2018-01-17	0.0	52.791666666666664	6.916666666666667
2018-01-18	0.0	42.666666666666664	6.0
2018-01-19	0.0	35.875	5.458333333333333
2018-01-20	0.0	30.333333333333332	5.0
2018-01-21	0.0	25.791666666666668	5.0
2018-01-22	0.0	22.458333333333332	4.041666666666667
2018-01-23	0.0	23.625	4.458333333333333
2018-01-24	0.0	29.375	5.166666666666667
2018-01-25	0.0	27.583333333333332	4.833333333333333
2018-01-26	0.0	32.375	5.083333333333333
2018-01-27	0.0	52.791666666666664	7.0
2018-01-28	0.0	35.625	5.625
2018-01-29	0.0	48.916666666666664	6.666666666666667
2018-01-30	0.0	23.708333333333332	4.416666666666667
2018-01-31	0.0	26.666666666666668	4.583333333333333
2018-02-01	0.0	28.916666666666668	4.916666666666667
2018-02-02	0.0	18.208333333333332	4.0
2018-02-03	0.0	21.333333333333332	4.25
2018-02-04	0.0	19.291666666666668	4.166666666666667
2018-02-05	0.0	26.625	4.708333333333333
2018-02-06	0.0	20.25	4.208333333333333
2018-02-07	0.0	21.875	4.458333333333333
2018-02-08	0.0	18.5	4.0
2018-02-09	0.0	10.583333333333334	3.8333333333333335
2018-02-10	0.0	6.708333333333333	3.0
2018-02-11	0.0	4.416666666666667	3.0
2018-02-12	0.0	3.1666666666666665	3.0
2018-02-13	0.0	12.083333333333334	3.7083333333333335
2018-02-14	0.0	38.916666666666664	5.833333333333333
2018-02-15	0.0	14.708333333333334	4.5
2018-02-16	0.0	5.791666666666667	4.125
2018-02-17	0.0	1.75	4.0
2018-02-18	0.0	1.0	4.0
2018-02-19	0.0	9.416666666666666	4.541666666666667
2018-02-20	0.0	43.333333333333336	7.541666666666667
2018-02-21	0.0	46.291666666666664	7.708333333333333
2018-02-22	0.0	28.791666666666668	6.0
2018-02-23	0.0	18.0	5.291666666666667
2018-02-24	0.0	72.04166666666667	12.5
2018-02-25	0.0	121.41666666666667	17.291666666666668
2018-02-26	0.0	79.20833333333333	11.208333333333334
2018-02-27	0.0	93.20833333333333	13.208333333333334
2018-02-28	0.0	100.29166666666667	14.208333333333334
2018-03-01	0.0	120.83333333333333	18.458333333333332
2018-03-02	0.0	203.79166666666666	34.375
2018-03-03	0.0	121.41666666666667	18.041666666666668
2018-03-04	0.0	64.29166666666667	9.583333333333334
2018-03-05	0.0	48.291666666666664	7.833333333333333
2018-03-06	0.0	60.25	9.166666666666666
2018-03-07	0.0	97.20833333333333	15.458333333333334
2018-03-08	0.0	143.58333333333334	22.875
2018-03-09	0.0	63.5	9.375
2018-03-10	0.0	95.875	15.291666666666666
2018-03-11	0.0	132.125	19.833333333333332
2018-03-12	0.0	71.25	10.333333333333334
2018-03-13	0.0	50.875	8.208333333333334
2018-03-14	0.0	44.291666666666664	7.333333333333333
2018-03-15	0.0	83.95833333333333	12.875
2018-03-16	0.0	142.16666666666666	21.416666666666668
2018-03-17	0.0	84.125	11.791666666666666
2018-03-18	0.0	59.5	8.958333333333334
2018-03-19	0.0	49.791666666666664	8.041666666666666
2018-03-20	0.0	43.708333333333336	7.291666666666667
2018-03-21	0.0	37.25	7.0
2018-03-22	0.0	33.291666666666664	6.416666666666667
2018-03-23	0.0	42.541666666666664	7.166666666666667
2018-03-24	0.0	41.375	7.208333333333333
2018-03-25	0.0	27.166666666666668	6.0
2018-03-26	0.0	23.083333333333332	6.0
2018-03-27	0.0	20.791666666666668	5.583333333333333
2018-03-28	0.0	18.5	5.0
2018-03-29	0.0	15.958333333333334	5.0
2018-03-30	0.0	13.916666666666666	5.0
2018-03-31	0.0	12.375	5.0
2018-04-01	0.0	12.166666666666666	5.0
2018-04-02	0.0	22.166666666666668	5.625
2018-04-03	0.0	21.916666666666668	5.541666666666667
2018-04-04	0.0	25.5	5.791666666666667
2018-04-05	0.0	55.916666666666664	8.708333333333334
2018-04-06	0.0	26.166666666666668	6.041666666666667
2018-04-07	0.0	22.041666666666668	5.541666666666667
2018-04-08	0.0	14.25	5.0
2018-04-09	0.0	11.458333333333334	5.0
2018-04-10	0.0	9.375	5.0
2018-04-11	0.0	8.041666666666666	4.666666666666667
2018-04-12	0.0	5.375	4.0
2018-04-13	0.0	3.6666666666666665	4.0
2018-04-14	0.0	2.7916666666666665	4.0
2018-04-15	0.0	1.3333333333333333	4.0
2018-04-16	0.0	6.041666666666667	4.291666666666667
2018-04-17	0.0	11.125	4.875
2018-04-18	0.0	7.541666666666667	4.416666666666667
2018-04-19	0.0	1.7916666666666667	4.0
2018-04-20	0.0	0.5416666666666666	4.0
2018-04-21	0.0	0.0	4.0
2018-04-22	0.0	0.0	4.0
2018-04-23	0.0	0.0	4.0
2018-04-24	0.0	0.0	4.0
2018-04-25	0.0	0.0	4.0
2018-04-26	0.0	0.0	4.0
2018-04-27	0.0	-0.041666666666666664	4.0
2018-04-28	0.0	-0.875	4.0
2018-04-29	0.0	-1.0	4.0
2018-04-30	0.0	-1.0	4.0
2018-05-01	0.0	-1.0	4.0
2018-05-02	0.0	-1.0	4.0
2018-05-03	0.0	-1.0	4.0
2018-05-04	0.0	-1.0	4.0
2018-05-05	0.0	-1.0	4.0
2018-05-06	0.0	-1.0	4.0
2018-05-07	0.0	-1.0	4.0
2018-05-08	0.0	-1.0	4.0
2018-05-09	0.0	-1.0	4.0
2018-05-10	0.0	-1.0	4.0
2018-05-11	0.0	-1.0	4.0
2018-05-12	0.0	-1.0	4.0
2018-05-13	0.0	-1.0	4.0
2018-05-14	0.0	-1.0	4.0
2018-05-15	0.0	-1.0	4.0
2018-05-16	0.0	-1.0	4.0
2018-05-17	0.0	-1.0	4.0
2018-05-18	0.0	-1.0	4.0
2018-05-19	0.0	1.4583333333333333	4.166666666666667
2018-05-20	0.0	20.75	5.625
2018-05-21	0.0	9.958333333333334	4.666666666666667
2018-05-22	0.0	0.0	4.0
2018-05-23	0.0	0.0	4.0
2018-05-24	0.0	0.0	4.0
2018-05-25	0.0	0.0	4.0
2018-05-26	0.0	0.0	4.0
2018-05-27	0.0	0.0	4.0
2018-05-28	0.0	0.0	4.0
2018-05-29	0.0	0.0	4.0
2018-05-30	0.0	-1.0	4.0
2018-05-31	0.0	-1.0	4.0
2018-06-01	0.0	-1.0	4.0
2018-06-02	0.0	-1.0	4.0
2018-06-03	0.0	-1.0	4.0
2018-06-04	0.0	-1.0	4.0
2018-06-05	0.0	-1.0	4.0
2018-06-06	0.0	-0.75	4.0
2018-06-07	0.0	3.75	4.208333333333333
2018-06-08	0.0	-0.875	4.0
2018-06-09	0.0	-1.0	4.0
2018-06-10	0.0	-1.0	4.0
2018-06-11	0.0	-1.0	4.0
2018-06-12	0.0	-1.0	4.0
2018-06-13	0.0	-1.0	4.0
2018-06-14	0.0	-1.0	4.0
2018-06-15	0.0	-1.0	4.0
2018-06-16	0.0	3.8333333333333335	4.083333333333333
2018-06-17	0.0	0.3333333333333333	4.0
2018-06-18	0.0	-1.0	4.0
2018-06-19	0.0	-1.0	4.0
2018-06-20	0.0	-1.0	4.0
2018-06-21	0.0	-1.0	4.0
2018-06-22	0.0	-1.0	4.0
2018-06-23	0.0	-1.0	4.0
2018-06-24	0.0	-1.0	4.0
2018-06-25	0.0	-1.0	4.0
2018-06-26	0.0	-1.0	4.0
2018-06-27	0.0	-1.0	4.0
2018-06-28	0.0	-1.875	4.0
2018-06-29	0.0	-2.0	4.0
2018-06-30	0.0	-2.0	4.0
2018-07-01	0.0	-2.0	4.0
2018-07-02	0.0	-2.0	4.0
2018-07-03	0.0	-2.0	4.0
2018-07-04	0.0	-2.7916666666666665	4.0
2018-07-05	0.0	-3.0	4.0
2018-07-06	0.0	-3.0	4.0
2018-07-07	0.0	-3.0	4.0
2018-07-08	0.0	-3.0	4.0
2018-07-09	0.0	-3.625	4.0
2018-07-10	0.0	-4.0	4.0
2018-07-11	0.0	-4.0	4.0
2018-07-12	0.0	-4.0	4.0
2018-07-13	0.0	-4.541666666666667	4.0
2018-07-14	0.0	-5.0	4.0
2018-07-15	0.0	-5.0	4.0
2018-07-16	0.0	-5.0	4.0
2018-07-17	0.0	-5.708333333333333	4.0
2018-07-18	0.0	-6.0	4.0
2018-07-19	0.0	-6.0	4.0
2018-07-20	0.0	-6.0	4.0
2018-07-21	0.0	-6.416666666666667	4.0
2018-07-22	0.0	-7.0	4.0
2018-07-23	0.0	-7.0	4.0
2018-07-24	0.0	-7.0	4.0
2018-07-25	0.0	-7.0	4.0
2018-07-26	0.0	-7.916666666666667	4.0
2018-07-27	0.0	-8.0	4.0
2018-07-28	0.0	-8.0	4.0
2018-07-29	0.0	-8.0	4.0
2018-07-30	0.0	-8.666666666666666	4.0
2018-07-31	0.0	-9.0	4.0
2018-08-01	0.0	-9.0	4.0
2018-08-02	0.0	-9.0	4.0
2018-08-03	0.0	-9.0	4.0
2018-08-04	0.0	-9.0	4.0
2018-08-05	0.0	-9.0	4.0
2018-08-06	0.0	-9.0	4.0
2018-08-07	0.0	-9.0	4.0
2018-08-08	0.0	-9.0	4.0
2018-08-09	0.0	-9.0	4.0
2018-08-10	0.0	-9.125	3.875
2018-08-11	0.0	-10.0	3.0
2018-08-12	0.0	-10.0	3.0
2018-08-13	0.0	-10.0	3.0
2018-08-14	0.0	-10.0	3.0
2018-08-15	0.0	-10.0	3.0
2018-08-16	0.0	-10.0	3.0
2018-08-17	0.0	-10.0	3.0
2018-08-18	0.0	-10.0	3.0
2018-08-19	0.0	-10.0	3.0
2018-08-20	0.0	-10.0	3.0
2018-08-21	0.0	-10.0	3.0
2018-08-22	0.0	-10.0	3.0
2018-08-23	0.0	-10.0	3.0
2018-08-24	0.0	-10.0	3.0
2018-08-25	0.0	-10.0	3.0
2018-08-26	0.0	-10.0	3.0
2018-08-27	0.0	-10.0	3.0
2018-08-28	0.0	-10.0	3.0
2018-08-29	0.0	-10.0	3.0
2018-08-30	0.0	-10.0	3.0
2018-08-31	0.0	-10.0	3.0
2018-09-01	0.0	-10.0	3.0
2018-09-02	0.0	-10.0	3.0
2018-09-03	0.0	-10.0	3.0
2018-09-04	0.0	-10.0	3.0
2018-09-05	0.0	-10.666666666666666	3.0
2018-09-06	0.0	-11.0	3.0
2018-09-07	0.0	-11.0	3.0
2018-09-08	0.0	-11.0	3.0
2018-09-09	0.0	-11.0	3.0
2018-09-10	0.0	-11.0	3.0
2018-09-11	0.0	-11.0	3.0
2018-09-12	0.0	-11.0	3.0
2018-09-13	0.0	-11.0	3.0
2018-09-14	0.0	-11.0	3.0
2018-09-15	0.0	-11.0	3.0
2018-09-16	0.0	-11.0	3.0
2018-09-17	0.0	-11.0	3.0
2018-09-18	0.0	-11.0	3.0
2018-09-19	0.0	-11.0	3.0
2018-09-20	0.0	-11.0	3.0
2018-09-21	0.0	-11.0	3.0
2018-09-22	0.0	-11.0	3.0
2018-09-23	0.0	-11.0	3.0
2018-09-24	0.0	-11.0	3.0
2018-09-25	0.0	-11.0	3.0
2018-09-26	0.0	-11.0	3.0
2018-09-27	0.0	-11.0	3.0
2018-09-28	0.0	-11.0	3.0
2018-09-29	0.0	-11.0	3.0
2018-09-30	0.0	-11.0	3.0
2018-10-01	0.0	-11.0	3.0
2018-10-02	0.0	-11.0	3.0
2018-10-03	0.0	-11.0	3.0
2018-10-04	0.0	-11.0	3.0
2018-10-05	0.0	-11.0	3.0
2018-10-06	0.0	-11.0	3.0
2018-10-07	0.0	28.625	6.416666666666667
2018-10-08	0.0	17.125	5.25
2018-10-09	0.0	-2.8333333333333335	4.0
2018-10-10	0.0	-1.4166666666666667	4.0
2018-10-11	0.0	23.25	5.958333333333333
2018-10-12	0.0	81.16666666666667	11.708333333333334
2018-10-13	0.0	20.125	5.458333333333333
2018-10-14	0.0	-2.375	4.0
2018-10-15	0.0	-3.0	4.0
2018-10-16	0.0	-3.0	4.0
2018-10-17	0.0	-3.0	4.0
2018-10-18	0.0	-3.0	4.0
2018-10-19	0.0	9.833333333333334	4.833333333333333
2018-10-20	0.0	2.7916666666666665	4.25
2018-10-21	0.0	-3.0	4.0
2018-10-22	0.0	-3.0	4.0
2018-10-23	0.0	-3.0	4.0
2018-10-24	0.0	-3.0	4.0
2018-10-25	0.0	4.583333333333333	4.458333333333333
2018-10-26	0.0	1.75	4.25
2018-10-27	0.0	4.416666666666667	4.125
2018-10-28	0.0	-1.125	4.0
2018-10-29	0.0	-3.0	4.0
2018-10-30	0.0	-3.0	4.0
2018-10-31	0.0	-3.0	4.0
2018-11-01	0.0	-3.0	4.0
2018-11-02	0.0	5.75	4.458333333333333
2018-11-03	0.0	-3.0	4.0
2018-11-04	0.0	-3.0	4.0
2018-11-05	0.0	12.041666666666666	4.958333333333333
2018-11-06	0.0	5.5	4.458333333333333
2018-11-07	0.0	-3.0	4.0
2018-11-08	0.0	-1.75	4.0
2018-11-09	0.0	36.166666666666664	6.708333333333333
2018-11-10	0.0	65.125	9.458333333333334
2018-11-11	0.0	54.708333333333336	8.541666666666666
2018-11-12	0.0	19.916666666666668	5.458333333333333
2018-11-13	0.0	5.0	4.25
2018-11-14	0.0	-2.4166666666666665	4.0
2018-11-15	0.0	-3.0	4.0
2018-11-16	0.0	23.0	5.833333333333333
2018-11-17	0.0	9.583333333333334	4.75
2018-11-18	0.0	19.375	5.416666666666667
2018-11-19	0.0	25.125	6.208333333333333
2018-11-20	0.0	75.95833333333333	10.791666666666666
2018-11-21	0.0	38.041666666666664	6.875
2018-11-22	0.0	69.29166666666667	10.541666666666666
2018-11-23	0.0	77.45833333333333	11.333333333333334
2018-11-24	0.0	119.41666666666667	19.916666666666668
2018-11-25	0.0	198.20833333333334	32.833333333333336
2018-11-26	0.0	117.91666666666667	16.958333333333332
2018-11-27	0.0	67.79166666666667	9.75
2018-11-28	0.0	48.791666666666664	7.916666666666667
2018-11-29	0.0	34.333333333333336	6.541666666666667
2018-11-30	0.0	25.958333333333332	6.0
2018-12-01	0.0	33.0	6.833333333333333
2018-12-02	0.0	135.45833333333334	20.0
2018-12-03	0.0	73.25	10.541666666666666
2018-12-04	0.0	42.375	7.333333333333333
2018-12-05	0.0	30.958333333333332	6.208333333333333
2018-12-06	0.0	24.041666666666668	6.0
2018-12-07	0.0	26.291666666666668	6.0
2018-12-08	0.0	23.541666666666668	6.0
2018-12-09	0.0	18.541666666666668	5.25
2018-12-10	0.0	12.75	5.0
2018-12-11	0.0	10.416666666666666	5.0
2018-12-12	0.0	7.083333333333333	4.083333333333333
2018-12-13	0.0	27.666666666666668	6.125
2018-12-14	0.0	8.291666666666666	4.583333333333333
2018-12-15	0.0	6.0	4.0
2018-12-16	0.0	6.0	4.0
2018-12-17	0.0	8.958333333333334	4.291666666666667
2018-12-18	0.0	25.25	5.833333333333333
2018-12-19	0.0	6.708333333333333	4.208333333333333
2018-12-20	0.0	19.666666666666668	5.375
2018-12-21	0.0	10.208333333333334	4.958333333333333
2018-12-22	0.0	6.125	4.0
2018-12-23	0.0	6.083333333333333	4.0
2018-12-24	0.0	8.125	4.5
2018-12-25	0.0	20.291666666666668	5.583333333333333
2018-12-26	0.0	46.541666666666664	7.75
2018-12-27	0.0	24.083333333333332	6.0
2018-12-28	0.0	36.708333333333336	6.875
2018-12-29	0.0	51.125	8.208333333333334
2018-12-30	0.0	177.91666666666666	31.833333333333332
2018-12-31	0.0	102.75	15.375
2019-01-01	0.0	86.54166666666667	12.416666666666666
2019-01-02	0.0	101.375	14.708333333333334
2019-01-03	0.0	99.375	14.458333333333334
2019-01-04	0.0	72.625	10.458333333333334
2019-01-05	0.0	118.75	17.083333333333332
2019-01-06	0.0	86.75	12.375
2019-01-07	0.0	49.916666666666664	8.041666666666666
2019-01-08	0.0	36.375	6.833333333333333
2019-01-09	0.0	29.0	6.0
2019-01-10	0.0	23.708333333333332	6.0
2019-01-11	0.0	18.916666666666668	5.083333333333333
2019-01-12	0.0	16.25	5.0
2019-01-13	0.0	15.0	5.041666666666667
2019-01-14	0.0	29.0	6.166666666666667
2019-01-15	0.0	15.458333333333334	5.0
2019-01-16	0.0	15.416666666666666	5.0
2019-01-17	0.0	30.916666666666668	6.416666666666667
2019-01-18	0.0	21.708333333333332	5.5
2019-01-19	0.0	12.375	5.0
2019-01-20	0.0	8.208333333333334	4.791666666666667
2019-01-21	0.0	6.083333333333333	4.0
2019-01-22	0.0	6.25	4.0
2019-01-23	0.0	6.166666666666667	4.0
2019-01-24	0.0	6.708333333333333	4.25
2019-01-25	0.0	6.583333333333333	4.25
2019-01-26	0.0	6.0	4.0
2019-01-27	0.0	6.708333333333333	4.25
2019-01-28	0.0	6.0	4.0
2019-01-29	0.0	6.0	4.0
2019-01-30	0.0	6.0	4.0
2019-01-31	0.0	6.0	4.0
2019-02-01	0.0	6.416666666666667	4.166666666666667
2019-02-02	0.0	6.0	4.0
2019-02-03	0.0	6.0	4.0
2019-02-04	0.0	43.333333333333336	7.833333333333333
2019-02-05	0.0	12.333333333333334	5.083333333333333
2019-02-06	0.0	6.041666666666667	4.0
2019-02-07	0.0	6.0	4.0
2019-02-08	0.0	12.083333333333334	4.75
2019-02-09	0.0	6.0	4.0
2019-02-10	0.0	6.0	4.0
2019-02-11	0.0	6.0	4.0
2019-02-12	0.0	6.0	4.0
2019-02-13	0.0	9.583333333333334	4.375
2019-02-14	0.0	36.166666666666664	6.75
2019-02-15	0.0	33.458333333333336	6.708333333333333
2019-02-16	0.0	98.66666666666667	14.75
2019-02-17	0.0	232.66666666666666	42.375
2019-02-18	0.0	141.83333333333334	21.208333333333332
2019-02-19	0.0	108.20833333333333	15.166666666666666
2019-02-20	0.0	92.41666666666667	12.958333333333334
2019-02-21	0.0	157.75	24.833333333333332
2019-02-22	0.0	129.83333333333334	19.125
2019-02-23	0.0	76.875	10.916666666666666
2019-02-24	0.0	86.66666666666667	12.375
2019-02-25	0.0	72.85714285714286	10.380952380952381
2019-02-26	0.0	70.95454545454545	10.272727272727273
2019-02-27	0.0	141.66666666666666	22.291666666666668
2019-02-28	0.0	206.41666666666666	35.708333333333336
2019-03-01	0.0	97.45833333333333	13.625
2019-03-02	0.0	215.125	39.875
2019-03-03	0.0	245.04166666666666	47.041666666666664
2019-03-04	0.0	149.25	22.125
2019-03-05	0.0	141.25	20.708333333333332
2019-03-06	0.0	107.625	15.166666666666666
2019-03-07	0.0	110.58333333333333	15.583333333333334
2019-03-08	0.0	130.375	18.666666666666668
2019-03-09	0.0	89.54166666666667	12.5
2019-03-10	0.0	77.25	11.0
2019-03-11	0.0	75.75	10.625
2019-03-12	0.0	85.04166666666667	11.916666666666666
2019-03-13	0.0	85.91666666666667	12.083333333333334
2019-03-14	0.0	136.625	20.666666666666668
2019-03-15	0.0	236.91666666666666	44.791666666666664
2019-03-16	0.0	187.875	30.541666666666668
2019-03-17	0.0	179.91666666666666	29.583333333333332
2019-03-18	0.0	146.70833333333334	21.958333333333332
2019-03-19	0.0	108.41666666666667	15.083333333333334
2019-03-20	0.0	91.66666666666667	12.75
2019-03-21	0.0	171.625	27.25
2019-03-22	0.0	272.4166666666667	54.583333333333336
2019-03-23	0.0	180.875	29.708333333333332
2019-03-24	0.0	113.79166666666667	16.083333333333332
2019-03-25	0.0	96.125	13.458333333333334
2019-03-26	0.0	84.375	11.791666666666666
2019-03-27	0.0	76.20833333333333	10.875
2019-03-28	0.0	69.08333333333333	10.0
2019-03-29	0.0	63.958333333333336	9.5
2019-03-30	0.0	60.5	9.0
2019-03-31	0.0	56.916666666666664	9.0
2019-04-01	0.0	54.125	8.333333333333334
2019-04-02	0.0	51.333333333333336	8.0
2019-04-03	0.0	49.208333333333336	8.0
2019-04-04	0.0	47.375	8.0
2019-04-05	0.0	44.625	7.5
2019-04-06	0.0	44.541666666666664	7.5
2019-04-07	0.0	48.541666666666664	8.166666666666666
2019-04-08	0.0	56.083333333333336	8.666666666666666
2019-04-09	0.0	87.08333333333333	12.291666666666666
2019-04-10	0.0	84.29166666666667	11.875
2019-04-11	0.0	54.208333333333336	8.416666666666666
2019-04-12	0.0	47.291666666666664	8.0
2019-04-13	0.0	44.958333333333336	7.625
2019-04-14	0.0	142.54166666666666	26.833333333333332
2019-04-15	0.0	373.2083333333333	96.95833333333333
2019-04-16	0.0	380.625	100.66666666666667
2019-04-17	0.0	332.1666666666667	77.54166666666667
2019-04-18	0.0	279.7083333333333	58.833333333333336
2019-04-19	0.0	150.83333333333334	22.5
2019-04-20	0.0	122.70833333333333	17.5
2019-04-21	0.0	109.08333333333333	15.375
2019-04-22	0.0	98.625	13.708333333333334
2019-04-23	0.0	94.33333333333333	13.0
2019-04-24	0.0	89.25	12.375
2019-04-25	0.0	83.20833333333333	11.75
2019-04-26	0.0	78.0	11.0
2019-04-27	0.0	73.5	10.458333333333334
2019-04-28	0.0	70.125	10.0
2019-04-29	0.0	68.66666666666667	10.0
2019-04-30	0.0	68.66666666666667	10.0
2019-05-01	0.0	63.708333333333336	9.25
2019-05-02	0.0	60.833333333333336	9.0
2019-05-03	0.0	59.791666666666664	9.0
2019-05-04	0.0	58.25	9.0
2019-05-05	0.0	63.333333333333336	9.5
2019-05-06	0.0	68.45833333333333	9.916666666666666
2019-05-07	0.0	56.708333333333336	9.0
2019-05-08	0.0	53.791666666666664	8.166666666666666
2019-05-09	0.0	53.833333333333336	8.375
2019-05-10	0.0	52.416666666666664	8.0
2019-05-11	0.0	60.708333333333336	9.0
2019-05-12	0.0	58.5	8.833333333333334
2019-05-13	0.0	49.416666666666664	8.0
2019-05-14	0.0	47.375	8.0
2019-05-15	0.0	45.666666666666664	7.875
2019-05-16	0.0	43.166666666666664	7.0
2019-05-17	0.0	42.833333333333336	7.0
2019-05-18	0.0	50.916666666666664	8.25
2019-05-19	0.0	53.833333333333336	8.458333333333334
2019-05-20	0.0	44.75	7.541666666666667
2019-05-21	0.0	41.625	7.0
2019-05-22	0.0	38.708333333333336	7.0
2019-05-23	0.0	37.5	7.0
2019-05-24	0.0	35.0	7.0
2019-05-25	0.0	33.875	6.875
2019-05-26	0.0	32.25	6.0
2019-05-27	0.0	30.958333333333332	6.0
2019-05-28	0.0	30.666666666666668	6.0
2019-05-29	0.0	29.458333333333332	6.0
2019-05-30	0.0	28.625	6.0
2019-05-31	0.0	28.125	6.0
2019-06-01	0.0	26.583333333333332	6.0
2019-06-02	0.0	25.583333333333332	6.0
2019-06-03	0.0	24.291666666666668	6.0
2019-06-04	0.0	27.25	6.0
2019-06-05	0.0	28.041666666666668	6.0
2019-06-06	0.0	24.375	6.0
2019-06-07	0.0	22.75	6.0
2019-06-08	0.0	21.458333333333332	5.875
2019-06-09	0.0	20.875	5.666666666666667
2019-06-10	0.0	19.791666666666668	5.0
2019-06-11	0.0	19.0	5.0
2019-06-12	0.0	18.916666666666668	5.0
2019-06-13	0.0	18.541666666666668	5.0
2019-06-14	0.0	17.916666666666668	5.0
2019-06-15	0.0	16.583333333333332	5.0
2019-06-16	0.0	15.541666666666666	5.0
2019-06-17	0.0	15.0	5.0
2019-06-18	0.0	14.666666666666666	5.0
2019-06-19	0.0	13.541666666666666	5.0
2019-06-20	0.0	13.5	5.0
2019-06-21	0.0	12.458333333333334	5.0
2019-06-22	0.0	12.166666666666666	5.0
2019-06-23	0.0	11.0	5.0
2019-06-24	0.0	11.083333333333334	5.0
2019-06-25	0.0	10.916666666666666	5.0
2019-06-26	0.0	10.083333333333334	5.0
2019-06-27	0.0	9.75	5.0
2019-06-28	0.0	8.791666666666666	5.0
2019-06-29	0.0	8.0	5.0
2019-06-30	0.0	7.125	4.125
2019-07-01	0.0	6.625	4.0
2019-07-02	0.0	6.5	4.0
2019-07-03	0.0	6.083333333333333	4.0
2019-07-04	0.0	6.0	4.0
2019-07-05	0.0	8.0	5.0
2019-07-06	0.0	12.227272727272727	5.0
2019-07-07	0.0	10.958333333333334	5.0
2019-07-08	0.0	7.625	4.625
2019-07-09	0.0	6.416666666666667	4.0
2019-07-10	0.0	6.0	4.0
2019-07-11	0.0	6.0	4.0
2019-07-12	0.0	6.0	4.0
2019-07-13	0.0	6.0	4.0
2019-07-14	0.0	6.0	4.0
2019-07-15	0.0	6.0	4.0
2019-07-16	0.0	6.0	4.0
2019-07-17	0.0	5.416666666666667	4.0
2019-07-18	0.0	5.0	4.0
2019-07-19	0.0	5.0	4.0
2019-07-20	0.0	5.0	4.0
2019-07-21	0.0	5.0	4.0
2019-07-22	0.0	5.0	4.0
2019-07-23	0.0	5.0	4.0
2019-07-24	0.0	5.0	4.0
2019-07-25	0.0	5.0	4.0
2019-07-26	0.0	5.0	4.0
2019-07-27	0.0	5.0	4.0
2019-07-28	0.0	4.291666666666667	4.0
2019-07-29	0.0	4.0	4.0
2019-07-30	0.0	4.0	4.0
2019-07-31	0.0	4.0	4.0
2019-08-01	0.0	4.0	4.0
2019-08-02	0.0	4.0	4.0
2019-08-03	0.0	4.0	4.0
2019-08-04	0.0	4.0	4.0
2019-08-05	0.0	4.291666666666667	4.041666666666667
2019-08-06	0.0	8.5	4.791666666666667
2019-08-07	0.0	5.375	4.0
2019-08-08	0.0	5.0	4.0
2019-08-09	0.0	5.0	4.0
2019-08-10	0.0	5.0	4.0
2019-08-11	0.0	5.0	4.0
2019-08-12	0.0	5.0	4.0
2019-08-13	0.0	5.0	4.0
2019-08-14	0.0	5.0	4.0
2019-08-15	0.0	5.0	4.0
2019-08-16	0.0	5.0	4.0
2019-08-17	0.0	5.0	4.0
2019-08-18	0.0	5.0	4.0
2019-08-19	0.0	5.0	4.0
2019-08-20	0.0	5.0	4.0
2019-08-21	0.0	5.0	4.0
2019-08-22	0.0	5.0	4.0
2019-08-23	0.0	5.0	4.0
2019-08-24	0.0	5.0	4.0
2019-08-25	0.0	4.041666666666667	4.0
2019-08-26	0.0	4.0	4.0
2019-08-27	0.0	4.0	4.0
2019-08-28	0.0	4.0	4.0
2019-08-29	0.0	4.0	4.0
2019-08-30	0.0	4.0	4.0
2019-08-31	0.0	3.5	4.0
2019-09-01	0.0	3.0	4.0
2019-09-02	0.0	3.0	4.0
2019-09-03	0.0	3.0	4.0
2019-09-04	0.0	3.0	4.0
2019-09-05	0.0	3.0	4.0
2019-09-06	0.0	3.0	4.0
2019-09-07	0.0	3.0	4.0
2019-09-08	0.0	3.0	4.0
2019-09-09	0.0	3.0	4.0
2019-09-10	0.0	2.3333333333333335	4.0
2019-09-11	0.0	2.0	4.0
2019-09-12	0.0	2.0	4.0
2019-09-13	0.0	2.0	4.0
2019-09-14	0.0	2.0	4.0
2019-09-15	0.0	2.0	4.0
2019-09-16	0.0	1.7916666666666667	4.0
2019-09-17	0.0	1.0	4.0
2019-09-18	0.0	1.0	4.0
2019-09-19	0.0	1.0	4.0
2019-09-20	0.0	1.0	4.0
2019-09-21	0.0	1.0	4.0
2019-09-22	0.0	1.0	4.0
2019-09-23	0.0	1.0	4.0
2019-09-24	0.0	1.0	4.0
2019-09-25	0.0	1.0	4.0
2019-09-26	0.0	7.333333333333333	4.476190476190476
2019-09-27	0.0	34.63636363636363	6.818181818181818
2019-09-28	0.0	16.125	5.125
2019-09-29	0.0	5.0	4.0
2019-09-30	0.0	5.0	4.0
2019-10-01	0.0	4.291666666666667	4.0
2019-10-02	0.0	4.0	4.0
2019-10-03	0.0	4.0	4.0
2019-10-04	0.0	4.0	4.0
2019-10-05	0.0	4.0	4.0
2019-10-06	0.0	4.0	4.0
2019-10-07	0.0	4.0	4.0
2019-10-08	0.0	4.0	4.0
2019-10-09	0.0	4.0	4.0
2019-10-10	0.0	4.0	4.0
2019-10-11	0.0	4.0	4.0
2019-10-12	0.0	4.0	4.0
2019-10-13	0.0	4.0	4.0
2019-10-14	0.0	4.0	4.0
2019-10-15	0.0	4.0	4.0
2019-10-16	0.0	4.0	4.0
2019-10-17	0.0	4.0	4.0
2019-10-18	0.0	4.0	4.0
2019-10-19	0.0	4.0	4.0
2019-10-20	0.0	4.0	4.0
2019-10-21	0.0	4.0	4.0
2019-10-22	0.0	4.0	4.0
2019-10-23	0.0	4.0	4.0
2019-10-24	0.0	4.0	4.0
2019-10-25	0.0	4.0	4.0
2019-10-26	0.0	9.375	4.5
2019-10-27	0.0	5.0	4.0
2019-10-28	0.0	5.0	4.0
2019-10-29	0.0	5.0	4.0
2019-10-30	0.0	20.25	5.333333333333333
2019-10-31	0.0	6.166666666666667	4.125
2019-11-01	0.0	5.0	4.0
2019-11-02	0.0	5.125	4.0
2019-11-03	0.0	5.0	4.0
2019-11-04	0.0	5.0	4.0
2019-11-05	0.0	5.0	4.0
2019-11-06	0.0	5.0	4.0
2019-11-07	0.0	68.70833333333333	10.75
2019-11-08	0.0	169.5	28.5
2019-11-09	0.0	123.5	20.375
2019-11-10	0.0	38.875	6.958333333333333
2019-11-11	0.0	23.708333333333332	5.666666666666667
2019-11-12	0.0	13.916666666666666	4.916666666666667
2019-11-13	0.0	5.0	4.0
2019-11-14	0.0	5.0	4.0
2019-11-15	0.0	19.916666666666668	5.375
2019-11-16	0.0	34.958333333333336	6.666666666666667
2019-11-17	0.0	13.583333333333334	5.0
2019-11-18	0.0	7.0	4.25
2019-11-19	0.0	8.166666666666666	4.583333333333333
2019-11-20	0.0	5.0	4.0
2019-11-21	0.0	5.0	4.0
2019-11-22	0.0	5.0	4.0
2019-11-23	0.0	6.916666666666667	4.166666666666667
2019-11-24	0.0	29.541666666666668	6.166666666666667
2019-11-25	0.0	24.833333333333332	5.875
2019-11-26	0.0	5.458333333333333	4.083333333333333
2019-11-27	0.0	5.0	4.0
2019-11-28	0.0	27.708333333333332	6.125
2019-11-29	0.0	129.58333333333334	19.583333333333332
2019-11-30	0.0	63.916666666666664	9.708333333333334
2019-12-01	0.0	110.625	16.583333333333332
2019-12-02	0.0	40.083333333333336	7.166666666666667
2019-12-03	0.0	28.625	6.0
2019-12-04	0.0	20.375	5.416666666666667
2019-12-05	0.0	9.333333333333334	4.875
2019-12-06	0.0	15.041666666666666	5.0
2019-12-07	0.0	16.041666666666668	5.0
2019-12-08	0.0	7.0	4.333333333333333
2019-12-09	0.0	5.166666666666667	4.0
2019-12-10	0.0	8.666666666666666	4.416666666666667
2019-12-11	0.0	32.333333333333336	6.708333333333333
2019-12-12	0.0	218.75	38.666666666666664
2019-12-13	0.0	88.20833333333333	12.583333333333334
2019-12-14	0.0	74.83333333333333	11.0
2019-12-15	0.0	57.416666666666664	8.875
2019-12-16	0.0	30.708333333333332	6.333333333333333
2019-12-17	0.0	19.416666666666668	5.333333333333333
2019-12-18	0.0	14.291666666666666	5.0
2019-12-19	0.0	17.416666666666668	5.0
2019-12-20	0.0	16.583333333333332	5.0
2019-12-21	0.0	11.875	5.0
2019-12-22	0.0	11.083333333333334	5.0
2019-12-23	0.0	50.5	8.375
2019-12-24	0.0	29.458333333333332	6.333333333333333
2019-12-25	0.0	19.375	5.208333333333333
2019-12-26	0.0	44.083333333333336	7.5
2019-12-27	0.0	15.875	5.125
2019-12-28	0.0	13.458333333333334	4.833333333333333
2019-12-29	0.0	4.291666666666667	4.0
2019-12-30	0.0	3.0416666666666665	4.0
2019-12-31	0.0	3.0	4.0
2020-01-01	0.0	3.0833333333333335	4.0
2020-01-02	0.0	105.16666666666667	19.0
2020-01-03	0.0	278.6666666666667	56.708333333333336
2020-01-04	0.0	302.3333333333333	65.5
2020-01-05	0.0	252.54166666666666	49.25
2020-01-06	0.0	174.45833333333334	27.708333333333332
2020-01-07	0.0	128.66666666666666	18.541666666666668
2020-01-08	0.0	187.33333333333334	30.208333333333332
2020-01-09	0.0	171.83333333333334	26.791666666666668
2020-01-10	0.0	214.5	38.333333333333336
2020-01-11	0.0	193.875	31.666666666666668
2020-01-12	0.0	124.08333333333333	17.791666666666668
2020-01-13	0.0	222.25	39.083333333333336
2020-01-14	0.0	138.95833333333334	20.208333333333332
2020-01-15	0.0	105.75	14.875
2020-01-16	0.0	99.58333333333333	13.833333333333334
2020-01-17	0.0	79.75	11.208333333333334
2020-01-18	0.0	67.16666666666667	10.041666666666666
2020-01-19	0.0	77.375	10.916666666666666
2020-01-20	0.0	67.16666666666667	9.666666666666666
2020-01-21	0.0	97.41666666666667	13.916666666666666
2020-01-22	0.0	111.04166666666667	15.625
2020-01-23	0.0	112.91666666666667	16.916666666666668
2020-01-24	0.0	275.1666666666667	55.666666666666664
2020-01-25	0.0	280.0833333333333	58.041666666666664
2020-01-26	0.0	143.29166666666666	21.208333333333332
2020-01-27	0.0	103.16666666666667	14.416666666666666
2020-01-28	0.0	90.08333333333333	12.5
2020-01-29	0.0	121.83333333333333	17.333333333333332
2020-01-30	0.0	120.0	16.91304347826087
2020-01-31	0.0	153.0952380952381	23.714285714285715
2020-02-01	0.0	121.29166666666667	17.5
2020-02-02	0.0	96.95833333333333	13.541666666666666
2020-02-03	0.0	83.04166666666667	11.708333333333334
2020-02-04	0.0	75.125	10.708333333333334
2020-02-05	0.0	156.08333333333334	26.791666666666668
2020-02-06	0.0	305.9166666666667	67.16666666666667
2020-02-07	0.0	291.5416666666667	61.791666666666664
2020-02-08	0.0	180.625	29.208333333333332
2020-02-09	0.0	123.20833333333333	17.541666666666668
2020-02-10	0.0	105.875	14.875
2020-02-11	0.0	140.45833333333334	20.708333333333332
2020-02-12	0.0	213.0	36.625
2020-02-13	0.0	182.125	29.083333333333332
2020-02-14	0.0	210.58333333333334	36.083333333333336
2020-02-15	0.0	143.625	21.166666666666668
2020-02-16	0.0	116.0	16.333333333333332
2020-02-17	0.0	172.16666666666666	27.375
2020-02-18	0.0	137.0	19.916666666666668
2020-02-19	0.0	142.75	21.041666666666668
2020-02-20	0.0	109.58333333333333	15.416666666666666
2020-02-21	0.0	121.95833333333333	17.291666666666668
2020-02-22	0.0	232.75	43.958333333333336
2020-02-23	0.0	303.0833333333333	66.125
2020-02-24	0.0	158.79166666666666	24.208333333333332
2020-02-25	0.0	212.45833333333334	36.75
2020-02-26	0.0	193.95833333333334	32.125
2020-02-27	0.0	246.04166666666666	45.916666666666664
2020-02-28	0.0	237.25	43.416666666666664
2020-02-29	0.0	360.5833333333333	92.58333333333333
2020-03-01	0.0	380.125	100.58333333333333
2020-03-02	0.0	293.5416666666667	62.208333333333336
2020-03-03	0.0	227.70833333333334	41.083333333333336
2020-03-04	0.0	208.75	35.458333333333336
2020-03-05	0.0	169.58333333333334	26.208333333333332
2020-03-06	0.0	145.16666666666666	21.333333333333332
2020-03-07	0.0	132.79166666666666	19.041666666666668
2020-03-08	0.0	124.25	17.583333333333332
2020-03-09	0.0	118.375	16.75
2020-03-10	0.0	113.04166666666667	16.0
2020-03-11	0.0	107.5	15.083333333333334
2020-03-12	0.0	101.75	14.125
2020-03-13	0.0	96.54166666666667	13.5
2020-03-14	0.0	92.25	13.0
2020-03-15	0.0	89.5	12.5
2020-03-16	0.0	88.875	12.25
2020-03-17	0.0	95.5	13.375
2020-03-18	0.0	92.79166666666667	13.0
2020-03-19	0.0	89.08333333333333	12.25
2020-03-20	0.0	87.79166666666667	12.166666666666666
2020-03-21	0.0	179.41666666666666	29.375
2020-03-22	0.0	114.375	16.125
2020-03-23	0.0	93.79166666666667	13.25
2020-03-24	0.0	84.5	11.791666666666666
2020-03-25	0.0	77.16666666666667	11.0
2020-03-26	0.0	72.83333333333333	10.291666666666666
2020-03-27	0.0	69.54166666666667	10.0
2020-03-28	0.0	66.70833333333333	10.0
2020-03-29	0.0	65.125	10.0
2020-03-30	0.0	70.91666666666667	10.25
2020-03-31	0.0	76.95833333333333	10.708333333333334
2020-04-01	0.0	71.08333333333333	10.291666666666666
2020-04-02	0.0	64.83333333333333	9.5
2020-04-03	0.0	60.25	9.0
2020-04-04	0.0	60.541666666666664	9.0
2020-04-05	0.0	57.291666666666664	9.0
2020-04-06	0.0	53.708333333333336	8.166666666666666
2020-04-07	0.0	51.875	8.0
2020-04-08	0.0	50.875	8.0
2020-04-09	0.0	49.458333333333336	8.0
2020-04-10	0.0	47.0	8.0
2020-04-11	0.0	44.791666666666664	7.708333333333333
2020-04-12	0.0	43.291666666666664	7.0
2020-04-13	0.0	41.666666666666664	7.0
2020-04-14	0.0	43.458333333333336	7.25
2020-04-15	0.0	62.625	9.375
2020-04-16	0.0	56.916666666666664	8.708333333333334
2020-04-17	0.0	47.25	8.0
2020-04-18	0.0	44.083333333333336	7.25
2020-04-19	0.0	42.25	7.0
2020-04-20	0.0	42.458333333333336	7.208333333333333
2020-04-21	0.0	39.541666666666664	7.0
2020-04-22	0.0	37.375	7.0
2020-04-23	0.0	35.791666666666664	7.0
2020-04-24	0.0	34.458333333333336	7.0
2020-04-25	0.0	33.166666666666664	6.208333333333333
2020-04-26	0.0	32.041666666666664	6.0
2020-04-27	0.0	30.416666666666668	6.0
2020-04-28	0.0	29.375	6.0
2020-04-29	0.0	28.25	6.0
2020-04-30	0.0	27.708333333333332	6.0
2020-05-01	0.0	27.0	6.0
2020-05-02	0.0	26.083333333333332	6.0
2020-05-03	0.0	25.291666666666668	6.0
2020-05-04	0.0	24.291666666666668	6.0
2020-05-05	0.0	23.958333333333332	6.0
2020-05-06	0.0	23.0	6.0
2020-05-07	0.0	23.0	6.0
2020-05-08	0.0	22.708333333333332	6.0
2020-05-09	0.0	22.0	6.0
2020-05-10	0.0	20.416666666666668	5.416666666666667
2020-05-11	0.0	19.791666666666668	5.0
2020-05-12	0.0	19.0	5.0
2020-05-13	0.0	19.0	5.0
2020-05-14	0.0	19.0	5.0
2020-05-15	0.0	19.0	5.0
2020-05-16	0.0	26.541666666666668	5.791666666666667
2020-05-17	0.0	30.291666666666668	6.25
2020-05-18	0.0	22.291666666666668	6.0
2020-05-19	0.0	19.25	5.0
2020-05-20	0.0	18.0	5.0
2020-05-21	0.0	17.0	5.0
2020-05-22	0.0	16.375	5.0
2020-05-23	0.0	17.416666666666668	5.0
2020-05-24	0.0	23.75	5.791666666666667
2020-05-25	0.0	35.833333333333336	6.708333333333333
2020-05-26	0.0	32.583333333333336	6.416666666666667
2020-05-27	0.0	22.541666666666668	5.916666666666667
2020-05-28	0.0	19.291666666666668	5.0
2020-05-29	0.0	17.708333333333332	5.0
2020-05-30	0.0	16.708333333333332	5.0
2020-05-31	0.0	16.291666666666668	5.0
2020-06-01	0.0	15.791666666666666	5.0
2020-06-02	0.0	15.166666666666666	5.0
2020-06-03	0.0	15.0	5.0
2020-06-04	0.0	14.25	5.0
2020-06-05	0.0	14.083333333333334	5.0
2020-06-06	0.0	13.583333333333334	5.0
2020-06-07	0.0	13.208333333333334	5.0
2020-06-08	0.0	13.833333333333334	5.0
2020-06-09	0.0	14.375	5.0
2020-06-10	0.0	15.583333333333334	5.0
2020-06-11	0.0	13.458333333333334	5.0
2020-06-12	0.0	12.125	5.0
2020-06-13	0.0	11.0	5.0
2020-06-14	0.0	11.0	5.0
2020-06-15	0.0	10.333333333333334	5.0
2020-06-16	0.0	10.0	5.0
2020-06-17	0.0	10.0	5.0
2020-06-18	0.0	10.0	5.0
2020-06-19	0.0	10.0	5.0
2020-06-20	0.0	10.0	5.0
2020-06-21	0.0	10.0	5.0
2020-06-22	0.0	10.0	5.0
2020-06-23	0.0	10.0	5.0
2020-06-24	0.0	9.083333333333334	5.0
2020-06-25	0.0	9.0	5.0
2020-06-26	0.0	9.0	5.0
2020-06-27	0.0	9.0	5.0
2020-06-28	0.0	9.0	5.0
2020-06-29	0.0	9.0	5.0
2020-06-30	0.0	9.0	5.0
2020-07-01	0.0	9.0	5.0
2020-07-02	0.0	9.0	5.0
2020-07-03	0.0	9.0	5.0
2020-07-04	0.0	8.5	5.0
2020-07-05	0.0	8.0	5.0
2020-07-06	0.0	8.0	5.0
2020-07-07	0.0	8.0	5.0
2020-07-08	0.0	8.0	5.0
2020-07-09	0.0	8.0	5.0
2020-07-10	0.0	8.0	5.0
2020-07-11	0.0	8.0	5.0
2020-07-12	0.0	8.0	5.0
2020-07-13	0.0	8.0	5.0
2020-07-14	0.0	8.0	5.0
2020-07-15	0.0	8.0	5.0
2020-07-16	0.0	8.0	5.0
2020-07-17	0.0	8.0	5.0
2020-07-18	0.0	8.0	5.0
2020-07-19	0.0	7.708333333333333	4.708333333333333
2020-07-20	0.0	7.0	4.0
2020-07-21	0.0	7.0	4.0
2020-07-22	0.0	7.0	4.0
2020-07-23	0.0	7.0	4.0
2020-07-24	0.0	7.0	4.0
2020-07-25	0.0	7.0	4.0
2020-07-26	0.0	7.0	4.0
2020-07-27	0.0	7.0	4.0
2020-07-28	0.0	7.0	4.0
2020-07-29	0.0	7.0	4.0
2020-07-30	0.0	7.0	4.0
2020-07-31	0.0	7.0	4.0
2020-08-01	0.0	7.0	4.0
2020-08-02	0.0	7.0	4.0
2020-08-03	0.0	7.0	4.0
2020-08-04	0.0	7.0	4.0
2020-08-05	0.0	7.0	4.0
2020-08-06	0.0	7.0	4.0
2020-08-07	0.0	7.0	4.0
2020-08-08	0.0	7.0	4.0
2020-08-09	0.0	6.583333333333333	4.0
2020-08-10	0.0	6.0	4.0
2020-08-11	0.0	6.0	4.0
2020-08-12	0.0	6.0	4.0
2020-08-13	0.0	6.0	4.0
2020-08-14	0.0	6.0	4.0
2020-08-15	0.0	6.0	4.0
2020-08-16	0.0	6.0	4.0
2020-08-17	0.0	6.0	4.0
2020-08-18	0.0	6.0	4.0
2020-08-19	0.0	6.0	4.0
2020-08-20	0.0	6.0	4.0
2020-08-21	0.0	6.0	4.0
2020-08-22	0.0	6.0	4.0
2020-08-23	0.0	5.375	4.0
2020-08-24	0.0	5.0	4.0
2020-08-25	0.0	5.0	4.0
2020-08-26	0.0	5.0	4.0
2020-08-27	0.0	5.0	4.0
2020-08-28	0.0	5.0	4.0
2020-08-29	0.0	5.0	4.0
2020-08-30	0.0	5.0	4.0
2020-08-31	0.0	5.0	4.0
2020-09-01	0.0	5.0	4.0
2020-09-02	0.0	5.0	4.0
2020-09-03	0.0	4.375	4.0
2020-09-04	0.0	4.0	4.0
2020-09-05	0.0	4.0	4.0
2020-09-06	0.0	4.0	4.0
2020-09-07	0.0	4.0	4.0
2020-09-08	0.0	4.0	4.0
2020-09-09	0.0	4.0	4.0
2020-09-10	0.0	4.0	4.0
2020-09-11	0.0	4.0	4.0
2020-09-12	0.0	4.0	4.0
2020-09-13	0.0	4.0	4.0
2020-09-14	0.0	4.0	4.0
2020-09-15	0.0	4.0	4.0
2020-09-16	0.0	4.0	4.0
2020-09-17	0.0	4.0	4.0
2020-09-18	0.0	4.0	4.0
2020-09-19	0.0	4.0	4.0
2020-09-20	0.0	4.0	4.0
2020-09-21	0.0	4.0	4.0
2020-09-22	0.0	4.0	4.0
2020-09-23	0.0	4.0	4.0
2020-09-24	0.0	4.0	4.0
2020-09-25	0.0	4.0	4.0
2020-09-26	0.0	4.0	4.0
2020-09-27	0.0	4.0	4.0
2020-09-28	0.0	4.0	4.0
2020-09-29	0.0	4.0	4.0
2020-09-30	0.0	4.0	4.0
2020-10-01	0.0	4.0	4.0
2020-10-02	0.0	4.0	4.0
2020-10-03	0.0	4.0	4.0
2020-10-04	0.0	4.0	4.0
2020-10-05	0.0	4.0	4.0
2020-10-06	0.0	4.0	4.0
2020-10-07	0.0	4.0	4.0
2020-10-08	0.0	4.0	4.0
2020-10-09	0.0	4.0	4.0
2020-10-10	0.0	3.7083333333333335	4.0
2020-10-11	0.0	3.0416666666666665	4.0
2020-10-12	0.0	3.0	4.0
2020-10-13	0.0	3.0	4.0
2020-10-14	0.0	3.0	4.0
2020-10-15	0.0	3.0	4.0
2020-10-16	0.0	3.0	4.0
2020-10-17	0.0	3.0	4.0
2020-10-18	0.0	3.0	4.0
2020-10-19	0.0	3.0	4.0
2020-10-20	0.0	3.0	4.0
2020-10-21	0.0	3.0	4.0
2020-10-22	0.0	3.0	4.0
2020-10-23	0.0	3.0	4.0
2020-10-24	0.0	3.0	4.0
2020-10-25	0.0	3.0	4.0
2020-10-26	0.0	3.0	4.0
2020-10-27	0.0	3.0	4.0
2020-10-28	0.0	3.0	4.0
2020-10-29	0.0	3.0	4.0
2020-10-30	0.0	3.0	4.0
2020-10-31	0.0	3.0	4.0
2020-11-01	0.0	3.0	4.0
2020-11-02	0.0	3.0	4.0
2020-11-03	0.0	3.0	4.0
2020-11-04	0.0	3.0	4.0
2020-11-05	0.0	3.0	4.0
2020-11-06	0.0	3.0	4.0
2020-11-07	0.0	3.0	4.0
2020-11-08	0.0	3.0	4.0
2020-11-09	0.0	3.0	4.0
2020-11-10	0.0	3.0	4.0
2020-11-11	0.0	3.0	4.0
2020-11-12	0.0	3.0	4.0
2020-11-13	0.0	14.875	5.208333333333333
2020-11-14	0.0	10.0	5.0
2020-11-15	0.0	10.0	5.0
2020-11-16	0.0	10.0	5.0
2020-11-17	0.0	10.0	5.0
2020-11-18	0.0	10.0	5.0
2020-11-19	0.0	10.0	5.0
2020-11-20	0.0	10.0	5.0
2020-11-21	0.0	10.0	5.0
2020-11-22	0.0	10.0	5.0
2020-11-23	0.0	10.0	5.0
2020-11-24	0.0	9.958333333333334	5.0
2020-11-25	0.0	9.666666666666666	5.0
2020-11-26	0.0	9.0	5.0
2020-11-27	0.0	9.0	5.0
2020-11-28	0.0	9.0	5.0
2020-11-29	0.0	9.0	5.0
2020-11-30	0.0	9.0	5.0
2020-12-01	0.0	9.0	5.0
2020-12-02	0.0	11.833333333333334	5.083333333333333
2020-12-03	0.0	41.375	7.291666666666667
2020-12-04	0.0	19.875	5.458333333333333
2020-12-05	0.0	10.0	5.0
2020-12-06	0.0	26.5	6.083333333333333
2020-12-07	0.0	12.458333333333334	5.0
2020-12-08	0.0	24.375	5.958333333333333
2020-12-09	0.0	12.416666666666666	5.083333333333333
2020-12-10	0.0	13.083333333333334	5.083333333333333
2020-12-11	0.0	12.25	5.0
2020-12-12	0.0	15.75	5.0
2020-12-13	0.0	17.083333333333332	5.333333333333333
2020-12-14	0.0	28.0	6.0
2020-12-15	0.0	20.333333333333332	5.541666666666667
2020-12-16	0.0	71.41666666666667	10.333333333333334
2020-12-17	0.0	38.125	7.083333333333333
2020-12-18	0.0	22.333333333333332	5.583333333333333
2020-12-19	0.0	23.333333333333332	5.625
2020-12-20	0.0	24.333333333333332	5.791666666666667
2020-12-21	0.0	26.75	6.0
2020-12-22	0.0	28.166666666666668	6.041666666666667
2020-12-23	0.0	14.791666666666666	5.25
2020-12-24	0.0	24.333333333333332	6.166666666666667
2020-12-25	0.0	38.708333333333336	7.0
2020-12-26	0.0	81.375	11.583333333333334
2020-12-27	0.0	36.5	6.75
2020-12-28	0.0	107.04166666666667	15.458333333333334
2020-12-29	0.0	119.5	17.208333333333332
2020-12-30	0.0	71.66666666666667	10.5
2020-12-31	0.0	93.25	13.541666666666666
2021-01-01	0.0	102.8125	14.625
2021-01-02	0.0	63.25	9.583333333333334
2021-01-03	0.0	139.20833333333334	21.666666666666668
2021-01-04	0.0	91.54166666666667	13.166666666666666
2021-01-05	0.0	43.416666666666664	7.333333333333333
2021-01-06	0.0	43.916666666666664	7.375
2021-01-07	0.0	39.666666666666664	7.041666666666667
2021-01-08	0.0	65.0	9.5
2021-01-09	0.0	56.916666666666664	8.833333333333334
2021-01-10	0.0	50.958333333333336	8.25
2021-01-11	0.0	72.33333333333333	10.75
2021-01-12	0.0	58.916666666666664	8.958333333333334
2021-01-13	0.0	41.375	7.291666666666667
2021-01-14	0.0	128.875	19.083333333333332
2021-01-15	0.0	94.58333333333333	13.375
2021-01-16	0.0	78.125	11.041666666666666
2021-01-17	0.0	75.66666666666667	10.708333333333334
2021-01-18	0.0	73.58333333333333	10.583333333333334
2021-01-19	0.0	51.125	8.083333333333334
2021-01-20	0.0	35.958333333333336	6.75
2021-01-21	0.0	26.875	6.0
2021-01-22	0.0	21.875	5.75
2021-01-23	0.0	16.166666666666668	5.0
2021-01-24	0.0	14.541666666666666	5.0
2021-01-25	0.0	12.041666666666666	5.0
2021-01-26	0.0	10.291666666666666	5.0
2021-01-27	0.0	10.0	5.0
2021-01-28	0.0	10.0	5.0
2021-01-29	0.0	10.0	5.0
2021-01-30	0.0	10.0	5.0
2021-01-31	0.0	10.0	5.0
2021-02-01	0.0	10.0	5.0
2021-02-02	0.0	10.0	5.0
2021-02-03	0.0	12.583333333333334	5.0
2021-02-04	0.0	24.083333333333332	5.958333333333333
2021-02-05	0.0	16.375	5.125
2021-02-06	0.0	22.666666666666668	5.875
2021-02-07	0.0	40.208333333333336	7.208333333333333
2021-02-08	0.0	14.25	5.083333333333333
2021-02-09	0.0	12.0	5.083333333333333
2021-02-10	0.0	16.5	5.125
2021-02-11	0.0	10.041666666666666	5.0
2021-02-12	0.0	35.875	6.833333333333333
2021-02-13	0.0	30.708333333333332	6.208333333333333
2021-02-14	0.0	56.5	8.666666666666666
2021-02-15	0.0	32.25	6.458333333333333
2021-02-16	0.0	35.875	6.791666666666667
2021-02-17	0.0	17.583333333333332	5.166666666666667
2021-02-18	0.0	20.666666666666668	5.666666666666667
2021-02-19	0.0	16.875	5.208333333333333
2021-02-20	0.0	10.083333333333334	5.0
2021-02-21	0.0	10.0	5.0
2021-02-22	0.0	22.375	5.833333333333333
2021-02-23	0.0	10.0	5.0
2021-02-24	0.0	10.0	5.0
2021-02-25	0.0	10.0	5.0
2021-02-26	0.0	10.0	5.0
2021-02-27	0.0	10.0	5.0
2021-02-28	0.0	10.0	5.0
2021-03-01	0.0	10.0	5.0
2021-03-02	0.0	10.0	5.0
2021-03-03	0.0	10.0	5.0
2021-03-04	0.0	10.0	5.0
2021-03-05	0.0	10.0	5.0
2021-03-06	0.0	26.791666666666668	6.166666666666667
2021-03-07	0.0	29.5	6.333333333333333
2021-03-08	0.0	110.125	16.25
2021-03-09	0.0	54.25	8.541666666666666
2021-03-10	0.0	29.875	6.083333333333333
2021-03-11	0.0	34.791666666666664	6.625
2021-03-12	0.0	16.416666666666668	5.125
2021-03-13	0.0	10.041666666666666	5.0
2021-03-14	0.0	40.833333333333336	8.166666666666666
2021-03-15	0.0	67.375	10.291666666666666
2021-03-16	0.0	26.416666666666668	6.0
2021-03-17	0.0	17.0	5.0
2021-03-18	0.0	10.25	5.0
2021-03-19	0.0	20.916666666666668	5.458333333333333
2021-03-20	0.0	11.125	5.0
2021-03-21	0.0	10.0	5.0
2021-03-22	0.0	10.0	5.0
2021-03-23	0.0	10.0	5.0
2021-03-24	0.0	10.0	5.0
2021-03-25	0.0	10.0	5.0
2021-03-26	0.0	10.0	5.0
2021-03-27	0.0	10.0	5.0
2021-03-28	0.0	10.0	5.0
2021-03-29	0.0	10.0	5.0
2021-03-30	0.0	10.0	5.0
2021-03-31	0.0	10.0	5.0
2021-04-01	0.0	10.0	5.0
2021-04-02	0.0	10.0	5.0
2021-04-03	0.0	10.0	5.0
2021-04-04	0.0	10.0	5.0
2021-04-05	0.0	10.0	5.0
2021-04-06	0.0	10.0	5.0
2021-04-07	0.0	10.0	5.0
2021-04-08	0.0	10.0	5.0
2021-04-09	0.0	9.458333333333334	5.0
2021-04-10	0.0	9.0	5.0
2021-04-11	0.0	9.0	5.0
2021-04-12	0.0	9.0	5.0
2021-04-13	0.0	9.0	5.0
2021-04-14	0.0	9.0	5.0
2021-04-15	0.0	9.0	5.0
2021-04-16	0.0	9.0	5.0
2021-04-17	0.0	9.0	5.0
2021-04-18	0.0	9.0	5.0
2021-04-19	0.0	9.0	5.0
2021-04-20	0.0	9.0	5.0
2021-04-21	0.0	9.0	5.0
2021-04-22	0.0	9.0	5.0
2021-04-23	0.0	9.0	5.0
2021-04-24	0.0	9.0	5.0
2021-04-25	0.0	8.25	5.0
2021-04-26	0.0	8.0	5.0
2021-04-27	0.0	8.0	5.0
2021-04-28	0.0	8.0	5.0
2021-04-29	0.0	8.0	5.0
2021-04-30	0.0	8.0	5.0
2021-05-01	0.0	8.0	5.0
2021-05-02	0.0	8.0	5.0
2021-05-03	0.0	8.0	5.0
2021-05-04	0.0	8.0	5.0
2021-05-05	0.0	8.0	5.0
2021-05-06	0.0	8.0	5.0
2021-05-07	0.0	8.0	5.0
2021-05-08	0.0	8.0	5.0
2021-05-09	0.0	8.0	5.0
2021-05-10	0.0	8.0	5.0
2021-05-11	0.0	7.166666666666667	4.166666666666667
2021-05-12	0.0	7.0	4.0
2021-05-13	0.0	7.0	4.0
2021-05-14	0.0	7.0	4.0
2021-05-15	0.0	7.0	4.0
2021-05-16	0.0	7.0	4.0
2021-05-17	0.0	7.0	4.0
2021-05-18	0.0	7.0	4.0
2021-05-19	0.0	7.0	4.0
2021-05-20	0.0	7.0	4.0
2021-05-21	0.0	7.0	4.0
2021-05-22	0.0	7.0	4.0
2021-05-23	0.0	7.0	4.0
2021-05-24	0.0	7.0	4.0
2021-05-25	0.0	7.0	4.0
2021-05-26	0.0	7.0	4.0
2021-05-27	0.0	7.0	4.0
2021-05-28	0.0	7.0	4.0
2021-05-29	0.0	7.0	4.0
2021-05-30	0.0	6.291666666666667	4.0
2021-05-31	0.0	7.0	4.0
2021-06-01	0.0	7.0	4.0
2021-06-02	0.0	7.0	4.0
2021-06-03	0.0	7.0	4.0
2021-06-04	0.0	7.0	4.0
2021-06-05	0.0	7.0	4.0
2021-06-06	0.0	7.0	4.0
2021-06-07	0.0	7.0	4.0
2021-06-08	0.0	6.708333333333333	4.0
2021-06-09	0.0	6.458333333333333	4.0
2021-06-10	0.0	6.0	4.0
2021-06-11	0.0	6.0	4.0
2021-06-12	0.0	6.0	4.0
2021-06-13	0.0	6.0	4.0
2021-06-14	0.0	6.0	4.0
2021-06-15	0.0	6.0	4.0
2021-06-16	0.0	6.0	4.0
2021-06-17	0.0	6.0	4.0
2021-06-18	0.0	6.0	4.0
2021-06-19	0.0	6.0	4.0
2021-06-20	0.0	6.0	4.0
2021-06-21	0.0	6.0	4.0
2021-06-22	0.0	6.0	4.0
2021-06-23	0.0	6.0	4.0
2021-06-24	0.0	6.0	4.0
2021-06-25	0.0	6.0	4.0
2021-06-26	0.0	6.0	4.0
2021-06-27	0.0	6.0	4.0
2021-06-28	0.0	6.0	4.0
2021-06-29	0.0	5.583333333333333	4.0
2021-06-30	0.0	5.0	4.0
2021-07-01	0.0	5.0	4.0
2021-07-02	0.0	5.0	4.0
2021-07-03	0.0	5.0	4.0
2021-07-04	0.0	5.0	4.0
2021-07-05	0.0	5.0	4.0
2021-07-06	0.0	5.0	4.0
2021-07-07	0.0	5.0	4.0
2021-07-08	0.0	5.0	4.0
2021-07-09	0.0	5.0	4.0
2021-07-10	0.0	5.0	4.0
2021-07-11	0.0	5.0	4.0
2021-07-12	0.0	5.0	4.0
2021-07-13	0.0	5.0	4.0
2021-07-14	0.0	5.0	4.0
2021-07-15	0.0	5.0	4.0
2021-07-16	0.0	5.0	4.0
2021-07-17	0.0	5.0	4.0
2021-07-18	0.0	5.0	4.0
2021-07-19	0.0	5.0	4.0
2021-07-20	0.0	4.041666666666667	4.0
2021-07-21	0.0	4.0	4.0
2021-07-22	0.0	4.0	4.0
2021-07-23	0.0	4.0	4.0
2021-07-24	0.0	4.0	4.0
2021-07-25	0.0	4.0	4.0
2021-07-26	0.0	4.0	4.0
2021-07-27	0.0	4.0	4.0
2021-07-28	0.0	4.0	4.0
2021-07-29	0.0	4.0	4.0
2021-07-30	0.0	4.0	4.0
2021-07-31	0.0	4.0	4.0
2021-08-01	0.0	4.0	4.0
2021-08-02	0.0	4.0	4.0
2021-08-03	0.0	4.0	4.0
2021-08-04	0.0	4.0	4.0
2021-08-05	0.0	4.0	4.0
2021-08-06	0.0	4.0	4.0
2021-08-07	0.0	4.0	4.0
2021-08-08	0.0	4.0	4.0
2021-08-09	0.0	4.0	4.0
2021-08-10	0.0	4.0	4.0
2021-08-11	0.0	4.0	4.0
2021-08-12	0.0	4.0	4.0
2021-08-13	0.0	4.0	4.0
2021-08-14	0.0	4.0	4.0
2021-08-15	0.0	4.0	4.0
2021-08-16	0.0	4.0	4.0
2021-08-17	0.0	4.0	4.0
2021-08-18	0.0	4.0	4.0
2021-08-19	0.0	4.0	4.0
2021-08-20	0.0	4.0	4.0
2021-08-21	0.0	4.0	4.0
2021-08-22	0.0	4.0	4.0
2021-08-23	0.0	4.0	4.0
2021-08-24	0.0	4.0	4.0
2021-08-25	0.0	4.0	4.0
2021-08-26	0.0	4.0	4.0
2021-08-27	0.0	4.0	4.0
2021-08-28	0.0	4.0	4.0
2021-08-29	0.0	4.0	4.0
2021-08-30	0.0	4.0	4.0
2021-08-31	0.0	4.0	4.0
2021-09-01	0.0	4.0	4.0
2021-09-02	0.0	4.0	4.0
2021-09-03	0.0	4.0	4.0
2021-09-04	0.0	4.0	4.0
2021-09-05	0.0	4.0	4.0
2021-09-06	0.0	4.0	4.0
2021-09-07	0.0	4.0	4.0
2021-09-08	0.0	4.0	4.0
2021-09-09	0.0	4.0	4.0
2021-09-10	0.0	4.833333333333333	4.083333333333333
2021-09-11	0.0	10.291666666666666	5.0
2021-09-12	0.0	10.0	5.0
2021-09-13	0.0	10.0	5.0
2021-09-14	0.0	10.0	5.0
2021-09-15	0.0	10.0	5.0
2021-09-16	0.0	10.0	5.0
2021-09-17	0.0	10.0	5.0
2021-09-18	0.0	10.0	5.0
2021-09-19	0.0	10.0	5.0
2021-09-20	0.0	9.416666666666666	5.0
2021-09-21	0.0	9.0	5.0
2021-09-22	0.0	9.0	5.0
2021-09-23	0.0	9.0	5.0
2021-09-24	0.0	9.0	5.0
2021-09-25	0.0	9.0	5.0
2021-09-26	0.0	9.0	5.0
2021-09-27	0.0	9.0	5.0
2021-09-28	0.0	9.0	5.0
2021-09-29	0.0	9.0	5.0
2021-09-30	0.0	9.0	5.0
2021-10-01	0.0	9.0	5.0
2021-10-02	0.0	9.0	5.0
2021-10-03	0.0	9.0	5.0
2021-10-04	0.0	9.0	5.0
2021-10-05	0.0	13.5	5.208333333333333
2021-10-06	0.0	13.916666666666666	5.166666666666667
2021-10-07	0.0	51.25	9.166666666666666
2021-10-08	0.0	70.16666666666667	10.541666666666666
2021-10-09	0.0	13.416666666666666	5.125
2021-10-10	0.0	11.166666666666666	5.041666666666667
2021-10-11	0.0	96.0	13.708333333333334
2021-10-12	0.0	46.75	7.916666666666667
2021-10-13	0.0	20.291666666666668	5.541666666666667
2021-10-14	0.0	10.0	5.0
2021-10-15	0.0	10.416666666666666	5.0
2021-10-16	0.0	13.75	5.125
2021-10-17	0.0	24.916666666666668	5.875
2021-10-18	0.0	13.916666666666666	5.25
2021-10-19	0.0	123.08333333333333	17.541666666666668
2021-10-20	0.0	81.25	11.541666666666666
2021-10-21	0.0	57.583333333333336	9.0
2021-10-22	0.0	19.0	5.375
2021-10-23	0.0	10.25	5.0
2021-10-24	0.0	10.0	5.0
2021-10-25	0.0	10.0	5.0
2021-10-26	0.0	10.0	5.0
2021-10-27	0.0	10.0	5.0
2021-10-28	0.0	67.78260869565217	11.347826086956522
2021-10-29	0.0	75.91666666666667	11.291666666666666
2021-10-30	0.0	20.217391304347824	5.391304347826087
2021-10-31	0.0	27.625	6.458333333333333
2021-11-01	0.0	190.0	33.208333333333336
2021-11-02	0.0	185.08333333333334	30.791666666666668
2021-11-03	0.0	78.33333333333333	11.25
2021-11-04	0.0	44.75	7.541666666666667
2021-11-05	0.0	29.958333333333332	6.166666666666667
2021-11-06	0.0	20.375	5.416666666666667
2021-11-07	0.0	14.0	5.0
2021-11-08	0.0	10.25	5.0
2021-11-09	0.0	15.708333333333334	5.416666666666667
2021-11-10	0.0	47.458333333333336	7.958333333333333
2021-11-11	0.0	18.458333333333332	5.083333333333333
2021-11-12	0.0	34.541666666666664	6.583333333333333
2021-11-13	0.0	18.0	5.25
2021-11-14	0.0	10.541666666666666	5.0
2021-11-15	0.0	10.0	5.0
2021-11-16	0.0	10.0	5.0
2021-11-17	0.0	10.0	5.0
2021-11-18	0.0	10.0	5.0
2021-11-19	0.0	12.541666666666666	5.125
2021-11-20	0.0	47.958333333333336	7.833333333333333
2021-11-21	0.0	45.833333333333336	7.625
2021-11-22	0.0	18.75	5.333333333333333
2021-11-23	0.0	10.166666666666666	5.0
2021-11-24	0.0	10.0	5.0
2021-11-25	0.0	10.0	5.583333333333333
2021-11-26	0.0	10.0	7.0
2021-11-27	0.0	45.916666666666664	11.458333333333334
2021-11-28	0.0	77.125	15.708333333333334
2021-11-29	0.0	24.916666666666668	8.583333333333334
2021-11-30	0.0	12.083333333333334	7.083333333333333
2021-12-01	0.0	14.958333333333334	7.5
2021-12-02	0.0	23.583333333333332	8.416666666666666
2021-12-03	0.0	10.791666666666666	7.0
2021-12-04	0.0	10.0	7.0
2021-12-05	0.0	10.0	7.0
2021-12-06	0.0	10.5	7.041666666666667
2021-12-07	0.0	24.541666666666668	8.625
2021-12-08	0.0	28.208333333333332	9.125
2021-12-09	0.0	27.666666666666668	9.041666666666666
2021-12-10	0.0	10.75	7.0
2021-12-11	0.0	10.0	7.0
2021-12-12	0.0	12.291666666666666	7.208333333333333
2021-12-13	0.0	34.5	9.958333333333334
2021-12-14	0.0	16.25	7.583333333333333
2021-12-15	0.0	20.958333333333332	8.208333333333334
2021-12-16	0.0	49.375	11.833333333333334
2021-12-17	0.0	32.041666666666664	9.541666666666666
2021-12-18	0.0	50.291666666666664	11.833333333333334
2021-12-19	0.0	116.91666666666667	21.958333333333332
2021-12-20	0.0	65.04166666666667	13.916666666666666
2021-12-21	0.0	34.125	9.708333333333334
2021-12-22	0.0	23.166666666666668	8.291666666666666
2021-12-23	0.0	19.791666666666668	8.0
2021-12-24	0.0	15.5	7.416666666666667
2021-12-25	0.0	10.958333333333334	7.0
2021-12-26	0.0	10.0	7.0
2021-12-27	0.0	12.0	7.208333333333333
2021-12-28	0.0	15.125	7.5
2021-12-29	0.0	10.0	7.0
2021-12-30	0.0	10.0	7.0
2021-12-31	0.0	25.375	8.708333333333334
2022-01-01	0.0	78.83333333333333	15.875
2022-01-02	0.0	74.625	15.208333333333334
2022-01-03	0.0	73.29166666666667	14.958333333333334
2022-01-04	0.0	59.625	13.041666666666666
2022-01-05	0.0	64.83333333333333	13.708333333333334
2022-01-06	0.0	56.416666666666664	12.791666666666666
2022-01-07	0.0	97.83333333333333	18.791666666666668
2022-01-08	0.0	111.41666666666667	20.791666666666668
2022-01-09	0.0	71.70833333333333	14.791666666666666
2022-01-10	0.0	84.66666666666667	16.708333333333332
2022-01-11	0.0	66.95833333333333	14.125
2022-01-12	0.0	84.125	16.5
2022-01-13	0.0	107.625	20.375
2022-01-14	0.0	99.29166666666667	19.083333333333332
2022-01-15	0.0	55.333333333333336	12.541666666666666
2022-01-16	0.0	43.583333333333336	10.958333333333334
2022-01-17	0.0	68.29166666666667	14.375
2022-01-18	0.0	56.25	12.625
2022-01-19	0.0	37.916666666666664	10.208333333333334
2022-01-20	0.0	33.833333333333336	9.708333333333334
2022-01-21	0.0	36.291666666666664	9.958333333333334
2022-01-22	0.0	39.291666666666664	10.291666666666666
2022-01-23	0.0	61.708333333333336	13.625
2022-01-24	0.0	56.416666666666664	12.708333333333334
2022-01-25	0.0	54.791666666666664	12.458333333333334
2022-01-26	0.0	73.16666666666667	15.0
2022-01-27	0.0	39.375	10.416666666666666
2022-01-28	0.0	43.041666666666664	10.75
2022-01-29	0.0	45.708333333333336	11.125
2022-01-30	0.0	83.8695652173913	16.73913043478261
2022-01-31	0.0	298.875	58.333333333333336
2022-02-01	0.0	1049.0	284.5
2022-02-02	0.0	825.2083333333334	206.91666666666666
2022-02-03	0.0	169.95833333333334	60.1764705882353
2022-02-04	0.0	190.66666666666666	66.88235294117646
2022-02-05	0.0	158.20833333333334	71.125
2022-02-06	0.0	-215.125	4.428571428571429
2022-02-07	0.0	16.916666666666668	24.846153846153847
2022-02-08	0.0	505.25	107.54166666666667
2022-02-09	0.0	549.5	119.54166666666667
2022-02-10	0.0	178.82608695652175	41.9
2022-02-11	0.0	220.625	40.666666666666664
2022-02-12	0.0	189.41666666666666	34.541666666666664
2022-02-13	0.0	142.95833333333334	26.0
2022-02-14	0.0	126.75	23.291666666666668
2022-02-15	0.0	133.0	24.25
2022-02-16	0.0	147.5	26.75
2022-02-17	0.0	132.45833333333334	24.083333333333332
2022-02-18	0.0	114.125	21.166666666666668
2022-02-19	0.0	110.91304347826087	20.782608695652176
2022-02-20	0.0	97.95833333333333	18.583333333333332
2022-02-21	0.0	89.52173913043478	17.304347826086957
2022-02-22	0.0	93.41666666666667	17.916666666666668
2022-02-23	0.0	98.79166666666667	18.875
2022-02-24	0.0	93.54166666666667	17.958333333333332
2022-02-25	0.0	81.75	16.208333333333332
2022-02-26	0.0	70.0	14.541666666666666
2022-02-27	0.0	64.04166666666667	13.833333333333334
2022-02-28	0.0	60.25	13.0
2022-03-01	0.0	56.375	12.708333333333334
2022-03-02	0.0	63.458333333333336	13.625
2022-03-03	0.0	55.458333333333336	12.416666666666666
2022-03-04	0.0	49.875	12.0
2022-03-05	0.0	46.041666666666664	11.083333333333334
2022-03-06	0.0	44.888888888888886	11.0
2022-03-07	0.0	42.416666666666664	11.0
2022-03-08	0.0	39.166666666666664	10.125
2022-03-09	0.0	36.416666666666664	10.0
2022-03-10	0.0	34.166666666666664	10.0
2022-03-11	0.0	40.666666666666664	10.833333333333334
2022-03-12	0.0	48.25	11.583333333333334
2022-03-13	0.0	51.083333333333336	11.833333333333334
2022-03-14	0.0	52.75	12.291666666666666
2022-03-15	0.0	57.208333333333336	12.791666666666666
2022-03-16	0.0	59.666666666666664	12.958333333333334
2022-03-17	0.0	46.625	11.416666666666666
2022-03-18	0.0	37.041666666666664	10.083333333333334
2022-03-19	0.0	31.75	9.25
2022-03-20	0.0	33.083333333333336	9.5
2022-03-21	0.0	34.125	9.708333333333334
2022-03-22	0.0	29.083333333333332	9.0
2022-03-23	0.0	25.291666666666668	8.75
2022-03-24	0.0	22.125	8.0
2022-03-25	0.0	19.541666666666668	8.0
2022-03-26	0.0	18.583333333333332	8.0
2022-03-27	0.0	19.0	8.0
2022-03-28	0.0	23.25	8.416666666666666
2022-03-29	0.0	53.75	12.291666666666666
2022-03-30	0.0	32.041666666666664	9.541666666666666
2022-03-31	0.0	26.916666666666668	8.916666666666666
2022-04-01	0.0	57.333333333333336	13.041666666666666
2022-04-02	0.0	71.70833333333333	14.875
2022-04-03	0.0	38.041666666666664	10.291666666666666
2022-04-04	0.0	30.25	9.25
2022-04-05	0.0	22.458333333333332	8.125
2022-04-06	0.0	19.708333333333332	8.0
2022-04-07	0.0	23.208333333333332	8.244583333333333
2022-04-08	0.0	23.125	8.386666666666667
2022-04-09	0.0	19.375	7.943333333333334
2022-04-10	0.0	48.458333333333336	11.668333333333335
2022-04-11	0.0	49.375	11.754583333333334
2022-04-12	0.0	23.25	8.400416666666667
2022-04-13	0.0	32.458333333333336	9.609583333333333
2022-04-14	0.0	40.375	10.5575
2022-04-15	0.0	21.541666666666668	8.197083333333333
2022-04-16	0.0	16.666666666666668	7.624583333333334
2022-04-17	0.0	13.0	7.202500000000001
2022-04-18	0.0	11.0	6.98
2022-04-19	0.0	9.625	6.824166666666667
2022-04-20	0.0	8.083333333333334	6.649166666666666
2022-04-21	0.0	7.5	6.585
2022-04-22	0.0	5.833333333333333	6.401666666666666
2022-04-23	0.0	5.0	6.31
2022-04-24	0.0	4.0	6.2004166666666665
2022-04-25	0.0	3.0	6.099999999999999
2022-04-26	0.0	3.0	6.099999999999999
2022-04-27	0.0	3.0	6.099999999999999
2022-04-28	0.0	3.0	6.099999999999999
2022-04-29	0.0	3.0	6.099999999999999
2022-04-30	0.0	2.2083333333333335	6.0129166666666665
2022-05-01	0.0	2.0	5.989999999999999
2022-05-02	0.0	2.0	5.989999999999999
2022-05-03	0.0	2.0	5.989999999999999
2022-05-04	0.0	2.0	5.989999999999999
2022-05-05	0.0	2.0	5.989999999999999
2022-05-06	0.0	2.0	5.989999999999999
2022-05-07	0.0	2.0	5.989999999999999
2022-05-08	0.0	2.0	5.989999999999999
2022-05-09	0.0	2.0	5.989999999999999
2022-05-10	0.0	2.0	5.989999999999999
2022-05-11	0.0	2.0	5.989999999999999
2022-05-12	0.0	1.7916666666666667	5.967083333333334
2022-05-13	0.0	1.0	5.88
2022-05-14	0.0	1.0	5.88
2022-05-15	0.0	1.0	5.88
2022-05-16	0.0	14.083333333333334	7.3429166666666665
2022-05-17	0.0	13.208333333333334	7.229166666666667
2022-05-18	0.0	4.291666666666667	6.236249999999999
2022-05-19	0.0	0.75	5.859999999999999
2022-05-20	0.0	-3.0	5.46
2022-05-21	0.0	-3.0	5.46
2022-05-22	0.0	-3.625	5.3975
2022-05-23	0.0	-4.0	5.36
2022-05-24	0.0	-4.0	5.36
2022-05-25	0.0	-4.0	5.36
2022-05-26	0.0	-4.0	5.36
2022-05-27	0.0	-4.0	5.36
2022-05-28	0.0	-4.0	5.36
2022-05-29	0.0	-4.0	5.36
2022-05-30	0.0	-4.0	5.36
2022-05-31	0.0	-4.0	5.36
2022-06-01	0.0	-4.0	5.36
2022-06-02	0.0	-4.0	5.36
2022-06-03	0.0	-4.0	5.36
2022-06-04	0.0	-4.916666666666667	5.259166666666666
2022-06-05	0.0	-5.0	5.25
2022-06-06	0.0	-5.0	5.25
2022-06-07	0.0	-5.0	5.25
2022-06-08	0.0	-5.0	5.25
2022-06-09	0.0	-5.0	5.25
2022-06-10	0.0	-5.0	5.25
2022-06-11	0.0	-5.0	5.25
2022-06-12	0.0	-5.0	5.25
2022-06-13	0.0	-5.0	5.25
2022-06-14	0.0	-5.0	5.25
2022-06-15	0.0	-5.0	5.25
2022-06-16	0.0	-5.0	5.25
2022-06-17	0.0	-5.541666666666667	5.195833333333334
2022-06-18	0.0	-6.0	5.15
2022-06-19	0.0	-6.0	5.15
2022-06-20	0.0	-6.0	5.15
2022-06-21	0.0	-6.0	5.15
2022-06-22	0.0	-6.0	5.15
2022-06-23	0.0	-6.0	5.15
2022-06-24	0.0	-6.0	5.15
2022-06-25	0.0	-6.0	5.15
2022-06-26	0.0	-6.0	5.15
2022-06-27	0.0	-6.0	5.15
2022-06-28	0.0	-6.0	5.15
2022-06-29	0.0	-6.0	5.15
2022-06-30	0.0	-6.208333333333333	5.129166666666667
2022-07-01	0.0	-7.0	5.05
2022-07-02	0.0	-7.0	5.05
2022-07-03	0.0	-7.0	5.05
2022-07-04	0.0	-7.0	5.05
2022-07-05	0.0	-7.0	5.05
2022-07-06	0.0	-7.0	5.05
2022-07-07	0.0	-7.0	5.05
2022-07-08	0.0	-7.0	5.05
2022-07-09	0.0	-7.0	5.05
2022-07-10	0.0	-7.0	5.05
2022-07-11	0.0	-7.0	5.05
2022-07-12	0.0	-7.0	5.05
2022-07-13	0.0	-7.0	5.05
2022-07-14	0.0	-7.0	5.05
2022-07-15	0.0	-7.125	5.0375000000000005
2022-07-16	0.0	11.08695652173913	7.270434782608696
2022-07-17	0.0	72.5	14.8925
2022-07-18	0.0	72.16666666666667	14.842916666666667
2022-07-19	0.0	72.41666666666667	11.952083333333334
2022-07-20	0.0	71.33333333333333	3.0976470588235294
2022-07-21	0.0	71.5	3.0481818181818183
2022-07-22	0.0	71.16666666666667	3.047894736842105
2022-07-23	0.0	70.70833333333333	3.0324999999999998
2022-07-24	0.0	70.33333333333333	3.012
2022-07-25	0.0	69.70833333333333	2.9628571428571426
2022-07-26	0.0	69.91666666666667	2.9713333333333334
2022-07-27	0.0	69.70833333333333	2.9387499999999998
2022-07-28	0.0	69.29166666666667	2.8379166666666666
2022-07-29	0.0	68.58333333333333	2.780416666666667
2022-07-30	0.0	67.75	2.7083333333333335
2022-07-31	0.0	67.70833333333333	2.70375
2022-08-01	0.0	67.54166666666667	2.69
2022-08-02	0.0	66.875	2.63625
2022-08-03	0.0	66.70833333333333	2.6225
2022-08-04	0.0	66.66666666666667	2.6191666666666666
2022-08-05	0.0	65.95833333333333	2.5616666666666665
2022-08-06	0.0	65.54166666666667	2.527083333333333
2022-08-07	0.0	64.83333333333333	2.4675
2022-08-08	0.0	64.70833333333333	2.4566666666666666
2022-08-09	0.0	65.70833333333333	2.5379166666666664
2022-08-10	0.0	70.70833333333333	2.9616666666666664
2022-08-11	0.0	76.25	3.4425000000000003
2022-08-12	0.0	75.41666666666667	3.37125
2022-08-13	0.0	71.08333333333333	2.9929166666666664
2022-08-14	0.0	68.91666666666667	2.807916666666667
2022-08-15	0.0	67.91666666666667	2.7225
2022-08-16	0.0	66.95833333333333	2.6425
2022-08-17	0.0	66.54166666666667	2.60875
2022-08-18	0.0	65.79166666666667	2.5479166666666666
2022-08-19	0.0	64.20833333333333	2.4166666666666665
2022-08-20	0.0	63.416666666666664	2.353333333333333
2022-08-21	0.0	63.333333333333336	2.3466666666666667
2022-08-22	0.0	64.0	2.4
2022-08-23	0.0	63.666666666666664	2.3733333333333335
2022-08-24	0.0	62.958333333333336	2.316666666666667
2022-08-25	0.0	62.208333333333336	2.2566666666666664
2022-08-26	0.0	61.791666666666664	2.225416666666667
2022-08-27	0.0	60.958333333333336	2.160833333333333
2022-08-28	0.0	60.583333333333336	2.13125
2022-08-29	0.0	60.5	2.125
2022-08-30	0.0	60.166666666666664	2.1
2022-08-31	0.0	59.875	2.07875
2022-09-01	0.0	60.041666666666664	2.0887499999999997
2022-09-02	0.0	60.083333333333336	2.0933333333333333
2022-09-03	0.0	59.083333333333336	2.0175
2022-09-04	0.0	58.041666666666664	1.9395833333333332
2022-09-05	0.0	57.708333333333336	1.914583333333333
2022-09-06	0.0	57.5	1.9004166666666666
2022-09-07	0.0	57.166666666666664	1.8766666666666667
2022-09-08	0.0	57.083333333333336	1.8704166666666666
2022-09-09	0.0	56.625	1.8375000000000001
2022-09-10	0.0	56.625	1.83375
2022-09-11	0.0	58.041666666666664	1.9408333333333332
2022-09-12	0.0	57.458333333333336	1.8970833333333335
2022-09-13	0.0	57.291666666666664	1.8845833333333333
2022-09-14	0.0	57.0	1.8629166666666668
2022-09-15	0.0	57.791666666666664	1.9216666666666666
2022-09-16	0.0	62.583333333333336	2.2916666666666665
2022-09-17	0.0	65.625	2.533333333333333
2022-09-18	0.0	64.33333333333333	2.4266666666666667
2022-09-19	0.0	62.125	2.2516666666666665
2022-09-20	0.0	60.458333333333336	2.1216666666666666
2022-09-21	0.0	59.333333333333336	2.03875
2022-09-22	0.0	61.25	2.18375
2022-09-23	0.0	110.125	7.230833333333333
2022-09-24	0.0	104.83333333333333	6.3691666666666675
2022-09-25	0.0	76.95833333333333	3.515416666666667
2022-09-26	0.0	68.91666666666667	2.8074999999999997
2022-09-27	0.0	68.08333333333333	2.736666666666667
2022-09-28	0.0	74.375	3.279583333333333
2022-09-29	0.0	76.08333333333333	3.4283333333333332
2022-09-30	0.0	81.0	3.8808333333333334
2022-10-01	0.0	75.16666666666667	3.3495833333333334
2022-10-02	0.0	87.54166666666667	4.5183333333333335
2022-10-03	0.0	80.25	3.81875
2022-10-04	0.0	71.625	3.0387500000000003
2022-10-05	0.0	69.91666666666667	2.8941666666666666
2022-10-06	0.0	68.58333333333333	2.7783333333333338
2022-10-07	0.0	125.95833333333333	9.142083333333334
2022-10-08	0.0	165.79166666666666	14.034166666666666
2022-10-09	0.0	106.45833333333333	6.503333333333334
2022-10-10	0.0	88.29166666666667	4.5808333333333335
2022-10-11	0.0	165.66666666666666	14.095416666666667
2022-10-12	0.0	103.70833333333333	6.198333333333333
2022-10-13	0.0	85.33333333333333	4.295416666666667
2022-10-14	0.0	77.75	3.5812500000000003
2022-10-15	0.0	73.0	3.15625
2022-10-16	0.0	69.95833333333333	2.8941666666666666
2022-10-17	0.0	68.0	2.7304166666666667
2022-10-18	0.0	66.83333333333333	2.6320833333333336
2022-10-19	0.0	66.0	2.5641666666666665
2022-10-20	0.0	65.54166666666667	2.5262499999999997
2022-10-21	0.0	67.08333333333333	2.652083333333333
2022-10-22	0.0	77.45833333333333	3.560416666666667
2022-10-23	0.0	74.58333333333333	3.297083333333333
2022-10-24	0.0	69.75	2.87625
2022-10-25	0.0	68.79166666666667	2.79625
2022-10-26	0.0	65.66666666666667	2.5375
2022-10-27	0.0	64.375	2.43
2022-10-28	0.0	64.625	2.4516666666666667
2022-10-29	0.0	66.54166666666667	2.6091666666666664
2022-10-30	0.0	77.29166666666667	3.595
2022-10-31	0.0	129.36363636363637	9.20590909090909
2022-11-01	0.0	171.375	14.754166666666668
2022-11-02	0.0	128.8695652173913	9.160434782608695
2022-11-03	0.0	95.95833333333333	5.359999999999999
2022-11-04	0.0	85.08695652173913	4.268260869565218
2022-11-05	0.0	80.16666666666667	3.8008333333333333
2022-11-06	0.0	76.625	3.4762500000000003
2022-11-07	0.0	73.75	3.2225
2022-11-08	0.0	74.54166666666667	3.2933333333333334
2022-11-09	0.0	97.5	5.531666666666666
2022-11-10	0.0	106.58333333333333	6.490416666666667
2022-11-11	0.0	89.91666666666667	4.749583333333333
2022-11-12	0.0	78.91666666666667	3.686666666666667
2022-11-13	0.0	77.91666666666667	3.5966666666666662
2022-11-14	0.0	75.5	3.375
2022-11-15	0.0	80.75	3.8629166666666666
2022-11-16	0.0	86.69565217391305	4.428260869565217
2022-11-17	0.0	78.0	3.6020833333333333
2022-11-18	0.0	79.58333333333333	3.74875
2022-11-19	0.0	73.125	3.1666666666666665
2022-11-20	0.0	69.83333333333333	2.8825000000000003
2022-11-21	0.0	68.16666666666667	2.7445833333333334
2022-11-22	0.0	66.95833333333333	2.642916666666667
2022-11-23	0.0	66.41666666666667	2.59875
2022-11-24	0.0	69.29166666666667	2.8408333333333338
2022-11-25	0.0	97.75	5.583749999999999
2022-11-26	0.0	96.66666666666667	5.452083333333333
2022-11-27	0.0	78.54166666666667	3.654166666666667
2022-11-28	0.0	89.375	4.749583333333333
2022-11-29	0.0	128.29166666666666	9.0425
2022-11-30	0.0	115.125	7.449166666666667
2022-12-01	0.0	109.25	6.80875
2022-12-02	0.0	159.91666666666666	13.15
2022-12-03	0.0	116.875	7.687916666666666
2022-12-04	0.0	97.08333333333333	5.47
2022-12-05	0.0	142.91666666666666	10.901666666666666
2022-12-06	0.0	202.125	19.404166666666665
2022-12-07	0.0	253.66666666666666	28.3125
2022-12-08	0.0	341.5	44.9375
2022-12-09	0.0	184.125	16.695833333333333
2022-12-10	0.0	141.41666666666666	10.669583333333334
2022-12-11	0.0	127.75	8.944583333333332
2022-12-12	0.0	135.58333333333334	9.934583333333334
2022-12-13	0.0	299.0	36.358333333333334
2022-12-14	0.0	431.0833333333333	63.9625
2022-12-15	0.0	372.6666666666667	52.01666666666667
2022-12-16	0.0	213.04166666666666	21.070833333333333
2022-12-17	0.0	193.83333333333334	18.045833333333334
2022-12-18	0.0	165.16666666666666	13.854166666666666
2022-12-19	0.0	149.79166666666666	11.758333333333333
2022-12-20	0.0	145.20833333333334	11.154166666666667
2022-12-21	0.0	204.95833333333334	19.820833333333333
2022-12-22	0.0	170.0	14.5875
2022-12-23	0.0	150.91666666666666	11.908333333333333
2022-12-24	0.0	134.54166666666666	9.780416666666667
2022-12-25	0.0	127.5	8.912083333333333
2022-12-26	0.0	151.66666666666666	12.445833333333333
2022-12-27	0.0	351.25	46.55833333333334
2022-12-28	0.0	293.1666666666667	35.05416666666667
2022-12-29	0.0	330.2083333333333	42.324999999999996
2022-12-30	0.0	244.91666666666666	26.370833333333334
2022-12-31	0.0	205.83333333333334	19.904166666666665
2023-01-01	0.0	207.29166666666666	20.254166666666666
2023-01-02	0.0	256.5	28.441666666666666
2023-01-03	0.0	234.6086956521739	24.58695652173913
2023-01-04	0.0	338.17391304347825	43.926086956521736
2023-01-05	0.0	296.0833333333333	35.67916666666667
2023-01-06	0.0	389.75	54.666666666666664
2023-01-07	0.0	445.375	67.14999999999999
2023-01-08	0.0	456.8333333333333	69.79166666666667
2023-01-09	0.0	391.9166666666667	55.275
2023-01-10	0.0	384.0416666666667	53.75833333333333
2023-01-11	0.0	476.9583333333333	74.57916666666667
2023-01-12	0.0	445.69565217391306	67.21739130434783
2023-01-13	0.0	431.3333333333333	63.90416666666667
2023-01-14	0.0	457.25	69.90833333333333
2023-01-15	0.0	444.9166666666667	67.05
2023-01-16	0.0	395.0833333333333	55.833333333333336
2023-01-17	0.0	368.5	50.166666666666664
2023-01-18	0.0	300.75	36.55833333333333
2023-01-19	0.0	275.1666666666667	31.712500000000002
2023-01-20	0.0	285.7916666666667	33.6875
2023-01-21	0.0	395.0	56.00869565217391
2023-01-22	0.0	439.5	65.78333333333333
2023-01-23	0.0	381.0416666666667	52.887499999999996
2023-01-24	0.0	358.1666666666667	48.1
2023-01-25	0.0	376.7916666666667	52.05833333333334
2023-01-26	0.0	283.4583333333333	33.25833333333333
2023-01-27	0.0	256.125	28.291666666666668
2023-01-28	0.0	285.5	33.666666666666664
2023-01-29	0.0	271.5416666666667	31.054166666666664
2023-01-30	0.0	330.125	42.56666666666667
2023-01-31	0.0	328.2916666666667	41.9375
2023-02-01	0.0	280.1666666666667	32.63333333333333
2023-02-02	0.0	366.5	49.791666666666664
2023-02-03	0.0	353.9166666666667	47.07916666666667
2023-02-04	0.0	293.875	35.291666666666664
2023-02-05	0.0	250.375	27.3
2023-02-06	0.0	234.16666666666666	24.5125
2023-02-07	0.0	248.33333333333334	26.962500000000002
2023-02-08	0.0	233.375	24.400000000000002
2023-02-09	0.0	223.04166666666666	22.675
2023-02-10	0.0	219.20833333333334	22.037499999999998
2023-02-11	0.0	242.33333333333334	25.900000000000002
2023-02-12	0.0	240.04166666666666	25.5125
2023-02-13	0.0	369.4166666666667	50.67916666666667
2023-02-14	0.0	367.0416666666667	50.0625
2023-02-15	0.0	298.4166666666667	36.0625
2023-02-16	0.0	315.1666666666667	39.25416666666667
2023-02-17	0.0	284.875	33.520833333333336
2023-02-18	0.0	255.33333333333334	28.183333333333334
2023-02-19	0.0	298.7083333333333	36.30416666666667
2023-02-20	0.0	352.5	46.90833333333333
2023-02-21	0.0	259.2916666666667	28.883333333333336
2023-02-22	0.0	262.3333333333333	29.391666666666666
2023-02-23	0.0	242.08333333333334	25.870833333333334
2023-02-24	0.0	232.04166666666666	24.162499999999998
2023-02-25	0.0	243.5	26.108333333333334
2023-02-26	0.0	285.8333333333333	33.90833333333333
2023-02-27	0.0	259.5833333333333	28.90833333333333
2023-02-28	0.0	231.41666666666666	24.075
2023-03-01	0.0	214.625	21.3125
2023-03-02	0.0	292.125	35.11666666666667
2023-03-03	0.0	264.5833333333333	29.820833333333336
2023-03-04	0.0	277.2083333333333	32.09166666666667
2023-03-05	0.0	302.375	36.96666666666667
2023-03-06	0.0	396.1666666666667	56.104166666666664
2023-03-07	0.0	439.875	65.8625
2023-03-08	0.0	331.0416666666667	42.63333333333333
2023-03-09	0.0	258.5	28.71666666666667
2023-03-10	0.0	239.91666666666666	25.495833333333334
2023-03-11	0.0	282.25	33.11666666666667
2023-03-12	0.0	332.4166666666667	43.00833333333333
2023-03-13	0.0	366.9166666666667	49.86666666666667
2023-03-14	0.0	372.2608695652174	50.97826086956522
2023-03-15	0.0	274.0	31.55
2023-03-16	0.0	243.91666666666666	26.179166666666664
2023-03-17	0.0	231.54166666666666	24.070833333333336
2023-03-18	0.0	223.95833333333334	22.816666666666666
2023-03-19	0.0	217.70833333333334	21.804166666666664
2023-03-20	0.0	214.08333333333334	21.204166666666666
2023-03-21	0.0	251.56521739130434	27.61304347826087
2023-03-22	0.0	229.08333333333334	23.708333333333332
2023-03-23	0.0	210.27777777777777	20.61111111111111
2023-03-24	0.0	202.42857142857142	19.371428571428574
2023-03-25	0.0	198.95833333333334	18.833333333333332
2023-03-26	0.0	194.58333333333334	18.170833333333334
2023-03-27	0.0	191.66666666666666	17.725
2023-03-28	0.0	194.70833333333334	18.175
2023-03-29	0.0	193.5	18.004166666666666
2023-03-30	0.0	195.41666666666666	18.287499999999998
2023-03-31	0.0	188.29166666666666	17.216666666666665
2023-04-01	0.0	190.45833333333334	17.55
2023-04-02	0.0	186.66666666666666	16.974999999999998
2023-04-03	0.0	179.875	15.945833333333333
2023-04-04	0.0	177.20833333333334	15.5625
2023-04-05	0.0	177.08333333333334	15.5375
2023-04-06	0.0	197.79166666666666	18.7375
2023-04-07	0.0	193.83333333333334	18.070833333333333
2023-04-08	0.0	228.83333333333334	23.679166666666664
2023-04-09	0.0	219.20833333333334	22.079166666666666
2023-04-10	0.0	213.45833333333334	21.166666666666668
2023-04-11	0.0	186.79166666666666	16.995833333333334
2023-04-12	0.0	183.54166666666666	16.504166666666666
2023-04-13	0.0	198.95833333333334	18.825
2023-04-14	0.0	186.95833333333334	17.025000000000002
2023-04-15	0.0	226.95833333333334	23.395833333333332
2023-04-16	0.0	200.25	19.0625
2023-04-17	0.0	182.45833333333334	16.349999999999998
2023-04-18	0.0	178.95833333333334	15.816666666666668
2023-04-19	0.0	209.79166666666666	20.6125
2023-04-20	0.0	241.58333333333334	25.833333333333332
2023-04-21	0.0	191.54166666666666	17.712500000000002
2023-04-22	0.0	179.33333333333334	15.875
2023-04-23	0.0	175.29166666666666	15.2875
2023-04-24	0.0	172.75	14.924999999999999
2023-04-25	0.0	169.70833333333334	14.479166666666666
2023-04-26	0.0	168.5	14.3125
2023-04-27	0.0	183.16666666666666	16.470833333333335
2023-04-28	0.0	174.5	15.174999999999999
2023-04-29	0.0	167.91666666666666	14.241666666666667
2023-04-30	0.0	165.0	13.825000000000001
2023-05-01	0.0	164.25	13.720833333333333
2023-05-02	0.0	163.91666666666666	13.670833333333334
2023-05-03	0.0	160.45833333333334	13.195833333333333
2023-05-04	0.0	158.20833333333334	12.895833333333334
2023-05-05	0.0	156.54166666666666	12.666666666666666
2023-05-06	0.0	155.375	12.512500000000001
2023-05-07	0.0	154.08333333333334	12.3375
2023-05-08	0.0	152.16666666666666	12.0625
2023-05-09	0.0	147.41666666666666	11.441666666666668
2023-05-10	0.0	146.625	11.341666666666667
2023-05-11	0.0	146.54166666666666	11.329166666666666
2023-05-12	0.0	145.625	11.220833333333333
2023-05-13	0.0	143.54166666666666	10.929166666666667
2023-05-14	0.0	141.79166666666666	10.720833333333333
2023-05-15	0.0	140.83333333333334	10.549999999999999
2023-05-16	0.0	140.0	10.4625
2023-05-17	0.0	139.08333333333334	10.362499999999999
2023-05-18	0.0	138.75	10.317083333333334
2023-05-19	0.0	138.04166666666666	10.210833333333333
2023-05-20	0.0	137.45833333333334	10.133333333333333
2023-05-21	0.0	136.70833333333334	10.047083333333333
2023-05-22	0.0	136.25	9.9975
2023-05-23	0.0	135.54166666666666	9.91125
2023-05-24	0.0	134.95833333333334	9.837916666666667
2023-05-25	0.0	134.25	9.74625
2023-05-26	0.0	133.79166666666666	9.686666666666667
2023-05-27	0.0	133.20833333333334	9.613750000000001
2023-05-28	0.0	132.41666666666666	9.515833333333333
2023-05-29	0.0	132.66666666666666	9.545833333333334
2023-05-30	0.0	132.375	9.509166666666667
2023-05-31	0.0	135.75	9.933333333333334
2023-06-01	0.0	191.0	17.666666666666668
2023-06-02	0.0	152.625	12.141666666666666
2023-06-03	0.0	139.95833333333334	10.470833333333333
2023-06-04	0.0	135.41666666666666	9.890833333333333
2023-06-05	0.0	133.20833333333334	9.614583333333334
2023-06-06	0.0	132.20833333333334	9.490416666666667
2023-06-07	0.0	131.0	9.338333333333333
2023-06-08	0.0	129.79166666666666	9.190416666666666
2023-06-09	0.0	129.125	9.110416666666667
2023-06-10	0.0	127.70833333333333	8.935
2023-06-11	0.0	127.29166666666667	8.885
2023-06-12	0.0	126.66666666666667	8.81
2023-06-13	0.0	126.41666666666667	8.78
2023-06-14	0.0	126.54166666666667	8.795
2023-06-15	0.0	127.08333333333333	8.860000000000001
2023-06-16	0.0	129.875	9.202083333333334
2023-06-17	0.0	132.0	9.465000000000002
2023-06-18	0.0	127.625	8.92625
2023-06-19	0.0	124.95833333333333	8.604999999999999
2023-06-20	0.0	124.0	8.49
2023-06-21	0.0	123.08333333333333	8.38
2023-06-22	0.0	122.58333333333333	8.32
2023-06-23	0.0	121.5	8.19125
2023-06-24	0.0	120.66666666666667	8.092916666666667
2023-06-25	0.0	120.29166666666667	8.048333333333334
2023-06-26	0.0	119.875	7.998750000000001
2023-06-27	0.0	119.29166666666667	7.929583333333333
2023-06-28	0.0	118.5	7.8374999999999995
2023-06-29	0.0	118.0	7.78125
2023-06-30	0.0	117.08333333333333	7.673750000000001
2023-07-01	0.0	116.79166666666667	7.638750000000001
2023-07-02	0.0	116.08333333333333	7.555833333333333
2023-07-03	0.0	115.45833333333333	7.485833333333333
2023-07-04	0.0	114.66666666666667	7.394166666666667
2023-07-05	0.0	114.45833333333333	7.369166666666666
2023-07-06	0.0	114.25	7.345
2023-07-07	0.0	113.79166666666667	7.293333333333333
2023-07-08	0.0	113.25	7.233333333333333
2023-07-09	0.0	112.66666666666667	7.166250000000001
2023-07-10	0.0	112.45833333333333	7.142083333333333
2023-07-11	0.0	111.83333333333333	7.072916666666667
2023-07-12	0.0	111.41666666666667	7.024583333333333
2023-07-13	0.0	111.16666666666667	6.997083333333333
2023-07-14	0.0	113.33333333333333	7.24125
2023-07-15	0.0	119.83333333333333	7.995416666666667
2023-07-16	0.0	114.125	7.332083333333333
2023-07-17	0.0	112.45833333333333	7.142083333333333
2023-07-18	0.0	111.91666666666667	7.082083333333333
2023-07-19	0.0	110.29166666666667	6.89875
2023-07-20	0.0	109.875	6.8525
2023-07-21	0.0	108.20833333333333	6.664166666666667
2023-07-22	0.0	107.54166666666667	6.589583333333334
2023-07-23	0.0	106.95833333333333	6.525416666666666
2023-07-24	0.0	106.875	6.516249999999999
2023-07-25	0.0	106.25	6.447500000000001
2023-07-26	0.0	106.20833333333333	6.442916666666666
2023-07-27	0.0	105.33333333333333	6.347083333333334
2023-07-28	0.0	104.58333333333333	6.267499999999999
2023-07-29	0.0	103.58333333333333	6.158333333333334
2023-07-30	0.0	103.41666666666667	6.140000000000001
2023-07-31	0.0	103.08333333333333	6.103333333333333
2023-08-01	0.0	102.625	6.055
2023-08-02	0.0	102.08333333333333	6.000416666666666
2023-08-03	0.0	101.66666666666667	5.95625
2023-08-04	0.0	101.0	5.88375
2023-08-05	0.0	100.125	5.788333333333333
2023-08-06	0.0	99.41666666666667	5.714166666666666
2023-08-07	0.0	98.66666666666667	5.6375
2023-08-08	0.0	98.45833333333333	5.614583333333333
2023-08-09	0.0	97.70833333333333	5.53375
2023-08-10	0.0	96.95833333333333	5.454583333333333
2023-08-11	0.0	96.20833333333333	5.3775
2023-08-12	0.0	95.58333333333333	5.314166666666667
2023-08-13	0.0	94.70833333333333	5.2250000000000005
2023-08-14	0.0	95.95833333333333	5.3525
2023-08-15	0.0	96.20833333333333	5.3775
2023-08-16	0.0	95.125	5.267083333333334
2023-08-17	0.0	94.45833333333333	5.199583333333334
2023-08-18	0.0	93.58333333333333	5.108333333333333
2023-08-19	0.0	92.875	5.0375000000000005
2023-08-20	0.0	92.95833333333333	5.045833333333333
2023-08-21	0.0	94.625	5.214166666666666
2023-08-22	0.0	96.20833333333333	5.3758333333333335
2023-08-23	0.0	93.83333333333333	5.135416666666667
2023-08-24	0.0	92.0	4.95
2023-08-25	0.0	90.375	4.7875000000000005
2023-08-26	0.0	89.33333333333333	4.683333333333334
2023-08-27	0.0	89.625	4.7125
2023-08-28	0.0	99.79166666666667	5.7562500000000005
2023-08-29	0.0	102.29166666666667	6.019583333333333
2023-08-30	0.0	100.58333333333333	5.8379166666666675
2023-08-31	0.0	100.125	5.789166666666667
2023-09-01	0.0	100.79166666666667	5.859583333333333
2023-09-02	0.0	97.75	5.541250000000001
2023-09-03	0.0	93.75	5.126666666666667
2023-09-04	0.0	97.375	5.502916666666667
2023-09-05	0.0	95.54166666666667	5.312083333333333
2023-09-06	0.0	97.04166666666667	5.467083333333334
2023-09-07	0.0	101.0	5.8879166666666665
2023-09-08	0.0	92.625	5.0129166666666665
2023-09-09	0.0	89.41666666666667	4.691666666666666
2023-09-10	0.0	87.58333333333333	4.508333333333334
2023-09-11	0.0	86.5	4.402083333333333
2023-09-12	0.0	85.45833333333333	4.3012500000000005
2023-09-13	0.0	84.0	4.16375
2023-09-14	0.0	83.25	4.090833333333333
2023-09-15	0.0	82.875	4.055833333333333
2023-09-16	0.0	82.875	4.055000000000001
2023-09-17	0.0	82.08333333333333	3.981666666666667
2023-09-18	0.0	81.04166666666667	3.8837500000000005
2023-09-19	0.0	80.125	3.7975
2023-09-20	0.0	78.95833333333333	3.690416666666667
2023-09-21	0.0	78.04166666666667	3.60375
2023-09-22	0.0	77.25	3.5325
2023-09-23	0.0	77.33333333333333	3.5399999999999996
2023-09-24	0.0	77.20833333333333	3.52875
2023-09-25	0.0	77.75	3.5775
2023-09-26	0.0	77.0	3.51
2023-09-27	0.0	76.3	3.447
2023-09-28	0.0	51.1855428286055	8.627388746363213
2023-09-29	0.0	51.1855428286055	8.627388746363213
2023-09-30	0.0	51.1855428286055	8.627388746363213
2023-10-01	0.0	51.1855428286055	8.627388746363213
2023-10-02	0.0	51.1855428286055	8.627388746363213
2023-10-03	0.0	51.1855428286055	8.627388746363213
2023-10-04	0.0	51.1855428286055	8.627388746363213
2023-10-05	0.0	51.1855428286055	8.627388746363213
2023-10-06	0.0	51.1855428286055	8.627388746363213
2023-10-07	0.0	51.1855428286055	8.627388746363213
2023-10-08	0.0	51.1855428286055	8.627388746363213
2023-10-09	0.0	51.1855428286055	8.627388746363213
2023-10-10	0.0	51.1855428286055	8.627388746363213
2023-10-11	0.0	51.1855428286055	8.627388746363213
2023-10-12	0.0	51.1855428286055	8.627388746363213
2023-10-13	0.0	51.1855428286055	8.627388746363213
2023-10-14	0.0	51.1855428286055	8.627388746363213
2023-10-15	0.0	51.1855428286055	8.627388746363213
2023-10-16	0.0	51.1855428286055	8.627388746363213
2023-10-17	0.0	51.1855428286055	8.627388746363213
2023-10-18	0.0	51.1855428286055	8.627388746363213
2023-10-19	0.0	51.1855428286055	8.627388746363213
2023-10-20	0.0	51.1855428286055	8.627388746363213
2023-10-21	0.0	51.1855428286055	8.627388746363213
2023-10-22	0.0	51.1855428286055	8.627388746363213
2023-10-23	0.0	51.1855428286055	8.627388746363213
2023-10-24	0.0	51.1855428286055	8.627388746363213
2023-10-25	0.0	51.1855428286055	8.627388746363213
2023-10-26	0.0	51.1855428286055	8.627388746363213
2023-10-27	0.0	51.1855428286055	8.627388746363213
2023-10-28	0.0	51.1855428286055	8.627388746363213
2023-10-29	0.0	51.1855428286055	8.627388746363213
2023-10-30	0.0	51.1855428286055	8.627388746363213
2023-10-31	0.0	51.1855428286055	8.627388746363213
2023-11-01	0.0	51.1855428286055	8.627388746363213
2023-11-02	0.0	51.1855428286055	8.627388746363213
2023-11-03	0.0	51.1855428286055	8.627388746363213
2023-11-04	0.0	51.1855428286055	8.627388746363213
2023-11-05	0.0	51.1855428286055	8.627388746363213
2023-11-06	0.0	51.1855428286055	8.627388746363213
2023-11-07	0.0	51.1855428286055	8.627388746363213
2023-11-08	0.0	51.1855428286055	8.627388746363213
2023-11-09	0.0	51.1855428286055	8.627388746363213
2023-11-10	0.0	51.1855428286055	8.627388746363213
2023-11-11	0.0	51.1855428286055	8.627388746363213
2023-11-12	0.0	51.1855428286055	8.627388746363213
2023-11-13	0.0	51.1855428286055	8.627388746363213
2023-11-14	0.0	51.1855428286055	8.627388746363213
2023-11-15	0.0	51.1855428286055	8.627388746363213
2023-11-16	0.0	51.1855428286055	8.627388746363213
2023-11-17	0.0	51.1855428286055	8.627388746363213
2023-11-18	0.0	51.1855428286055	8.627388746363213
2023-11-19	0.0	51.1855428286055	8.627388746363213
2023-11-20	0.0	100.95238095238095	5.89
2023-11-21	0.0	116.70833333333333	7.645416666666667
2023-11-22	0.0	108.29166666666667	6.680833333333333
2023-11-23	0.0	101.875	5.977083333333333
2023-11-24	0.0	103.33333333333333	6.132083333333333
2023-11-25	0.0	103.375	6.144583333333333
2023-11-26	0.0	103.08695652173913	6.105217391304348
2023-11-27	0.0	120.30434782608695	8.074347826086957
2023-11-28	0.0	112.25	7.126666666666666
2023-11-29	0.0	128.0	9.022083333333333
2023-11-30	0.0	144.9090909090909	11.15318181818182
2023-12-01	0.0	200.875	19.735833333333336
2023-12-02	0.0	186.69565217391303	17.304347826086957
2023-12-03	0.0	123.25	8.410833333333334
2023-12-04	0.0	109.45833333333333	6.805833333333333
2023-12-05	0.0	110.54166666666667	6.929583333333333
2023-12-06	0.0	108.91666666666667	6.7437499999999995
2023-12-07	0.0	111.70833333333333	7.060833333333334
2023-12-08	0.0	105.33333333333333	6.348333333333333
2023-12-09	0.0	146.125	11.293750000000001
2023-12-10	0.0	128.79166666666666	9.10375
2023-12-11	0.0	155.04166666666666	12.71375
2023-12-12	0.0	143.25	10.910833333333334
2023-12-13	0.0	117.45833333333333	7.72375
2023-12-14	0.0	109.1	6.764
2023-12-15	0.0	101.04761904761905	5.8880952380952385
2023-12-16	0.0	97.47619047619048	5.511904761904762
2023-12-17	0.0	93.52380952380952	5.104285714285714
2023-12-18	0.0	91.95833333333333	4.945833333333334
2023-12-19	0.0	98.375	5.610833333333333
2023-12-20	0.0	105.75	6.4054166666666665
2023-12-21	0.0	93.8695652173913	5.14
2023-12-22	0.0	90.95833333333333	4.845833333333333
2023-12-23	0.0	269.8695652173913	33.06521739130435
2023-12-24	0.0	451.125	68.48333333333333
2023-12-25	0.0	244.65217391304347	27.008695652173916
2023-12-26	0.0	218.7826086956522	22.27391304347826
2023-12-27	0.0	202.16666666666666	19.4375
2023-12-28	0.0	158.58333333333334	12.945833333333333
2023-12-29	0.0	142.08333333333334	10.737499999999999
2023-12-30	0.0	133.54166666666666	9.656666666666666
2023-12-31	0.0	130.0	9.22
