data	cota
2020-12-31	470.0
2020-12-30	494.0
2020-12-29	525.0
2020-12-28	562.0
2020-12-27	593.0
2020-12-26	602.0
2020-12-25	588.0
2020-12-24	566.0
2020-12-23	510.0
2020-12-22	485.0
2020-12-21	442.0
2020-12-20	419.0
2020-12-19	433.0
2020-12-18	442.0
2020-12-17	455.0
2020-12-16	475.0
2020-12-15	512.0
2020-12-14	540.0
2020-12-13	563.0
2020-12-12	589.0
2020-12-11	515.0
2020-12-10	497.0
2020-12-09	491.0
2020-12-08	495.0
2020-12-07	481.0
2020-12-06	462.0
2020-12-05	420.0
2020-12-04	410.0
2020-12-03	408.0
2020-12-02	403.0
2020-12-01	412.0
2020-11-30	411.0
2020-11-29	423.0
2020-11-28	426.0
2020-11-27	435.0
2020-11-26	436.0
2020-11-25	445.0
2020-11-24	452.0
2020-11-23	461.0
2020-11-22	482.0
2020-11-21	470.0
2020-11-20	482.0
2020-11-19	487.0
2020-11-18	491.0
2020-11-17	522.0
2020-11-16	516.0
2020-11-15	456.0
2020-11-14	426.0
2020-11-13	413.0
2020-11-12	411.0
2020-11-11	418.0
2020-11-10	425.0
2020-11-09	441.0
2020-11-08	434.0
2020-11-07	445.0
2020-11-06	456.0
2020-11-05	486.0
2020-11-04	502.0
2020-11-03	516.0
2020-11-02	538.0
2020-11-01	487.0
2020-10-31	461.0
2020-10-30	474.0
2020-10-29	485.0
2020-10-28	514.0
2020-10-27	483.0
2020-10-26	476.0
2020-10-25	437.0
2020-10-24	409.0
2020-10-23	395.0
2020-10-22	390.0
2020-10-21	389.0
2020-10-20	392.0
2020-10-19	394.0
2020-10-18	389.0
2020-10-17	386.0
2020-10-16	382.0
2020-10-15	373.0
2020-10-14	365.0
2020-10-13	370.0
2020-10-12	370.0
2020-10-11	368.0
2020-10-10	368.0
2020-10-09	364.0
2020-10-08	367.0
2020-10-07	377.0
2020-10-06	383.0
2020-10-05	381.0
2020-10-04	378.0
2020-10-03	379.0
2020-10-02	385.0
2020-10-01	380.0
2020-09-30	388.0
2020-09-29	400.0
2020-09-28	385.0
2020-09-27	387.0
2020-09-26	391.0
2020-09-25	378.0
2020-09-24	381.0
2020-09-23	379.0
2020-09-22	388.0
2020-09-21	388.0
2020-09-20	388.0
2020-09-19	385.0
2020-09-18	386.0
2020-09-17	389.0
2020-09-16	390.0
2020-09-15	385.0
2020-09-14	388.0
2020-09-13	390.0
2020-09-12	390.0
2020-09-11	392.0
2020-09-10	391.0
2020-09-09	381.0
2020-09-08	380.0
2020-09-07	383.0
2020-09-06	385.0
2020-09-05	395.0
2020-09-04	406.0
2020-09-03	396.0
2020-09-02	396.0
2020-09-01	402.0
2020-08-31	400.0
2020-08-30	405.0
2020-08-29	405.0
2020-08-28	413.0
2020-08-27	408.0
2020-08-26	406.0
2020-08-25	409.0
2020-08-24	404.0
2020-08-23	397.0
2020-08-22	399.0
2020-08-21	389.0
2020-08-20	396.0
2020-08-19	394.0
2020-08-18	387.0
2020-08-17	392.0
2020-08-16	402.0
2020-08-15	403.0
2020-08-14	408.0
2020-08-13	410.0
2020-08-12	404.0
2020-08-11	405.0
2020-08-10	408.0
2020-08-09	407.0
2020-08-08	403.0
2020-08-07	409.0
2020-08-06	405.0
2020-08-05	407.0
2020-08-04	407.0
2020-08-03	407.0
2020-08-02	408.0
2020-08-01	411.0
2020-07-31	407.0
2020-07-30	410.0
2020-07-29	408.0
2020-07-28	407.0
2020-07-27	403.0
2020-07-26	408.0
2020-07-25	408.0
2020-07-24	411.0
2020-07-23	415.0
2020-07-22	415.0
2020-07-21	415.0
2020-07-20	404.0
2020-07-19	413.0
2020-07-18	410.0
2020-07-17	407.0
2020-07-16	411.0
2020-07-15	410.0
2020-07-14	412.0
2020-07-13	410.0
2020-07-12	413.0
2020-07-11	412.0
2020-07-10	412.0
2020-07-09	412.0
2020-07-08	420.0
2020-07-07	422.0
2020-07-06	421.0
2020-07-05	420.0
2020-07-04	414.0
2020-07-03	417.0
2020-07-02	423.0
2020-07-01	420.0
2020-06-30	419.0
2020-06-29	422.0
2020-06-28	428.0
2020-06-27	420.0
2020-06-26	419.0
2020-06-25	421.0
2020-06-24	420.0
2020-06-23	420.0
2020-06-22	424.0
2020-06-21	424.0
2020-06-20	421.0
2020-06-19	425.0
2020-06-18	422.0
2020-06-17	421.0
2020-06-16	423.0
2020-06-15	423.0
2020-06-14	423.0
2020-06-13	423.0
2020-06-12	428.0
2020-06-11	426.0
2020-06-10	424.0
2020-06-09	424.0
2020-06-08	431.0
2020-06-07	425.0
2020-06-06	431.0
2020-06-05	424.0
2020-06-04	431.0
2020-06-03	430.0
2020-06-02	433.0
2020-06-01	436.0
2020-05-31	438.0
2020-05-30	442.0
2020-05-29	446.0
2020-05-28	451.0
2020-05-27	460.0
2020-05-26	457.0
2020-05-25	450.0
2020-05-24	442.0
2020-05-23	439.0
2020-05-22	448.0
2020-05-21	454.0
2020-05-20	461.0
2020-05-19	476.0
2020-05-18	485.0
2020-05-17	460.0
2020-05-16	442.0
2020-05-15	437.0
2020-05-14	435.0
2020-05-13	436.0
2020-05-12	436.0
2020-05-11	436.0
2020-05-10	436.0
2020-05-09	441.0
2020-05-08	437.0
2020-05-07	439.0
2020-05-06	441.0
2020-05-05	446.0
2020-05-04	441.0
2020-05-03	439.0
2020-05-02	444.0
2020-05-01	443.0
2020-04-30	445.0
2020-04-29	449.0
2020-04-28	452.0
2020-04-27	455.0
2020-04-26	457.0
2020-04-25	460.0
2020-04-24	447.0
2020-04-23	449.0
2020-04-22	449.0
2020-04-21	450.0
2020-04-20	454.0
2020-04-19	463.0
2020-04-18	475.0
2020-04-17	467.0
2020-04-16	480.0
2020-04-15	500.0
2020-04-14	542.0
2020-04-13	497.0
2020-04-12	501.0
2020-04-11	512.0
2020-04-10	493.0
2020-04-09	463.0
2020-04-08	453.0
2020-04-07	461.0
2020-04-06	463.0
2020-04-05	480.0
2020-04-04	482.0
2020-04-03	459.0
2020-04-02	460.0
2020-04-01	462.0
2020-03-31	469.0
2020-03-30	478.0
2020-03-29	481.0
2020-03-28	494.0
2020-03-27	520.0
2020-03-26	552.0
2020-03-25	576.0
2020-03-24	621.0
2020-03-23	581.0
2020-03-22	491.0
2020-03-21	486.0
2020-03-20	475.0
2020-03-19	488.0
2020-03-18	493.0
2020-03-17	498.0
2020-03-16	513.0
2020-03-15	529.0
2020-03-14	545.0
2020-03-13	540.0
2020-03-12	548.0
2020-03-11	563.0
2020-03-10	601.0
2020-03-09	652.0
2020-03-08	682.0
2020-03-07	693.0
2020-03-06	743.0
2020-03-05	737.0
2020-03-04	709.0
2020-03-03	669.0
2020-03-02	646.0
2020-03-01	605.0
2020-02-29	541.0
2020-02-28	475.0
2020-02-27	472.0
2020-02-26	482.0
2020-02-25	504.0
2020-02-24	482.0
2020-02-23	466.0
2020-02-22	461.0
2020-02-21	470.0
2020-02-20	491.0
2020-02-19	492.0
2020-02-18	523.0
2020-02-17	591.0
2020-02-16	676.0
2020-02-15	657.0
2020-02-14	538.0
2020-02-13	487.0
2020-02-12	489.0
2020-02-11	504.0
2020-02-10	498.0
2020-02-09	505.0
2020-02-08	498.0
2020-02-07	546.0
2020-02-06	506.0
2020-02-05	511.0
2020-02-04	514.0
2020-02-03	523.0
2020-02-02	550.0
2020-02-01	577.0
2020-01-31	613.0
2020-01-30	659.0
2020-01-29	774.0
2020-01-28	893.0
2020-01-27	958.0
2020-01-26	821.0
2020-01-25	609.0
2020-01-24	543.0
2020-01-23	541.0
2020-01-22	507.0
2020-01-21	491.0
2020-01-20	477.0
2020-01-19	451.0
2020-01-18	442.0
2020-01-17	436.0
2020-01-16	426.0
2020-01-15	424.0
2020-01-14	426.0
2020-01-13	431.0
2020-01-12	449.0
2020-01-11	450.0
2020-01-10	455.0
2020-01-09	482.0
2020-01-08	510.0
2020-01-07	484.0
2020-01-06	450.0
2020-01-05	435.0
2020-01-04	413.0
2020-01-03	413.0
2020-01-02	411.0
2020-01-01	414.0
2019-12-31	416.0
2019-12-30	424.0
2019-12-29	438.0
2019-12-28	452.0
2019-12-27	465.0
2019-12-26	460.0
2019-12-25	425.0
2019-12-24	414.0
2019-12-23	420.0
2019-12-22	419.0
2019-12-21	422.0
2019-12-20	439.0
2019-12-19	447.0
2019-12-18	462.0
2019-12-17	484.0
2019-12-16	513.0
2019-12-15	560.0
2019-12-14	539.0
2019-12-13	489.0
2019-12-12	501.0
2019-12-11	543.0
2019-12-10	589.0
2019-12-09	568.0
2019-12-08	553.0
2019-12-07	549.0
2019-12-06	559.0
2019-12-05	616.0
2019-12-04	629.0
2019-12-03	579.0
2019-12-02	511.0
2019-12-01	490.0
2019-11-30	445.0
2019-11-29	426.0
2019-11-28	443.0
2019-11-27	442.0
2019-11-26	465.0
2019-11-25	465.0
2019-11-24	450.0
2019-11-23	475.0
2019-11-22	507.0
2019-11-21	452.0
2019-11-20	423.0
2019-11-19	403.0
2019-11-18	388.0
2019-11-17	387.0
2019-11-16	389.0
2019-11-15	383.0
2019-11-14	377.0
2019-11-13	375.0
2019-11-12	373.0
2019-11-11	373.0
2019-11-10	369.0
2019-11-09	368.0
2019-11-08	371.0
2019-11-07	372.0
2019-11-06	372.0
2019-11-05	370.0
2019-11-04	368.0
2019-11-03	369.0
2019-11-02	374.0
2019-11-01	371.0
2019-10-31	371.0
2019-10-30	365.0
2019-10-29	362.0
2019-10-28	365.0
2019-10-27	366.0
2019-10-26	369.0
2019-10-25	370.0
2019-10-24	367.0
2019-10-23	353.0
2019-10-22	347.0
2019-10-21	353.0
2019-10-20	358.0
2019-10-19	356.0
2019-10-18	357.0
2019-10-17	365.0
2019-10-16	365.0
2019-10-15	369.0
2019-10-14	370.0
2019-10-13	364.0
2019-10-12	356.0
2019-10-11	357.0
2019-10-10	357.0
2019-10-09	359.0
2019-10-08	361.0
2019-10-07	363.0
2019-10-06	363.0
2019-10-05	366.0
2019-10-04	370.0
2019-10-03	375.0
2019-10-02	375.0
2019-10-01	370.0
2019-09-30	359.0
2019-09-29	356.0
2019-09-28	356.0
2019-09-27	356.0
2019-09-26	358.0
2019-09-25	365.0
2019-09-24	366.0
2019-09-23	364.0
2019-09-22	365.0
2019-09-21	366.0
2019-09-20	367.0
2019-09-19	370.0
2019-09-18	360.0
2019-09-17	363.0
2019-09-16	359.0
2019-09-15	366.0
2019-09-14	379.0
2019-09-13	366.0
2019-09-12	361.0
2019-09-11	366.0
2019-09-10	373.0
2019-09-09	364.0
2019-09-08	358.0
2019-09-07	359.0
2019-09-06	362.0
2019-09-05	360.0
2019-09-04	361.0
2019-09-03	374.0
2019-09-02	367.0
2019-09-01	366.0
2019-08-31	371.0
2019-08-30	367.0
2019-08-29	363.0
2019-08-28	364.0
2019-08-27	361.0
2019-08-26	360.0
2019-08-25	362.0
2019-08-24	360.0
2019-08-23	365.0
2019-08-22	372.0
2019-08-21	373.0
2019-08-20	370.0
2019-08-19	372.0
2019-08-18	372.0
2019-08-17	373.0
2019-08-16	371.0
2019-08-15	361.0
2019-08-14	366.0
2019-08-13	364.0
2019-08-12	364.0
2019-08-11	373.0
2019-08-10	374.0
2019-08-09	377.0
2019-08-08	369.0
2019-08-07	362.0
2019-08-06	363.0
2019-08-05	362.0
2019-08-04	362.0
2019-08-03	362.0
2019-08-02	372.0
2019-08-01	376.0
2019-07-31	377.0
2019-07-30	381.0
2019-07-29	381.0
2019-07-28	381.0
2019-07-27	378.0
2019-07-26	384.0
2019-07-25	379.0
2019-07-24	370.0
2019-07-23	367.0
2019-07-22	368.0
2019-07-21	368.0
2019-07-20	367.0
2019-07-19	375.0
2019-07-18	367.0
2019-07-17	372.0
2019-07-16	372.0
2019-07-15	371.0
2019-07-14	370.0
2019-07-13	370.0
2019-07-12	371.0
2019-07-11	372.0
2019-07-10	376.0
2019-07-09	383.0
2019-07-08	383.0
2019-07-07	388.0
2019-07-06	386.0
2019-07-05	389.0
2019-07-04	387.0
2019-07-03	385.0
2019-07-02	387.0
2019-07-01	385.0
2019-06-30	389.0
2019-06-29	388.0
2019-06-28	379.0
2019-06-27	374.0
2019-06-26	375.0
2019-06-25	374.0
2019-06-24	378.0
2019-06-23	375.0
2019-06-22	377.0
2019-06-21	378.0
2019-06-20	387.0
2019-06-19	392.0
2019-06-18	392.0
2019-06-17	397.0
2019-06-16	397.0
2019-06-15	393.0
2019-06-14	386.0
2019-06-13	391.0
2019-06-12	392.0
2019-06-11	381.0
2019-06-10	381.0
2019-06-09	388.0
2019-06-08	379.0
2019-06-07	377.0
2019-06-06	377.0
2019-06-05	381.0
2019-06-04	388.0
2019-06-03	393.0
2019-06-02	396.0
2019-06-01	392.0
2019-05-31	393.0
2019-05-30	399.0
2019-05-29	397.0
2019-05-28	407.0
2019-05-27	404.0
2019-05-26	407.0
2019-05-25	404.0
2019-05-24	400.0
2019-05-23	405.0
2019-05-22	407.0
2019-05-21	415.0
2019-05-20	425.0
2019-05-19	434.0
2019-05-18	420.0
2019-05-17	413.0
2019-05-16	397.0
2019-05-15	401.0
2019-05-14	406.0
2019-05-13	411.0
2019-05-12	399.0
2019-05-11	394.0
2019-05-10	390.0
2019-05-09	392.0
2019-05-08	389.0
2019-05-07	400.0
2019-05-06	413.0
2019-05-05	411.0
2019-05-04	405.0
2019-05-03	406.0
2019-05-02	408.0
2019-05-01	412.0
2019-04-30	408.0
2019-04-29	411.0
2019-04-28	416.0
2019-04-27	421.0
2019-04-26	432.0
2019-04-25	430.0
2019-04-24	424.0
2019-04-23	426.0
2019-04-22	432.0
2019-04-21	444.0
2019-04-20	471.0
2019-04-19	457.0
2019-04-18	425.0
2019-04-17	419.0
2019-04-16	414.0
2019-04-15	415.0
2019-04-14	424.0
2019-04-13	433.0
2019-04-12	450.0
2019-04-11	435.0
2019-04-10	431.0
2019-04-09	434.0
2019-04-08	429.0
2019-04-07	414.0
2019-04-06	411.0
2019-04-05	413.0
2019-04-04	413.0
2019-04-03	403.0
2019-04-02	410.0
2019-04-01	417.0
2019-03-31	419.0
2019-03-30	425.0
2019-03-29	434.0
2019-03-28	452.0
2019-03-27	474.0
2019-03-26	498.0
2019-03-25	534.0
2019-03-24	528.0
2019-03-23	512.0
2019-03-22	506.0
2019-03-21	471.0
2019-03-20	479.0
2019-03-19	481.0
2019-03-18	446.0
2019-03-17	419.0
2019-03-16	415.0
2019-03-15	410.0
2019-03-14	428.0
2019-03-13	424.0
2019-03-12	417.0
2019-03-11	404.0
2019-03-10	402.0
2019-03-09	407.0
2019-03-08	419.0
2019-03-07	433.0
2019-03-06	450.0
2019-03-05	456.0
2019-03-04	442.0
2019-03-03	426.0
2019-03-02	438.0
2019-03-01	422.0
2019-02-28	417.0
2019-02-27	408.0
2019-02-26	423.0
2019-02-25	427.0
2019-02-24	444.0
2019-02-23	460.0
2019-02-22	480.0
2019-02-21	513.0
2019-02-20	504.0
2019-02-19	470.0
2019-02-18	441.0
2019-02-17	410.0
2019-02-16	418.0
2019-02-15	420.0
2019-02-14	415.0
2019-02-13	422.0
2019-02-12	422.0
2019-02-11	421.0
2019-02-10	437.0
2019-02-09	431.0
2019-02-08	422.0
2019-02-07	412.0
2019-02-06	403.0
2019-02-05	381.0
2019-02-04	389.0
2019-02-03	379.0
2019-02-02	375.0
2019-02-01	377.0
2019-01-31	386.0
2019-01-30	387.0
2019-01-29	394.0
2019-01-28	394.0
2019-01-27	390.0
2019-01-26	389.0
2019-01-25	392.0
2019-01-24	396.0
2019-01-23	394.0
2019-01-22	401.0
2019-01-21	402.0
2019-01-20	397.0
2019-01-19	407.0
2019-01-18	403.0
2019-01-17	407.0
2019-01-16	411.0
2019-01-15	409.0
2019-01-14	417.0
2019-01-13	426.0
2019-01-12	431.0
2019-01-11	423.0
2019-01-10	441.0
2019-01-09	456.0
2019-01-08	475.0
2019-01-07	492.0
2019-01-06	504.0
2019-01-05	512.0
2019-01-04	541.0
2019-01-03	568.0
2019-01-02	609.0
2019-01-01	595.0
2018-12-31	566.0
2018-12-30	552.0
2018-12-29	519.0
2018-12-28	507.0
2018-12-27	453.0
2018-12-26	423.0
2018-12-25	414.0
2018-12-24	401.0
2018-12-23	405.0
2018-12-22	401.0
2018-12-21	408.0
2018-12-20	407.0
2018-12-19	413.0
2018-12-18	422.0
2018-12-17	420.0
2018-12-16	434.0
2018-12-15	447.0
2018-12-14	457.0
2018-12-13	470.0
2018-12-12	488.0
2018-12-11	514.0
2018-12-10	523.0
2018-12-09	499.0
2018-12-08	500.0
2018-12-07	511.0
2018-12-06	547.0
2018-12-05	567.0
2018-12-04	488.0
2018-12-03	438.0
2018-12-02	418.0
2018-12-01	425.0
2018-11-30	433.0
2018-11-29	448.0
2018-11-28	458.0
2018-11-27	470.0
2018-11-26	486.0
2018-11-25	505.0
2018-11-24	523.0
2018-11-23	516.0
2018-11-22	443.0
2018-11-21	428.0
2018-11-20	436.0
2018-11-19	442.0
2018-11-18	429.0
2018-11-17	430.0
2018-11-16	438.0
2018-11-15	459.0
2018-11-14	476.0
2018-11-13	504.0
2018-11-12	516.0
2018-11-11	482.0
2018-11-10	449.0
2018-11-09	444.0
2018-11-08	427.0
2018-11-07	404.0
2018-11-06	411.0
2018-11-05	420.0
2018-11-04	425.0
2018-11-03	429.0
2018-11-02	434.0
2018-11-01	441.0
2018-10-31	456.0
2018-10-30	461.0
2018-10-29	449.0
2018-10-28	417.0
2018-10-27	414.0
2018-10-26	407.0
2018-10-25	396.0
2018-10-24	400.0
2018-10-23	400.0
2018-10-22	392.0
2018-10-21	389.0
2018-10-20	394.0
2018-10-19	388.0
2018-10-18	382.0
2018-10-17	388.0
2018-10-16	382.0
2018-10-15	381.0
2018-10-14	378.0
2018-10-13	379.0
2018-10-12	367.0
2018-10-11	370.0
2018-10-10	370.0
2018-10-09	372.0
2018-10-08	371.0
2018-10-07	370.0
2018-10-06	370.0
2018-10-05	373.0
2018-10-04	371.0
2018-10-03	378.0
2018-10-02	383.0
2018-10-01	386.0
2018-09-30	381.0
2018-09-29	394.0
2018-09-28	385.0
2018-09-27	392.0
2018-09-26	398.0
2018-09-25	400.0
2018-09-24	402.0
2018-09-23	400.0
2018-09-22	399.0
2018-09-21	398.0
2018-09-20	393.0
2018-09-19	378.0
2018-09-18	372.0
2018-09-17	367.0
2018-09-16	367.0
2018-09-15	367.0
2018-09-14	368.0
2018-09-13	373.0
2018-09-12	377.0
2018-09-11	380.0
2018-09-10	381.0
2018-09-09	379.0
2018-09-08	379.0
2018-09-07	383.0
2018-09-06	383.0
2018-09-05	373.0
2018-09-04	373.0
2018-09-03	373.0
2018-09-02	373.0
2018-09-01	373.0
2018-08-31	373.0
2018-08-30	376.0
2018-08-29	382.0
2018-08-28	388.0
2018-08-27	385.0
2018-08-26	388.0
2018-08-25	386.0
2018-08-24	390.0
2018-08-23	388.0
2018-08-22	394.0
2018-08-21	382.0
2018-08-20	378.0
2018-08-19	383.0
2018-08-18	386.0
2018-08-17	391.0
2018-08-16	381.0
2018-08-15	391.0
2018-08-14	400.0
2018-08-13	403.0
2018-08-12	399.0
2018-08-11	411.0
2018-08-10	422.0
2018-08-09	417.0
2018-08-08	404.0
2018-08-07	404.0
2018-08-06	393.0
2018-08-05	392.0
2018-08-04	389.0
2018-08-03	390.0
2018-08-02	392.0
2018-08-01	386.0
2018-07-31	386.0
2018-07-30	386.0
2018-07-29	385.0
2018-07-28	378.0
2018-07-27	379.0
2018-07-26	379.0
2018-07-25	379.0
2018-07-24	380.0
2018-07-23	386.0
2018-07-22	382.0
2018-07-21	391.0
2018-07-20	394.0
2018-07-19	394.0
2018-07-18	391.0
2018-07-17	396.0
2018-07-16	392.0
2018-07-15	392.0
2018-07-14	382.0
2018-07-13	393.0
2018-07-12	386.0
2018-07-11	386.0
2018-07-10	387.0
2018-07-09	388.0
2018-07-08	389.0
2018-07-07	386.0
2018-07-06	391.0
2018-07-05	386.0
2018-07-04	388.0
2018-07-03	391.0
2018-07-02	389.0
2018-07-01	390.0
2018-06-30	389.0
2018-06-29	389.0
2018-06-28	391.0
2018-06-27	389.0
2018-06-26	390.0
2018-06-25	393.0
2018-06-24	393.0
2018-06-23	391.0
2018-06-22	395.0
2018-06-21	394.0
2018-06-20	390.0
2018-06-19	398.0
2018-06-18	391.0
2018-06-17	393.0
2018-06-16	393.0
2018-06-15	396.0
2018-06-14	395.0
2018-06-13	397.0
2018-06-12	397.0
2018-06-11	396.0
2018-06-10	397.0
2018-06-09	394.0
2018-06-08	396.0
2018-06-07	397.0
2018-06-06	397.0
2018-06-05	396.0
2018-06-04	398.0
2018-06-03	397.0
2018-06-02	400.0
2018-06-01	400.0
2018-05-31	402.0
2018-05-30	402.0
2018-05-29	408.0
2018-05-28	405.0
2018-05-27	407.0
2018-05-26	407.0
2018-05-25	402.0
2018-05-24	406.0
2018-05-23	410.0
2018-05-22	408.0
2018-05-21	407.0
2018-05-20	405.0
2018-05-19	404.0
2018-05-18	401.0
2018-05-17	399.0
2018-05-16	403.0
2018-05-15	402.0
2018-05-14	402.0
2018-05-13	403.0
2018-05-12	402.0
2018-05-11	403.0
2018-05-10	404.0
2018-05-09	402.0
2018-05-08	408.0
2018-05-07	403.0
2018-05-06	409.0
2018-05-05	406.0
2018-05-04	413.0
2018-05-03	412.0
2018-05-02	413.0
2018-05-01	417.0
2018-04-30	415.0
2018-04-29	423.0
2018-04-28	417.0
2018-04-27	421.0
2018-04-26	424.0
2018-04-25	422.0
2018-04-24	418.0
2018-04-23	428.0
2018-04-22	430.0
2018-04-21	434.0
2018-04-20	433.0
2018-04-19	435.0
2018-04-18	443.0
2018-04-17	443.0
2018-04-16	449.0
2018-04-15	449.0
2018-04-14	453.0
2018-04-13	454.0
2018-04-12	463.0
2018-04-11	479.0
2018-04-10	490.0
2018-04-09	504.0
2018-04-08	517.0
2018-04-07	500.0
2018-04-06	485.0
2018-04-05	465.0
2018-04-04	437.0
2018-04-03	440.0
2018-04-02	441.0
2018-04-01	451.0
2018-03-31	449.0
2018-03-30	460.0
2018-03-29	466.0
2018-03-28	485.0
2018-03-27	518.0
2018-03-26	548.0
2018-03-25	535.0
2018-03-24	504.0
2018-03-23	505.0
2018-03-22	500.0
2018-03-21	507.0
2018-03-20	534.0
2018-03-19	536.0
2018-03-18	513.0
2018-03-17	504.0
2018-03-16	519.0
2018-03-15	562.0
2018-03-14	573.0
2018-03-13	586.0
2018-03-12	610.0
2018-03-11	614.0
2018-03-10	572.0
2018-03-09	531.0
2018-03-08	513.0
2018-03-07	525.0
2018-03-06	528.0
2018-03-05	535.0
2018-03-04	535.0
2018-03-03	531.0
2018-03-02	479.0
2018-03-01	484.0
2018-02-28	524.0
2018-02-27	538.0
2018-02-26	528.0
2018-02-25	548.0
2018-02-24	538.0
2018-02-23	505.0
2018-02-22	492.0
2018-02-21	454.0
2018-02-20	435.0
2018-02-19	437.0
2018-02-18	438.0
2018-02-17	440.0
2018-02-16	446.0
2018-02-15	456.0
2018-02-14	474.0
2018-02-13	506.0
2018-02-12	536.0
2018-02-11	565.0
2018-02-10	606.0
2018-02-09	650.0
2018-02-08	748.0
2018-02-07	751.0
2018-02-06	636.0
2018-02-05	660.0
2018-02-04	636.0
2018-02-03	548.0
2018-02-02	488.0
2018-02-01	410.0
2018-01-31	392.0
2018-01-30	382.0
2018-01-29	381.0
2018-01-28	377.0
2018-01-27	390.0
2018-01-26	380.0
2018-01-25	377.0
2018-01-24	379.0
2018-01-23	388.0
2018-01-22	392.0
2018-01-21	393.0
2018-01-20	395.0
2018-01-19	397.0
2018-01-18	399.0
2018-01-17	399.0
2018-01-16	400.0
2018-01-15	403.0
2018-01-14	407.0
2018-01-13	410.0
2018-01-12	422.0
2018-01-11	442.0
2018-01-10	454.0
2018-01-09	473.0
2018-01-08	478.0
2018-01-07	462.0
2018-01-06	453.0
2018-01-05	444.0
2018-01-04	425.0
2018-01-03	434.0
2018-01-02	417.0
2018-01-01	406.0
2017-12-31	398.0
2017-12-30	396.0
2017-12-29	397.0
2017-12-28	393.0
2017-12-27	399.0
2017-12-26	401.0
2017-12-25	410.0
2017-12-24	405.0
2017-12-23	410.0
2017-12-22	426.0
2017-12-21	434.0
2017-12-20	432.0
2017-12-19	450.0
2017-12-18	465.0
2017-12-17	476.0
2017-12-16	483.0
2017-12-15	507.0
2017-12-14	543.0
2017-12-13	534.0
2017-12-12	538.0
2017-12-11	558.0
2017-12-10	553.0
2017-12-09	561.0
2017-12-08	593.0
2017-12-07	635.0
2017-12-06	659.0
2017-12-05	586.0
2017-12-04	611.0
2017-12-03	522.0
2017-12-02	465.0
2017-12-01	440.0
2017-11-30	413.0
2017-11-29	420.0
2017-11-28	432.0
2017-11-27	463.0
2017-11-26	481.0
2017-11-25	479.0
2017-11-24	459.0
2017-11-23	417.0
2017-11-22	384.0
2017-11-21	378.0
2017-11-20	374.0
2017-11-19	387.0
2017-11-18	390.0
2017-11-17	387.0
2017-11-16	380.0
2017-11-15	382.0
2017-11-14	384.0
2017-11-13	385.0
2017-11-12	395.0
2017-11-11	394.0
2017-11-10	389.0
2017-11-09	387.0
2017-11-08	381.0
2017-11-07	369.0
2017-11-06	366.0
2017-11-05	364.0
2017-11-04	374.0
2017-11-03	378.0
2017-11-02	365.0
2017-11-01	369.0
2017-10-31	345.0
2017-10-30	349.0
2017-10-29	343.0
2017-10-28	338.0
2017-10-27	339.0
2017-10-26	339.0
2017-10-25	340.0
2017-10-24	341.0
2017-10-23	340.0
2017-10-22	343.0
2017-10-21	342.0
2017-10-20	344.0
2017-10-19	346.0
2017-10-18	353.0
2017-10-17	360.0
2017-10-16	361.0
2017-10-15	366.0
2017-10-14	365.0
2017-10-13	363.0
2017-10-12	373.0
2017-10-11	373.0
2017-10-10	355.0
2017-10-09	351.0
2017-10-08	356.0
2017-10-07	349.0
2017-10-06	356.0
2017-10-05	351.0
2017-10-04	353.0
2017-10-03	353.0
2017-10-02	352.0
2017-10-01	350.0
2017-09-30	347.0
2017-09-29	345.0
2017-09-28	343.0
2017-09-27	342.0
2017-09-26	346.0
2017-09-25	349.0
2017-09-24	351.0
2017-09-23	359.0
2017-09-22	347.0
2017-09-21	344.0
2017-09-20	346.0
2017-09-19	354.0
2017-09-18	348.0
2017-09-17	347.0
2017-09-16	354.0
2017-09-15	356.0
2017-09-14	355.0
2017-09-13	354.0
2017-09-12	349.0
2017-09-11	352.0
2017-09-10	355.0
2017-09-09	349.0
2017-09-08	347.0
2017-09-07	349.0
2017-09-06	355.0
2017-09-05	359.0
2017-09-04	361.0
2017-09-03	361.0
2017-09-02	365.0
2017-09-01	369.0
2017-08-31	369.0
2017-08-30	369.0
2017-08-29	370.0
2017-08-28	368.0
2017-08-27	362.0
2017-08-26	357.0
2017-08-25	362.0
2017-08-24	358.0
2017-08-23	355.0
2017-08-22	358.0
2017-08-21	361.0
2017-08-20	361.0
2017-08-19	361.0
2017-08-18	361.0
2017-08-17	361.0
2017-08-16	361.0
2017-08-15	373.0
2017-08-14	375.0
2017-08-13	373.0
2017-08-12	374.0
2017-08-11	373.0
2017-08-10	373.0
2017-08-09	373.0
2017-08-08	365.0
2017-08-07	362.0
2017-08-06	363.0
2017-08-05	363.0
2017-08-04	362.0
2017-08-03	362.0
2017-08-02	362.0
2017-08-01	362.0
2017-07-31	364.0
2017-07-30	371.0
2017-07-29	379.0
2017-07-28	380.0
2017-07-27	379.0
2017-07-26	381.0
2017-07-25	378.0
2017-07-24	380.0
2017-07-23	379.0
2017-07-22	379.0
2017-07-21	375.0
2017-07-20	369.0
2017-07-19	367.0
2017-07-18	370.0
2017-07-17	368.0
2017-07-16	368.0
2017-07-15	370.0
2017-07-14	369.0
2017-07-13	372.0
2017-07-12	373.0
2017-07-11	381.0
2017-07-10	382.0
2017-07-09	379.0
2017-07-08	381.0
2017-07-07	382.0
2017-07-06	381.0
2017-07-05	383.0
2017-07-04	384.0
2017-07-03	385.0
2017-07-02	382.0
2017-07-01	373.0
2017-06-30	369.0
2017-06-29	368.0
2017-06-28	367.0
2017-06-27	367.0
2017-06-26	371.0
2017-06-25	371.0
2017-06-24	377.0
2017-06-23	379.0
2017-06-22	384.0
2017-06-21	388.0
2017-06-20	392.0
2017-06-19	387.0
2017-06-18	388.0
2017-06-17	392.0
2017-06-16	388.0
2017-06-15	388.0
2017-06-14	386.0
2017-06-13	382.0
2017-06-12	386.0
2017-06-11	382.0
2017-06-10	391.0
2017-06-09	388.0
2017-06-08	388.0
2017-06-07	386.0
2017-06-06	392.0
2017-06-05	393.0
2017-06-04	392.0
2017-06-03	389.0
2017-06-02	388.0
2017-06-01	396.0
2017-05-31	400.0
2017-05-30	396.0
2017-05-29	402.0
2017-05-28	405.0
2017-05-27	412.0
2017-05-26	417.0
2017-05-25	418.0
2017-05-24	413.0
2017-05-23	395.0
2017-05-22	393.0
2017-05-21	394.0
2017-05-20	389.0
2017-05-19	391.0
2017-05-18	386.0
2017-05-17	383.0
2017-05-16	388.0
2017-05-15	388.0
2017-05-14	388.0
2017-05-13	389.0
2017-05-12	389.0
2017-05-11	389.0
2017-05-10	393.0
2017-05-09	394.0
2017-05-08	396.0
2017-05-07	397.0
2017-05-06	396.0
2017-05-05	397.0
2017-05-04	400.0
2017-05-03	407.0
2017-05-02	410.0
2017-05-01	418.0
2017-04-30	441.0
2017-04-29	397.0
2017-04-28	393.0
2017-04-27	391.0
2017-04-26	380.0
2017-04-25	379.0
2017-04-24	381.0
2017-04-23	381.0
2017-04-22	381.0
2017-04-21	384.0
2017-04-20	388.0
2017-04-19	391.0
2017-04-18	385.0
2017-04-17	392.0
2017-04-16	396.0
2017-04-15	393.0
2017-04-14	386.0
2017-04-13	385.0
2017-04-12	385.0
2017-04-11	388.0
2017-04-10	391.0
2017-04-09	390.0
2017-04-08	388.0
2017-04-07	394.0
2017-04-06	394.0
2017-04-05	395.0
2017-04-04	402.0
2017-04-03	407.0
2017-04-02	417.0
2017-04-01	425.0
2017-03-31	434.0
2017-03-30	417.0
2017-03-29	423.0
2017-03-28	404.0
2017-03-27	398.0
2017-03-26	403.0
2017-03-25	412.0
2017-03-24	407.0
2017-03-23	426.0
2017-03-22	456.0
2017-03-21	430.0
2017-03-20	406.0
2017-03-19	388.0
2017-03-18	379.0
2017-03-17	393.0
2017-03-16	396.0
2017-03-15	401.0
2017-03-14	399.0
2017-03-13	406.0
2017-03-12	419.0
2017-03-11	409.0
2017-03-10	401.0
2017-03-09	388.0
2017-03-08	388.0
2017-03-07	405.0
2017-03-06	411.0
2017-03-05	409.0
2017-03-04	401.0
2017-03-03	398.0
2017-03-02	403.0
2017-03-01	398.0
2017-02-28	387.0
2017-02-27	392.0
2017-02-26	393.0
2017-02-25	392.0
2017-02-24	397.0
2017-02-23	397.0
2017-02-22	398.0
2017-02-21	386.0
2017-02-20	414.0
2017-02-19	405.0
2017-02-18	409.0
2017-02-17	412.0
2017-02-16	420.0
2017-02-15	431.0
2017-02-14	443.0
2017-02-13	453.0
2017-02-12	475.0
2017-02-11	492.0
2017-02-10	499.0
2017-02-09	506.0
2017-02-08	464.0
2017-02-07	429.0
2017-02-06	415.0
2017-02-05	404.0
2017-02-04	390.0
2017-02-03	390.0
2017-02-02	390.0
2017-02-01	388.0
2017-01-31	391.0
2017-01-30	395.0
2017-01-29	394.0
2017-01-28	401.0
2017-01-27	401.0
2017-01-26	400.0
2017-01-25	398.0
2017-01-24	398.0
2017-01-23	422.0
2017-01-22	428.0
2017-01-21	430.0
2017-01-20	450.0
2017-01-19	472.0
2017-01-18	499.0
2017-01-17	492.0
2017-01-16	450.0
2017-01-15	423.0
2017-01-14	406.0
2017-01-13	404.0
2017-01-12	395.0
2017-01-11	397.0
2017-01-10	399.0
2017-01-09	399.0
2017-01-08	402.0
2017-01-07	402.0
2017-01-06	406.0
2017-01-05	405.0
2017-01-04	407.0
2017-01-03	410.0
2017-01-02	411.0
2017-01-01	418.0
2016-12-31	450.1097
2016-12-30	454.6082
2016-12-29	451.0
2016-12-28	469.0034
2016-12-27	453.0
2016-12-26	471.2527
2016-12-25	478.9001
2016-12-24	494.195
2016-12-23	512.6389
2016-12-22	522.0857
2016-12-21	540.0
2016-12-20	567.9704
2016-12-19	594.9614
2016-12-18	661.5392
2016-12-17	732.6155
2016-12-16	711.4725
2016-12-15	624.0
2016-12-14	583.2653
2016-12-13	618.8035
2016-12-12	548.0
2016-12-11	478.0004
2016-12-10	484.2983
2016-12-09	485.0
2016-12-08	566.6208
2016-12-07	547.0
2016-12-06	593.162
2016-12-05	480.0
2016-12-04	589.1133
2016-12-03	592.2623
2016-12-02	481.0
2016-12-01	444.2617
2016-11-30	439.3133
2016-11-29	467.5
2016-11-28	469.4532
2016-11-27	473.0521
2016-11-26	482.049
2016-11-25	481.5992
2016-11-24	476.0
2016-11-23	446.5109
2016-11-22	439.5
2016-11-21	477.0
2016-11-20	486.0977
2016-11-19	506.0
2016-11-18	553.0
2016-11-17	528.5
2016-11-16	421.5
2016-11-15	414.1217
2016-11-14	399.2766
2016-11-13	389.3799
2016-11-12	391.1794
2016-11-11	375.0
2016-11-10	385.3313
2016-11-09	365.0
2016-11-08	363.0
2016-11-07	368.0
2016-11-06	379.0
2016-11-05	374.5349
2016-11-04	379.0
2016-11-03	379.0
2016-11-02	380.5
2016-11-01	383.0
2016-10-31	380.383
2016-10-30	379.9331
2016-10-29	378.1337
2016-10-28	379.9331
2016-10-27	379.0334
2016-10-26	375.8845
2016-10-25	371.8358
2016-10-24	370.4862
2016-10-23	370.4862
2016-10-22	371.386
2016-10-21	373.6352
2016-10-20	373.1854
2016-10-19	374.0851
2016-10-18	375.8845
2016-10-17	375.8845
2016-10-16	377.6838
2016-10-15	379.4832
2016-10-14	381.7325
2016-10-13	384.8814
2016-10-12	387.5805
2016-10-11	392.9788
2016-10-10	398.8268
2016-10-09	405.1247
2016-10-08	397.0274
2016-10-07	388.4803
2016-10-06	386.6808
2016-10-05	383.5319
2016-10-04	384.4316
2016-10-03	387.1307
2016-10-02	389.3799
2016-10-01	392.9788
2016-09-30	388.0
2016-09-29	388.0
2016-09-28	380.0
2016-09-27	388.0
2016-09-26	369.5
2016-09-25	365.0
2016-09-24	364.5
2016-09-23	360.0
2016-09-22	359.0
2016-09-21	359.0
2016-09-20	360.0
2016-09-19	360.0
2016-09-18	353.0
2016-09-17	360.0
2016-09-16	362.0
2016-09-15	356.0
2016-09-14	356.0
2016-09-13	357.5
2016-09-12	360.0
2016-09-11	360.0
2016-09-10	360.0
2016-09-09	360.0
2016-09-08	366.0
2016-09-07	364.0
2016-09-06	363.5
2016-09-05	368.0
2016-09-04	368.0
2016-09-03	368.0
2016-09-02	368.0
2016-09-01	368.0
2016-08-31	370.0
2016-08-30	370.0
2016-08-29	370.0
2016-08-28	370.0
2016-08-27	370.0
2016-08-26	379.0
2016-08-25	379.0
2016-08-24	379.5
2016-08-23	385.0
2016-08-22	385.0
2016-08-21	380.0
2016-08-20	368.0
2016-08-19	368.0
2016-08-18	368.0
2016-08-17	368.0
2016-08-16	368.0
2016-08-15	368.0
2016-08-14	368.0
2016-08-13	369.0
2016-08-12	368.0
2016-08-11	369.5
2016-08-10	376.0
2016-08-09	376.0
2016-08-08	370.0
2016-08-07	370.0
2016-08-06	370.0
2016-08-05	372.0
2016-08-04	372.0
2016-08-03	372.0
2016-08-02	372.0
2016-08-01	379.0
2016-07-31	379.0
2016-07-30	379.0
2016-07-29	383.0
2016-07-28	376.0
2016-07-27	385.0
2016-07-26	384.0
2016-07-25	388.0
2016-07-24	383.5
2016-07-23	380.0
2016-07-22	374.0
2016-07-21	372.0
2016-07-20	372.0
2016-07-19	370.0
2016-07-18	374.0
2016-07-17	374.0
2016-07-16	372.0
2016-07-15	374.0
2016-07-14	376.0
2016-07-13	376.0
2016-07-12	374.0
2016-07-11	376.0
2016-07-10	386.0
2016-07-09	390.0
2016-07-08	392.0
2016-07-07	392.0
2016-07-06	392.5
2016-07-05	394.0
2016-07-04	392.0
2016-07-03	391.0
2016-07-02	384.0
2016-07-01	388.5
2016-06-30	389.0
2016-06-29	388.0
2016-06-28	379.0
2016-06-27	379.0
2016-06-26	382.0
2016-06-25	376.0
2016-06-24	381.0
2016-06-23	379.0
2016-06-22	383.0
2016-06-21	383.0
2016-06-20	384.0
2016-06-19	380.0
2016-06-18	383.0
2016-06-17	384.0
2016-06-16	386.0
2016-06-15	387.0
2016-06-14	390.0
2016-06-13	390.0
2016-06-12	392.0
2016-06-11	406.5
2016-06-10	406.0
2016-06-09	409.5
2016-06-08	410.0
2016-06-07	437.0
2016-06-06	416.0
2016-06-05	394.0
2016-06-04	392.0
2016-06-03	390.0
2016-06-02	390.0
2016-06-01	389.5
2016-05-31	390.0
2016-05-30	396.0
2016-05-29	396.0
2016-05-28	396.0
2016-05-27	396.0
2016-05-26	396.0
2016-05-25	394.5
2016-05-24	394.0
2016-05-23	400.0
2016-05-22	394.0
2016-05-21	387.0
2016-05-20	395.0
2016-05-19	398.0
2016-05-18	393.0
2016-05-17	407.0
2016-05-16	398.0
2016-05-15	394.0
2016-05-14	393.0
2016-05-13	388.5
2016-05-12	396.0
2016-05-11	393.0
2016-05-10	396.0
2016-05-09	397.5
2016-05-08	402.0
2016-05-07	402.0
2016-05-06	407.0
2016-05-05	417.5
2016-05-04	416.5
2016-05-03	430.0
2016-05-02	442.0
2016-05-01	418.6202
2016-04-30	403.7751
2016-04-29	390.0
2016-04-28	389.5
2016-04-27	386.0
2016-04-26	386.5
2016-04-25	388.5
2016-04-24	389.5
2016-04-23	390.5
2016-04-22	387.0
2016-04-21	385.5
2016-04-20	385.5
2016-04-19	387.0
2016-04-18	387.5
2016-04-17	389.5
2016-04-16	388.5
2016-04-15	392.0
2016-04-14	395.5
2016-04-13	399.0
2016-04-12	399.0
2016-04-11	398.0
2016-04-10	398.0
2016-04-09	404.0
2016-04-08	404.0
2016-04-07	408.0
2016-04-06	409.0
2016-04-05	409.0
2016-04-04	407.0
2016-04-03	412.0
2016-04-02	410.0
2016-04-01	410.0
2016-03-31	430.0
2016-03-30	452.0
2016-03-29	441.0
2016-03-28	449.5
2016-03-27	420.0
2016-03-26	402.5
2016-03-25	432.0
2016-03-24	426.0
2016-03-23	424.0
2016-03-22	433.0
2016-03-21	442.5
2016-03-20	474.5
2016-03-19	460.5
2016-03-18	462.0
2016-03-17	462.0
2016-03-16	462.0
2016-03-15	445.0
2016-03-14	426.0
2016-03-13	422.0
2016-03-12	425.0
2016-03-11	429.0
2016-03-10	435.5
2016-03-09	442.0
2016-03-08	464.0
2016-03-07	462.0
2016-03-06	439.5
2016-03-05	464.5
2016-03-04	436.0
2016-03-03	430.0
2016-03-02	426.5
2016-03-01	421.0
2016-02-29	421.5
2016-02-28	431.5
2016-02-27	424.5
2016-02-26	415.0
2016-02-25	425.0
2016-02-24	438.5
2016-02-23	448.0
2016-02-22	442.5
2016-02-21	431.5
2016-02-20	430.0
2016-02-19	432.0
2016-02-18	436.0
2016-02-17	444.0
2016-02-16	462.0
2016-02-15	463.5
2016-02-14	446.0
2016-02-13	437.0
2016-02-12	440.0
2016-02-11	435.0
2016-02-10	447.0
2016-02-09	449.0
2016-02-08	448.0
2016-02-07	462.5
2016-02-06	460.0
2016-02-05	458.5
2016-02-04	474.0
2016-02-03	492.0
2016-02-02	512.0
2016-02-01	541.5
2016-01-31	556.0
2016-01-30	588.0
2016-01-29	558.0
2016-01-28	563.0
2016-01-27	579.5
2016-01-26	637.0
2016-01-25	707.0
2016-01-24	742.0
2016-01-23	820.0
2016-01-22	635.4479
2016-01-21	696.6275
2016-01-20	874.0
2016-01-19	690.5
2016-01-18	561.0
2016-01-17	471.5
2016-01-16	464.5049
2016-01-15	447.0
2016-01-14	412.0
2016-01-13	400.0
2016-01-12	404.0
2016-01-11	403.5
2016-01-10	416.0
2016-01-09	449.5
2016-01-08	434.0
2016-01-07	439.5
2016-01-06	432.5
2016-01-05	441.0
2016-01-04	434.0
2016-01-03	433.5
2016-01-02	425.0
2016-01-01	434.0
2015-12-31	429.0
2015-12-30	436.0
2015-12-29	437.0
2015-12-28	450.0
2015-12-27	446.0
2015-12-26	490.0
2015-12-25	445.0
2015-12-24	442.0
2015-12-23	442.0
2015-12-22	440.0
2015-12-21	440.5
2015-12-20	445.0
2015-12-19	445.0
2015-12-18	477.5
2015-12-17	490.0
2015-12-16	489.5
2015-12-15	502.5
2015-12-14	512.0
2015-12-13	510.0
2015-12-12	510.5
2015-12-11	532.5
2015-12-10	537.0
2015-12-09	526.5
2015-12-08	541.0
2015-12-07	549.0
2015-12-06	523.5
2015-12-05	496.5
2015-12-04	492.0
2015-12-03	463.0
2015-12-02	440.5
2015-12-01	439.5
2015-11-30	404.0
2015-11-29	409.5
2015-11-28	413.0
2015-11-27	433.0
2015-11-26	443.5
2015-11-25	436.5
2015-11-24	423.5
2015-11-23	431.0
2015-11-22	446.0
2015-11-21	423.0
2015-11-20	415.0
2015-11-19	416.5
2015-11-18	381.0
2015-11-17	379.0
2015-11-16	375.0
2015-11-15	363.5
2015-11-14	367.5
2015-11-13	369.0
2015-11-12	370.5
2015-11-11	385.0
2015-11-10	394.0
2015-11-09	387.0
2015-11-08	494.0
2015-11-07	574.2683
2015-11-06	372.0
2015-11-05	370.5
2015-11-04	367.0
2015-11-03	362.5
2015-11-02	371.5
2015-11-01	371.5
2015-10-31	371.5
2015-10-30	373.0
2015-10-29	361.0
2015-10-28	365.5
2015-10-27	360.0
2015-10-26	356.0
2015-10-25	353.5
2015-10-24	359.0
2015-10-23	368.0
2015-10-22	361.0
2015-10-21	360.5
2015-10-20	360.0
2015-10-19	361.5
2015-10-18	361.5
2015-10-17	362.5
2015-10-16	362.0
2015-10-15	359.5
2015-10-14	366.0
2015-10-13	365.5
2015-10-12	362.0
2015-10-11	361.0
2015-10-10	363.0
2015-10-09	364.0
2015-10-08	370.5
2015-10-07	370.5
2015-10-06	370.0
2015-10-05	370.5
2015-10-04	371.0
2015-10-03	371.0
2015-10-02	370.5
2015-10-01	370.5
2015-09-30	370.5
2015-09-29	371.0
2015-09-28	375.5
2015-09-27	370.0
2015-09-26	372.0
2015-09-25	378.0
2015-09-24	378.5
2015-09-23	382.5
2015-09-22	379.0
2015-09-21	384.0
2015-09-20	388.0
2015-09-19	388.5
2015-09-18	394.0
2015-09-17	401.0
2015-09-16	391.0
2015-09-15	403.5
2015-09-14	380.0
2015-09-13	380.5
2015-09-12	380.5
2015-09-11	379.0
2015-09-10	379.0
2015-09-09	380.0
2015-09-08	377.0
2015-09-07	371.5
2015-09-06	375.5
2015-09-05	376.0
2015-09-04	378.0
2015-09-03	376.0
2015-09-02	375.5
2015-09-01	376.0
2015-08-31	390.0
2015-08-30	374.5
2015-08-29	373.5
2015-08-28	373.5
2015-08-27	373.5
2015-08-26	373.0
2015-08-25	376.5
2015-08-24	373.0
2015-08-23	375.0
2015-08-22	382.0
2015-08-21	385.0
2015-08-20	382.0
2015-08-19	382.0
2015-08-18	381.0
2015-08-17	381.0
2015-08-16	381.0
2015-08-15	380.0
2015-08-14	381.0
2015-08-13	383.0
2015-08-12	379.0
2015-08-11	379.0
2015-08-10	379.0
2015-08-09	380.0
2015-08-08	381.5
2015-08-07	386.0
2015-08-06	387.5
2015-08-05	385.0
2015-08-04	378.0
2015-08-03	381.0
2015-08-02	383.0
2015-08-01	384.5
2015-07-31	385.0
2015-07-30	375.0
2015-07-29	375.0
2015-07-28	375.0
2015-07-27	376.0
2015-07-26	376.0
2015-07-25	377.0
2015-07-24	378.0
2015-07-23	379.0
2015-07-22	380.0
2015-07-21	378.5836
2015-07-20	379.4832
2015-07-19	380.383
2015-07-18	379.0
2015-07-17	377.0
2015-07-16	383.0
2015-07-15	384.0
2015-07-14	381.0
2015-07-13	383.0
2015-07-12	386.0
2015-07-11	386.0
2015-07-10	381.0
2015-07-09	380.0
2015-07-08	377.0
2015-07-07	383.0
2015-07-06	388.0
2015-07-05	388.0
2015-07-04	382.0
2015-07-03	388.0
2015-07-02	376.0
2015-07-01	381.0
2015-06-30	390.0
2015-06-29	386.0
2015-06-28	386.0
2015-06-27	386.0
2015-06-26	393.0
2015-06-25	397.0
2015-06-24	389.0
2015-06-23	392.0
2015-06-22	395.0
2015-06-21	390.0
2015-06-20	386.0
2015-06-19	393.0
2015-06-18	373.0
2015-06-17	436.0
2015-06-16	388.0
2015-06-15	389.0
2015-06-14	392.0
2015-06-13	393.0
2015-06-12	397.0
2015-06-11	402.0
2015-06-10	406.0
2015-06-09	404.0
2015-06-08	423.0
2015-06-07	436.0
2015-06-06	422.0
2015-06-05	420.0
2015-06-04	423.0
2015-06-03	416.0
2015-06-02	452.0
2015-06-01	440.0
2015-05-31	413.0
2015-05-30	400.0
2015-05-29	402.0
2015-05-28	379.0
2015-05-27	395.0
2015-05-26	406.0
2015-05-25	406.0
2015-05-24	412.0
2015-05-23	399.0
2015-05-22	406.0
2015-05-21	411.0
2015-05-20	413.0
2015-05-19	411.0
2015-05-18	403.0
2015-05-17	403.4992
2015-05-16	405.3062
2015-05-15	407.1133
2015-05-14	410.7273
2015-05-13	419.7622
2015-05-12	429.249
2015-05-11	439.6393
2015-05-10	444.6085
2015-05-09	459.968
2015-05-08	449.5778
2015-05-07	421.5692
2015-05-06	408.4685
2015-05-05	397.1747
2015-05-04	397.1747
2015-05-03	398.9818
2015-05-02	398.9818
2015-05-01	398.0782
2015-04-30	398.9818
2015-04-29	407.1133
2015-04-28	416.6
2015-04-27	420.214
2015-04-26	424.2798
2015-04-25	425.1833
2015-04-24	415.6965
2015-04-23	418.407
2015-04-22	396.2712
2015-04-21	394.4643
2015-04-20	398.9818
2015-04-19	400.337
2015-04-18	402.144
2015-04-17	400.7888
2015-04-16	401.6923
2015-04-15	399.8853
2015-04-14	405.758
2015-04-13	408.0168
2015-04-12	408.4685
2015-04-11	412.5342
2015-04-10	412.0825
2015-04-09	414.3412
2015-04-08	417.5035
2015-04-07	421.1175
2015-04-06	432.863
2015-04-05	447.319
2015-04-04	458.161
2015-04-03	454.9987
2015-04-02	422.9245
2015-04-01	417.5035
2015-03-31	420.214
2015-03-30	427.442
2015-03-29	438.7357
2015-03-28	464.4855
2015-03-27	495.6562
2015-03-26	498.8185
2015-03-25	441.898
2015-03-24	430.1525
2015-03-23	414.3412
2015-03-22	397.6265
2015-03-21	399.8853
2015-03-20	405.758
2015-03-19	410.7273
2015-03-18	421.1175
2015-03-17	426.9903
2015-03-16	435.5735
2015-03-15	449.5778
2015-03-14	452.2882
2015-03-13	437.3805
2015-03-12	420.6657
2015-03-11	416.6
2015-03-10	405.758
2015-03-09	405.3062
2015-03-08	410.7273
2015-03-07	422.021
2015-03-06	419.3105
2015-03-05	415.2448
2015-03-04	415.6965
2015-03-03	416.1483
2015-03-02	422.021
2015-03-01	407.565
2015-02-28	411.5
2015-02-27	404.0
2015-02-26	399.5
2015-02-25	398.5
2015-02-24	396.0
2015-02-23	394.5
2015-02-22	455.0
2015-02-21	474.5
2015-02-20	486.0
2015-02-19	494.5
2015-02-18	503.5
2015-02-17	508.5
2015-02-16	512.0
2015-02-15	514.0
2015-02-14	513.5
2015-02-13	512.5
2015-02-12	430.0
2015-02-11	420.5
2015-02-10	413.5
2015-02-09	411.0
2015-02-08	410.5
2015-02-07	411.5
2015-02-06	412.0
2015-02-05	403.0
2015-02-04	398.0
2015-02-03	391.5
2015-02-02	391.5
2015-02-01	392.5
2015-01-31	393.5
2015-01-30	391.5
2015-01-29	394.0
2015-01-28	395.0
2015-01-27	396.0
2015-01-26	396.0
2015-01-25	393.5
2015-01-24	391.0
2015-01-23	391.0
2015-01-22	388.0
2015-01-21	384.5
2015-01-20	382.0
2015-01-19	381.0
2015-01-18	381.0
2015-01-17	382.5
2015-01-16	382.5
2015-01-15	382.0
2015-01-14	384.0
2015-01-13	384.5
2015-01-12	393.5
2015-01-11	396.0
2015-01-10	396.5
2015-01-09	405.0
2015-01-08	409.5
2015-01-07	413.5
2015-01-06	415.0
2015-01-05	421.0
2015-01-04	426.0
2015-01-03	430.5
2015-01-02	433.5
2015-01-01	437.0
2014-12-31	416.8812
2014-12-30	424.1724
2014-12-29	435.1092
2014-12-28	436.932
2014-12-27	438.7548
2014-12-26	442.4004
2014-12-25	444.2232
2014-12-24	447.8688
2014-12-23	444.2232
2014-12-22	443.3118
2014-12-21	447.8688
2014-12-20	462.4512
2014-12-19	480.6792
2014-12-18	501.6414
2014-12-17	513.4896
2014-12-16	517.1352
2014-12-15	467.9196
2014-12-14	440.5776
2014-12-13	440.5776
2014-12-12	447.8688
2014-12-11	460.6284
2014-12-10	482.502
2014-12-09	508.0212
2014-12-08	550.857
2014-12-07	497.0844
2014-12-06	449.6916
2014-12-05	462.4512
2014-12-04	487.9704
2014-12-03	525.3378
2014-12-02	553.5912
2014-12-01	593.6928
2014-11-30	556.3254
2014-11-29	458.8056
2014-11-28	413.2356
2014-11-27	411.4128
2014-11-26	415.0584
2014-11-25	409.59
2014-11-24	402.2988
2014-11-23	398.6532
2014-11-22	401.3874
2014-11-21	407.7672
2014-11-20	411.4128
2014-11-19	429.6408
2014-11-18	447.8688
2014-11-17	460.6284
2014-11-16	463.3626
2014-11-15	431.4636
2014-11-14	416.8812
2014-11-13	412.3242
2014-11-12	398.6532
2014-11-11	383.1594
2014-11-10	381.3366
2014-11-09	382.248
2014-11-08	390.4506
2014-11-07	391.362
2014-11-06	389.5392
2014-11-05	391.362
2014-11-04	393.1848
2014-11-03	395.0076
2014-11-02	404.1216
2014-11-01	411.4128
2014-10-31	420.5268
2014-10-30	420.5268
2014-10-29	409.59
2014-10-28	387.7164
2014-10-27	384.0708
2014-10-26	382.248
2014-10-25	385.8936
2014-10-24	393.1848
2014-10-23	393.1848
2014-10-22	393.1848
2014-10-21	380.4252
2014-10-20	376.7796
2014-10-19	374.9568
2014-10-18	374.9568
2014-10-17	376.7796
2014-10-16	379.5138
2014-10-15	378.6024
2014-10-14	380.4252
2014-10-13	380.4252
2014-10-12	381.3366
2014-10-11	382.248
2014-10-10	384.0708
2014-10-09	384.9822
2014-10-08	385.8936
2014-10-07	386.805
2014-10-06	387.7164
2014-10-05	391.362
2014-10-04	392.2734
2014-10-03	393.1848
2014-10-02	390.4506
2014-10-01	389.5392
2014-09-30	387.7164
2014-09-29	383.1594
2014-09-28	381.3366
2014-09-27	382.248
2014-09-26	385.8936
2014-09-25	384.0708
2014-09-24	385.8936
2014-09-23	385.8936
2014-09-22	387.7164
2014-09-21	387.7164
2014-09-20	386.805
2014-09-19	387.7164
2014-09-18	385.8936
2014-09-17	385.8936
2014-09-16	386.805
2014-09-15	387.7164
2014-09-14	388.6278
2014-09-13	389.5392
2014-09-12	391.362
2014-09-11	395.0076
2014-09-10	395.0076
2014-09-09	396.8304
2014-09-08	396.8304
2014-09-07	397.7418
2014-09-06	397.7418
2014-09-05	398.6532
2014-09-04	400.476
2014-09-03	400.476
2014-09-02	396.8304
2014-09-01	398.6532
2014-08-31	398.6532
2014-08-30	395.0076
2014-08-29	393.1848
2014-08-28	395.0076
2014-08-27	395.919
2014-08-26	396.8304
2014-08-25	396.8304
2014-08-24	396.8304
2014-08-23	397.7418
2014-08-22	398.6532
2014-08-21	398.6532
2014-08-20	396.8304
2014-08-19	395.919
2014-08-18	396.8304
2014-08-17	396.8304
2014-08-16	396.8304
2014-08-15	396.8304
2014-08-14	396.8304
2014-08-13	396.8304
2014-08-12	398.6532
2014-08-11	398.6532
2014-08-10	400.476
2014-08-09	402.2988
2014-08-08	402.2988
2014-08-07	401.3874
2014-08-06	402.2988
2014-08-05	405.033
2014-08-04	408.6786
2014-08-03	411.4128
2014-08-02	413.2356
2014-08-01	416.8812
2014-07-31	411.4128
2014-07-30	414.147
2014-07-29	410.5014
2014-07-28	405.9444
2014-07-27	400.476
2014-07-26	399.5646
2014-07-25	396.8304
2014-07-24	398.6532
2014-07-23	397.7418
2014-07-22	398.6532
2014-07-21	400.476
2014-07-20	402.2988
2014-07-19	402.2988
2014-07-18	402.2988
2014-07-17	399.5646
2014-07-16	402.2988
2014-07-15	405.033
2014-07-14	404.1216
2014-07-13	400.476
2014-07-12	400.476
2014-07-11	402.2988
2014-07-10	403.2102
2014-07-09	402.2988
2014-07-08	402.2988
2014-07-07	404.1216
2014-07-06	404.1216
2014-07-05	405.9444
2014-07-04	405.9444
2014-07-03	404.1216
2014-07-02	404.1216
2014-07-01	405.9444
2014-06-30	405.9444
2014-06-29	404.1216
2014-06-28	404.1216
2014-06-27	405.9444
2014-06-26	405.9444
2014-06-25	405.9444
2014-06-24	405.9444
2014-06-23	406.8558
2014-06-22	406.8558
2014-06-21	407.7672
2014-06-20	407.7672
2014-06-19	409.59
2014-06-18	409.59
2014-06-17	409.59
2014-06-16	409.59
2014-06-15	409.59
2014-06-14	410.5014
2014-06-13	410.5014
2014-06-12	410.5014
2014-06-11	411.4128
2014-06-10	411.4128
2014-06-09	411.4128
2014-06-08	414.147
2014-06-07	415.0584
2014-06-06	415.0584
2014-06-05	415.0584
2014-06-04	414.147
2014-06-03	414.147
2014-06-02	416.8812
2014-06-01	415.9698
2014-05-31	418.704
2014-05-30	419.6154
2014-05-29	415.0584
2014-05-28	414.147
2014-05-27	413.2356
2014-05-26	414.147
2014-05-25	415.0584
2014-05-24	415.0584
2014-05-23	414.147
2014-05-22	414.147
2014-05-21	413.2356
2014-05-20	413.2356
2014-05-19	415.0584
2014-05-18	415.0584
2014-05-17	415.9698
2014-05-16	416.8812
2014-05-15	417.7926
2014-05-14	415.9698
2014-05-13	415.0584
2014-05-12	415.0584
2014-05-11	416.8812
2014-05-10	419.6154
2014-05-09	420.5268
2014-05-08	419.6154
2014-05-07	420.5268
2014-05-06	420.5268
2014-05-05	422.3496
2014-05-04	422.3496
2014-05-03	425.9952
2014-05-02	427.818
2014-05-01	427.818
2014-04-30	430.5522
2014-04-29	431.4636
2014-04-28	438.7548
2014-04-27	439.6662
2014-04-26	439.6662
2014-04-25	436.0206
2014-04-24	435.1092
2014-04-23	441.489
2014-04-22	436.932
2014-04-21	436.0206
2014-04-20	436.932
2014-04-19	438.7548
2014-04-18	440.5776
2014-04-17	440.5776
2014-04-16	440.5776
2014-04-15	438.7548
2014-04-14	438.7548
2014-04-13	436.932
2014-04-12	439.6662
2014-04-11	442.4004
2014-04-10	441.489
2014-04-09	446.046
2014-04-08	455.16
2014-04-07	469.7424
2014-04-06	474.2994
2014-04-05	484.3248
2014-04-04	486.1476
2014-04-03	441.489
2014-04-02	435.1092
2014-04-01	438.7548
2014-03-31	439.6662
2014-03-30	440.5776
2014-03-29	442.4004
2014-03-28	457.8942
2014-03-27	460.6284
2014-03-26	458.8056
2014-03-25	462.4512
2014-03-24	471.5652
2014-03-23	435.1092
2014-03-22	429.6408
2014-03-21	428.7294
2014-03-20	428.7294
2014-03-19	435.1092
2014-03-18	439.6662
2014-03-17	440.5776
2014-03-16	441.489
2014-03-15	447.8688
2014-03-14	458.8056
2014-03-13	479.7678
2014-03-12	506.1984
2014-03-11	537.186
2014-03-10	529.8948
2014-03-09	478.8564
2014-03-08	436.0206
2014-03-07	436.932
2014-03-06	437.8434
2014-03-05	436.932
2014-03-04	435.1092
2014-03-03	437.8434
2014-03-02	433.2864
2014-03-01	425.9952
2014-02-28	424.1724
2014-02-27	426.9066
2014-02-26	429.6408
2014-02-25	431.4636
2014-02-24	435.1092
2014-02-23	440.5776
2014-02-22	447.8688
2014-02-21	444.2232
2014-02-20	446.046
2014-02-19	446.046
2014-02-18	433.2864
2014-02-17	424.1724
2014-02-16	422.3496
2014-02-15	424.1724
2014-02-14	424.1724
2014-02-13	425.0838
2014-02-12	425.9952
2014-02-11	427.818
2014-02-10	429.6408
2014-02-09	431.4636
2014-02-08	434.1978
2014-02-07	435.1092
2014-02-06	436.932
2014-02-05	436.932
2014-02-04	436.932
2014-02-03	441.489
2014-02-02	442.4004
2014-02-01	444.2232
2014-01-31	447.8688
2014-01-30	449.6916
2014-01-29	456.9828
2014-01-28	459.717
2014-01-27	469.7424
2014-01-26	477.0336
2014-01-25	487.9704
2014-01-24	485.2362
2014-01-23	478.8564
2014-01-22	470.6538
2014-01-21	477.945
2014-01-20	479.7678
2014-01-19	471.5652
2014-01-18	462.4512
2014-01-17	464.274
2014-01-16	466.0968
2014-01-15	468.831
2014-01-14	475.2108
2014-01-13	477.945
2014-01-12	477.945
2014-01-11	482.502
2014-01-10	484.3248
2014-01-09	483.4134
2014-01-08	495.2616
2014-01-07	493.4388
2014-01-06	502.5528
2014-01-05	513.4896
2014-01-04	518.958
2014-01-03	531.7176
2014-01-02	544.4772
2014-01-01	561.7938
2013-12-31	572.7306
2013-12-30	588.2244
2013-12-29	623.769
2013-12-28	659.3136
2013-12-27	683.01
2013-12-26	683.01
2013-12-25	719.466
2013-12-24	721.2888
2013-12-23	677.5416
2013-12-22	599.1612
2013-12-21	566.3508
2013-12-20	539.9202
2013-12-19	552.6798
2013-12-18	558.1482
2013-12-17	555.414
2013-12-16	568.1736
2013-12-15	617.3892
2013-12-14	680.2758
2013-12-13	652.9338
2013-12-12	578.199
2013-12-11	528.072
2013-12-10	539.0088
2013-12-09	529.8948
2013-12-08	536.2746
2013-12-07	566.3508
2013-12-06	563.6666
2013-12-05	568.125
2013-12-04	540.375
2013-12-03	539.0
2013-12-02	523.7083
2013-12-01	511.0
2013-11-30	488.3333
2013-11-29	448.875
2013-11-28	439.75
2013-11-27	425.7917
2013-11-26	418.5
2013-11-25	414.625
2013-11-24	420.75
2013-11-23	419.8333
2013-11-22	435.0
2013-11-21	428.7083
2013-11-20	430.375
2013-11-19	432.3333
2013-11-18	429.9167
2013-11-17	455.5
2013-11-16	456.9583
2013-11-15	453.0
2013-11-14	457.2917
2013-11-13	496.3333
2013-11-12	512.5
2013-11-11	508.1667
2013-11-10	515.375
2013-11-09	440.7083
2013-11-08	435.7083
2013-11-07	421.5
2013-11-06	410.75
2013-11-05	412.3333
2013-11-04	415.9583
2013-11-03	432.3333
2013-11-02	438.0
2013-11-01	436.3333
2013-10-31	434.0
2013-10-30	431.6666
2013-10-29	429.8333
2013-10-28	431.0
2013-10-27	429.8333
2013-10-26	428.1666
2013-10-25	425.25
2013-10-24	436.0
2013-10-23	448.25
2013-10-22	424.2917
2013-10-21	416.5
2013-10-20	408.3913
2013-10-19	408.0833
2013-10-18	407.7917
2013-10-17	408.2917
2013-10-16	405.2083
2013-10-15	417.25
2013-10-14	425.2083
2013-10-13	428.75
2013-10-12	440.0833
2013-10-11	443.0417
2013-10-10	444.5417
2013-10-09	453.5833
2013-10-08	455.75
2013-10-07	450.7083
2013-10-06	436.2917
2013-10-05	428.1667
2013-10-04	419.125
2013-10-03	413.2917
2013-10-02	411.1667
2013-10-01	412.625
2013-09-30	409.25
2013-09-29	394.5833
2013-09-28	399.625
2013-09-27	402.4583
2013-09-26	405.2083
2013-09-25	404.5
2013-09-24	406.125
2013-09-23	404.375
2013-09-22	402.375
2013-09-21	402.1667
2013-09-20	404.125
2013-09-19	404.6667
2013-09-18	403.7917
2013-09-17	401.5
2013-09-16	404.625
2013-09-15	403.625
2013-09-14	402.6667
2013-09-13	404.0
2013-09-12	406.0
2013-09-11	407.1667
2013-09-10	406.0417
2013-09-09	405.3333
2013-09-08	404.25
2013-09-07	401.5417
2013-09-06	401.125
2013-09-05	402.0833
2013-09-04	405.2083
2013-09-03	393.25
2013-09-02	392.0417
2013-09-01	392.0
2013-08-31	395.25
2013-08-30	396.8333
2013-08-29	396.5417
2013-08-28	403.9583
2013-08-27	394.125
2013-08-26	397.5417
2013-08-25	397.9167
2013-08-24	400.7083
2013-08-23	408.5417
2013-08-22	407.6667
2013-08-21	408.0
2013-08-20	409.7083
2013-08-19	408.375
2013-08-18	408.5833
2013-08-17	405.7917
2013-08-16	407.7083
2013-08-15	412.7917
2013-08-14	410.625
2013-08-13	410.0833
2013-08-12	412.3333
2013-08-11	412.2917
2013-08-10	413.625
2013-08-09	414.5
2013-08-08	413.7917
2013-08-07	412.5833
2013-08-06	412.125
2013-08-05	413.7917
2013-08-04	413.25
2013-08-03	414.2917
2013-08-02	413.0833
2013-08-01	407.875
2013-07-31	411.5833
2013-07-30	417.375
2013-07-29	423.375
2013-07-28	415.4583
2013-07-27	420.1667
2013-07-26	417.6667
2013-07-25	418.7083
2013-07-24	416.5417
2013-07-23	420.7917
2013-07-22	425.5
2013-07-21	420.25
2013-07-20	419.125
2013-07-19	427.7083
2013-07-18	422.25
2013-07-17	423.0833
2013-07-16	420.75
2013-07-15	420.3333
2013-07-14	422.0417
2013-07-13	419.0417
2013-07-12	417.5
2013-07-11	426.9583
2013-07-10	428.5
2013-07-09	429.25
2013-07-08	433.0417
2013-07-07	427.8333
2013-07-06	430.4583
2013-07-05	436.7083
2013-07-04	430.0416
2013-07-03	425.0
2013-07-02	428.0417
2013-07-01	443.3333
2013-06-30	426.375
2013-06-29	439.75
2013-06-28	437.9167
2013-06-27	441.75
2013-06-26	440.7083
2013-06-25	436.8333
2013-06-24	436.9167
2013-06-23	439.4167
2013-06-22	444.7083
2013-06-21	442.125
2013-06-20	430.4583
2013-06-19	433.2917
2013-06-18	444.0833
2013-06-17	442.7917
2013-06-16	443.5417
2013-06-15	444.75
2013-06-14	447.375
2013-06-13	440.4167
2013-06-12	458.6667
2013-06-11	456.875
2013-06-10	461.8333
2013-06-09	482.25
2013-06-08	488.875
2013-06-07	486.0
2013-06-06	485.75
2013-06-05	468.375
2013-06-04	464.4583
2013-06-03	468.9167
2013-06-02	487.9167
2013-06-01	490.0417
2013-05-31	483.5
2013-05-30	471.9583
2013-05-29	470.2083
2013-05-28	463.5
2013-05-27	449.0833
2013-05-26	479.5
2013-05-25	473.125
2013-05-24	453.5833
2013-05-23	441.9167
2013-05-22	440.8333
2013-05-21	437.6667
2013-05-20	435.25
2013-05-19	442.0
2013-05-18	441.75
2013-05-17	434.4583
2013-05-16	439.875
2013-05-15	441.5
2013-05-14	440.75
2013-05-13	443.2917
2013-05-12	451.625
2013-05-11	446.5
2013-05-10	440.375
2013-05-09	447.6667
2013-05-08	454.0417
2013-05-07	453.5833
2013-05-06	458.3333
2013-05-05	460.0833
2013-05-04	462.4167
2013-05-03	450.5833
2013-05-02	461.3333
2013-05-01	457.7917
2013-04-30	464.5
2013-04-29	451.4167
2013-04-28	464.625
2013-04-27	459.3333
2013-04-26	460.625
2013-04-25	466.6667
2013-04-24	476.7083
2013-04-23	481.2917
2013-04-22	487.25
2013-04-21	490.1667
2013-04-20	497.75
2013-04-19	519.9167
2013-04-18	524.375
2013-04-17	528.125
2013-04-16	546.9166
2013-04-15	553.7916
2013-04-14	557.7083
2013-04-13	578.0833
2013-04-12	602.5833
2013-04-11	591.0416
2013-04-10	584.4583
2013-04-09	530.25
2013-04-08	503.9167
2013-04-07	491.25
2013-04-06	494.8333
2013-04-05	496.5417
2013-04-04	515.0
2013-04-03	522.8333
2013-04-02	529.5416
2013-04-01	559.2083
2013-03-31	544.6667
2013-03-30	554.875
2013-03-29	566.4583
2013-03-28	524.125
2013-03-27	504.2083
2013-03-26	510.6667
2013-03-25	491.125
2013-03-24	486.4167
2013-03-23	482.6667
2013-03-22	479.875
2013-03-21	491.9167
2013-03-20	484.0417
2013-03-19	486.75
2013-03-18	501.4583
2013-03-17	518.375
2013-03-16	519.875
2013-03-15	503.9583
2013-03-14	496.0
2013-03-13	471.6667
2013-03-12	470.4583
2013-03-11	473.5
2013-03-10	477.4583
2013-03-09	486.9583
2013-03-08	485.9167
2013-03-07	493.4583
2013-03-06	515.0
2013-03-05	544.3333
2013-03-04	548.1666
2013-03-03	523.875
2013-03-02	488.625
2013-03-01	470.625
2013-02-28	457.125
2013-02-27	455.6667
2013-02-26	450.7917
2013-02-25	460.8333
2013-02-24	456.7083
2013-02-23	461.8333
2013-02-22	460.3333
2013-02-21	460.625
2013-02-20	464.7917
2013-02-19	473.0
2013-02-18	484.2917
2013-02-17	481.625
2013-02-16	491.8
2013-02-15	485.75
2013-02-14	501.4583
2013-02-13	515.125
2013-02-12	532.0417
2013-02-11	549.1666
2013-02-10	575.5833
2013-02-09	600.5
2013-02-08	645.4583
2013-02-07	587.2916
2013-02-06	590.125
2013-02-05	609.25
2013-02-04	619.2083
2013-02-03	646.2083
2013-02-02	683.4583
2013-02-01	671.7083
2013-01-31	684.625
2013-01-30	649.1666
2013-01-29	603.0416
2013-01-28	538.9167
2013-01-27	512.625
2013-01-26	519.3333
2013-01-25	534.6666
2013-01-24	559.9583
2013-01-23	599.875
2013-01-22	597.6666
2013-01-21	587.375
2013-01-20	564.5416
2013-01-19	532.625
2013-01-18	480.625
2013-01-17	479.0
2013-01-16	504.625
2013-01-15	509.0
2013-01-14	463.3333
2013-01-13	438.0417
2013-01-12	429.0833
2013-01-11	424.75
2013-01-10	424.9583
2013-01-09	425.6
2013-01-08	451.925
2013-01-07	475.7333
2013-01-06	454.7
2013-01-05	451.3708
2013-01-04	461.8583
2013-01-03	456.8416
2013-01-02	466.5958
2013-01-01	472.4917
