dataHora	chuva	vazao
07/07/2015 18:00	0.0	
07/07/2015 17:00	0.0	
07/07/2015 16:00	0.0	
07/07/2015 15:00	0.0	
07/07/2015 13:00	0.0	
07/07/2015 12:00	0.0	
07/07/2015 11:00	0.0	
07/07/2015 10:00	0.0	
07/07/2015 09:00	0.0	
07/07/2015 08:00	0.0	
07/07/2015 07:00	0.0	
07/07/2015 06:00	0.0	
07/07/2015 05:00	0.0	
07/07/2015 04:00	0.0	
07/07/2015 03:00	0.0	
07/07/2015 02:00	0.0	
07/07/2015 01:00	0.0	
07/07/2015 00:00	0.0	
06/07/2015 23:00	0.0	
06/07/2015 22:00	0.0	
06/07/2015 21:00	0.0	
06/07/2015 20:00	0.0	
06/07/2015 19:00	0.0	
06/07/2015 18:00	0.0	
06/07/2015 17:00	0.0	
06/07/2015 16:00	0.0	
06/07/2015 15:00	0.0	
06/07/2015 14:00	0.0	
06/07/2015 13:00	0.0	
06/07/2015 12:00	0.0	
06/07/2015 11:00	0.0	
06/07/2015 10:00	0.0	
06/07/2015 09:00	0.0	
06/07/2015 08:00	0.0	
06/07/2015 07:00	0.0	
06/07/2015 06:00	0.0	
06/07/2015 05:00	0.0	
06/07/2015 04:00	0.0	
06/07/2015 03:00	0.0	
06/07/2015 02:00	0.0	
06/07/2015 01:00	0.0	
06/07/2015 00:00	0.0	
05/07/2015 23:00	0.0	
05/07/2015 22:00	0.0	
05/07/2015 21:00	0.0	
05/07/2015 20:00	0.0	
05/07/2015 19:00	0.0	
05/07/2015 18:00	0.0	
05/07/2015 17:00	0.0	
05/07/2015 16:00	0.0	
05/07/2015 15:00	0.0	
05/07/2015 14:00	0.0	
05/07/2015 13:00	0.0	
05/07/2015 12:00	0.0	
05/07/2015 11:00	0.0	
05/07/2015 10:00	0.0	
05/07/2015 09:00	0.0	
05/07/2015 08:00	0.0	
05/07/2015 07:00	0.0	
05/07/2015 06:00	0.0	
05/07/2015 05:00	0.0	
05/07/2015 04:00	0.0	
05/07/2015 03:00	0.0	
05/07/2015 02:00	0.0	
05/07/2015 01:00	0.0	
05/07/2015 00:00	0.0	
04/07/2015 23:00	0.0	
04/07/2015 22:00	0.0	
04/07/2015 21:00	0.0	
04/07/2015 20:00	0.0	
04/07/2015 19:00	0.0	
04/07/2015 18:00	0.0	
04/07/2015 17:00	0.0	
04/07/2015 16:00	0.0	
04/07/2015 15:00	0.0	
04/07/2015 14:00	0.0	
04/07/2015 13:00	0.0	
04/07/2015 12:00	0.0	
04/07/2015 11:00	0.0	
04/07/2015 10:00	0.0	
04/07/2015 09:00	0.0	
04/07/2015 08:00	0.0	
04/07/2015 07:00	0.0	
04/07/2015 06:00	0.0	
04/07/2015 05:00	0.0	
04/07/2015 04:00	0.0	
04/07/2015 03:00	0.0	
04/07/2015 02:00	0.0	
04/07/2015 01:00	0.0	
04/07/2015 00:00	0.0	
03/07/2015 23:00	0.0	
03/07/2015 22:00	0.0	
03/07/2015 21:00	0.0	
03/07/2015 20:00	0.0	
03/07/2015 19:00	0.0	
03/07/2015 18:00	0.0	
03/07/2015 17:00	0.0	
03/07/2015 16:00	0.0	
03/07/2015 15:00	0.0	
03/07/2015 14:00	0.0	
03/07/2015 13:00	0.0	
03/07/2015 12:00	0.0	
03/07/2015 11:00	0.0	
03/07/2015 10:00	0.0	
03/07/2015 09:00	0.0	
03/07/2015 08:00	0.0	
03/07/2015 07:00	0.0	
03/07/2015 06:00	0.0	
03/07/2015 05:00	0.0	
03/07/2015 04:00	0.0	
03/07/2015 03:00	0.0	
03/07/2015 02:00	0.0	
03/07/2015 01:00	0.0	
03/07/2015 00:00	0.0	
02/07/2015 23:00	0.0	
02/07/2015 22:00	0.0	
02/07/2015 21:00	0.0	
02/07/2015 20:00	0.0	
02/07/2015 19:00	0.0	
02/07/2015 18:00	0.0	
02/07/2015 17:00	0.0	
02/07/2015 16:00	0.0	
02/07/2015 15:00	0.0	
02/07/2015 14:00	0.0	
02/07/2015 13:00	0.0	
02/07/2015 12:00	0.0	
02/07/2015 11:00	0.0	
02/07/2015 10:00	0.0	
02/07/2015 09:00	0.0	
02/07/2015 08:00	0.0	
02/07/2015 07:00	0.0	
02/07/2015 06:00	0.0	
02/07/2015 05:00	0.0	
02/07/2015 04:00	0.0	
02/07/2015 03:00	0.0	
02/07/2015 02:00	0.0	
02/07/2015 01:00	0.0	
02/07/2015 00:00	0.0	
01/07/2015 23:00	0.0	
01/07/2015 22:00	0.0	
01/07/2015 21:00	0.0	
01/07/2015 20:00	0.0	
01/07/2015 19:00	0.0	
01/07/2015 18:00	0.0	
01/07/2015 17:00	0.0	
01/07/2015 16:00	0.0	
01/07/2015 15:00	0.0	
01/07/2015 14:00	0.0	
01/07/2015 13:00	0.0	
01/07/2015 12:00	0.0	
01/07/2015 11:00	0.0	
01/07/2015 10:00	0.0	
01/07/2015 09:00	0.0	
01/07/2015 08:00	0.0	
01/07/2015 07:00	0.0	
01/07/2015 06:00	0.0	
01/07/2015 05:00	0.0	
01/07/2015 04:00	0.0	
01/07/2015 03:00	0.0	
01/07/2015 02:00	0.0	
01/07/2015 01:00	0.0	
01/07/2015 00:00	0.0	
30/06/2015 23:00	0.0	
30/06/2015 22:00	0.0	
30/06/2015 21:00	0.0	
30/06/2015 20:00	0.0	
30/06/2015 19:00	0.0	
30/06/2015 18:00	0.0	
30/06/2015 17:00	0.0	
30/06/2015 16:00	0.0	
30/06/2015 15:00	0.0	
30/06/2015 14:00	0.0	
30/06/2015 13:00	0.0	
30/06/2015 12:00	0.0	
30/06/2015 11:00	0.0	
30/06/2015 10:00	0.0	
30/06/2015 09:00	0.0	
30/06/2015 08:00	0.0	
30/06/2015 07:00	0.0	
30/06/2015 06:00	0.0	
30/06/2015 05:00	0.0	
30/06/2015 04:00	0.0	
30/06/2015 03:00	0.0	
30/06/2015 02:00	0.0	
30/06/2015 01:00	0.0	
30/06/2015 00:00	0.0	
29/06/2015 23:00	0.0	
29/06/2015 22:00	0.0	
29/06/2015 21:00	0.0	
29/06/2015 20:00	0.0	
29/06/2015 19:00	0.0	
29/06/2015 18:00	0.0	
29/06/2015 17:00	0.0	
29/06/2015 16:00	0.0	
29/06/2015 15:00	0.0	
29/06/2015 14:00	0.0	
29/06/2015 13:00	0.0	
29/06/2015 12:00	0.0	
29/06/2015 11:00	0.0	
29/06/2015 10:00	0.0	
29/06/2015 09:00	0.0	
29/06/2015 08:00	0.0	
29/06/2015 07:00	0.0	
29/06/2015 06:00	0.0	
29/06/2015 05:00	0.0	
29/06/2015 04:00	0.0	
29/06/2015 03:00	0.0	
29/06/2015 02:00	0.0	
29/06/2015 01:00	0.0	
29/06/2015 00:00	0.0	
28/06/2015 23:00	0.0	
28/06/2015 22:00	0.0	
28/06/2015 21:00	0.0	
28/06/2015 20:00	0.0	
28/06/2015 19:00	0.0	
28/06/2015 18:00	0.0	
28/06/2015 17:00	0.0	
28/06/2015 16:00	0.0	
28/06/2015 15:00	0.0	
28/06/2015 14:00	0.0	
28/06/2015 13:00	0.0	
28/06/2015 12:00	0.0	
28/06/2015 11:00	0.0	
28/06/2015 10:00	0.0	
28/06/2015 09:00	0.0	
28/06/2015 08:00	0.0	
28/06/2015 07:00	0.0	
28/06/2015 06:00	0.0	
28/06/2015 05:00	0.0	
28/06/2015 04:00	0.0	
28/06/2015 03:00	0.0	
28/06/2015 02:00	0.0	
28/06/2015 01:00	0.0	
28/06/2015 00:00	0.0	
27/06/2015 23:00	0.0	
27/06/2015 22:00	0.0	
27/06/2015 21:00	0.0	
27/06/2015 20:00	0.0	
27/06/2015 19:00	0.0	
27/06/2015 18:00	0.0	
27/06/2015 17:00	0.0	
27/06/2015 16:00	0.0	
27/06/2015 15:00	0.0	
27/06/2015 14:00	0.0	
27/06/2015 13:00	0.0	
27/06/2015 12:00	0.0	
27/06/2015 11:00	0.0	
27/06/2015 10:00	0.0	
27/06/2015 09:00	0.0	
27/06/2015 08:00	0.0	
27/06/2015 07:00	0.0	
27/06/2015 06:00	0.0	
27/06/2015 05:00	0.0	
27/06/2015 04:00	0.0	
27/06/2015 03:00	0.0	
27/06/2015 02:00	0.0	
27/06/2015 01:00	0.0	
27/06/2015 00:00	0.0	
26/06/2015 23:00	0.0	
26/06/2015 22:00	0.0	
26/06/2015 21:00	0.0	
26/06/2015 20:00	0.0	
26/06/2015 19:00	0.0	
26/06/2015 18:00	0.0	
26/06/2015 17:00	0.0	
26/06/2015 16:00	0.0	
26/06/2015 15:00	0.0	
26/06/2015 14:00	0.0	
26/06/2015 13:00	0.0	
26/06/2015 12:00	0.0	
26/06/2015 11:00	0.0	
26/06/2015 10:00	0.0	
26/06/2015 09:00	0.0	
26/06/2015 08:00	0.0	
26/06/2015 07:00	0.0	
26/06/2015 06:00	0.0	
26/06/2015 05:00	0.0	
26/06/2015 04:00	0.0	
26/06/2015 03:00	0.0	
26/06/2015 02:00	0.0	
26/06/2015 01:00	0.0	
26/06/2015 00:00	0.0	
25/06/2015 23:00	0.0	
25/06/2015 22:00	0.0	
25/06/2015 21:00	0.0	
25/06/2015 20:00	0.0	
25/06/2015 19:00	0.0	
25/06/2015 18:00	0.0	
25/06/2015 17:00	0.0	
25/06/2015 16:00	0.0	
25/06/2015 15:00	0.0	
25/06/2015 14:00	0.0	
25/06/2015 13:00	0.0	
25/06/2015 12:00	0.0	
25/06/2015 11:00	0.0	
25/06/2015 10:00	0.0	
25/06/2015 09:00	0.0	
25/06/2015 08:00	0.0	
25/06/2015 07:00	0.0	
25/06/2015 06:00	0.0	
25/06/2015 05:00	0.0	
25/06/2015 04:00	0.0	
25/06/2015 03:00	0.0	
25/06/2015 02:00	0.0	
25/06/2015 01:00	0.0	
25/06/2015 00:00	0.0	
24/06/2015 23:00	0.0	
24/06/2015 22:00	0.0	
24/06/2015 21:00	0.0	
24/06/2015 20:00	0.0	
24/06/2015 19:00	0.0	
24/06/2015 18:00	0.0	
24/06/2015 17:00	0.0	
24/06/2015 16:00	0.0	
24/06/2015 15:00	0.0	
24/06/2015 12:00	0.0	
24/06/2015 11:00	0.0	
24/06/2015 10:00	0.0	
24/06/2015 09:00	0.0	
24/06/2015 08:00	0.0	
24/06/2015 07:00	0.0	
24/06/2015 06:00	0.0	
24/06/2015 05:00	0.0	
24/06/2015 04:00	0.0	
24/06/2015 03:00	0.0	
24/06/2015 02:00	0.0	
24/06/2015 01:00	0.0	
24/06/2015 00:00	0.0	
23/06/2015 23:00	0.0	
23/06/2015 22:00	0.0	
23/06/2015 21:00	0.0	
23/06/2015 20:00	0.0	
23/06/2015 19:00	0.0	
23/06/2015 18:00	0.0	
23/06/2015 17:00	0.0	
23/06/2015 16:00	0.0	
23/06/2015 15:00	0.0	
23/06/2015 14:00	0.0	
23/06/2015 13:00	0.0	
23/06/2015 12:00	0.0	
23/06/2015 11:00	0.0	
23/06/2015 10:00	0.0	
23/06/2015 09:00	0.0	
23/06/2015 08:00	0.0	
23/06/2015 03:00	0.0	
23/06/2015 02:00	0.0	
23/06/2015 01:00	0.0	
23/06/2015 00:00	0.0	
22/06/2015 23:00	0.0	
22/06/2015 22:00	0.0	
22/06/2015 21:00	0.0	
22/06/2015 20:00	0.0	
22/06/2015 19:00	0.0	
22/06/2015 18:00	0.0	
22/06/2015 17:00	0.0	
22/06/2015 16:00	0.0	
22/06/2015 15:00	0.0	
22/06/2015 14:00	0.0	
22/06/2015 13:00	0.0	
22/06/2015 12:00	0.0	
22/06/2015 11:00	0.0	
22/06/2015 10:00	0.0	
22/06/2015 09:00	0.0	
22/06/2015 08:00	0.0	
22/06/2015 07:00	0.0	
22/06/2015 06:00	0.0	
22/06/2015 05:00	0.0	
22/06/2015 04:00	0.0	
22/06/2015 03:00	0.0	
22/06/2015 02:00	0.0	
22/06/2015 01:00	0.0	
22/06/2015 00:00	0.0	
21/06/2015 23:00	0.0	
21/06/2015 22:00	0.0	
21/06/2015 21:00	0.0	
21/06/2015 20:00	0.0	
21/06/2015 19:00	0.0	
21/06/2015 18:00	0.0	
21/06/2015 17:00	0.0	
21/06/2015 16:00	0.0	
21/06/2015 15:00	0.0	
21/06/2015 14:00	0.0	
21/06/2015 13:00	0.0	
21/06/2015 12:00	0.0	
21/06/2015 11:00	0.0	
21/06/2015 10:00	0.0	
21/06/2015 09:00	0.0	
21/06/2015 08:00	0.0	
21/06/2015 07:00	0.0	
21/06/2015 06:00	0.0	
21/06/2015 05:00	0.0	
21/06/2015 04:00	0.0	
21/06/2015 03:00	0.0	
21/06/2015 02:00	0.0	
21/06/2015 01:00	0.0	
21/06/2015 00:00	0.0	
20/06/2015 23:00	0.0	
20/06/2015 22:00	0.0	
20/06/2015 21:00	0.0	
20/06/2015 20:00	0.0	
20/06/2015 19:00	0.0	
20/06/2015 18:00	0.0	
20/06/2015 17:00	0.0	
20/06/2015 16:00	0.0	
20/06/2015 15:00	0.0	
20/06/2015 14:00	0.0	
20/06/2015 13:00	0.0	
20/06/2015 12:00	0.0	
20/06/2015 11:00	0.0	
20/06/2015 10:00	0.0	
20/06/2015 09:00	0.0	
20/06/2015 08:00	0.0	
20/06/2015 07:00	0.0	
20/06/2015 06:00	0.0	
20/06/2015 05:00	0.0	
20/06/2015 04:00	0.0	
20/06/2015 03:00	0.0	
20/06/2015 02:00	0.0	
20/06/2015 01:00	0.0	
20/06/2015 00:00	0.0	
19/06/2015 23:00	0.0	
19/06/2015 22:00	0.0	
19/06/2015 21:00	0.0	
19/06/2015 20:00	0.0	
19/06/2015 19:00	0.0	
19/06/2015 18:00	0.0	
19/06/2015 17:00	0.0	
19/06/2015 16:00	0.0	
19/06/2015 15:00	0.0	
19/06/2015 14:00	0.0	
19/06/2015 13:00	0.0	
19/06/2015 12:00	0.0	
19/06/2015 11:00	0.0	
19/06/2015 10:00	0.0	
19/06/2015 09:00	0.0	
19/06/2015 08:00	0.0	
19/06/2015 07:00	0.0	
19/06/2015 06:00	0.0	
19/06/2015 05:00	0.0	
19/06/2015 04:00	0.0	
19/06/2015 03:00	0.0	
19/06/2015 02:00	0.0	
19/06/2015 01:00	0.0	
19/06/2015 00:00	0.0	
18/06/2015 23:00	0.0	
18/06/2015 22:00	0.0	
18/06/2015 21:00	0.0	
18/06/2015 20:00	0.0	
18/06/2015 19:00	0.0	
18/06/2015 18:00	0.0	
18/06/2015 17:00	0.0	
18/06/2015 16:00	0.0	
18/06/2015 15:00	0.0	
18/06/2015 14:00	0.0	
18/06/2015 13:00	0.0	
18/06/2015 12:00	0.0	
18/06/2015 11:00	0.0	
18/06/2015 10:00	0.0	
18/06/2015 09:00	0.0	
18/06/2015 08:00	0.0	
18/06/2015 07:00	0.0	
18/06/2015 06:00	0.0	
18/06/2015 05:00	0.0	
18/06/2015 04:00	0.0	
18/06/2015 03:00	0.0	
18/06/2015 02:00	0.0	
18/06/2015 01:00	0.0	
18/06/2015 00:00	0.0	
17/06/2015 23:00	0.0	
17/06/2015 22:00	0.0	
17/06/2015 21:00	0.0	
17/06/2015 20:00	0.0	
17/06/2015 19:00	0.0	
17/06/2015 18:00	0.0	
17/06/2015 17:00	0.0	
17/06/2015 16:00	0.0	
17/06/2015 15:00	0.0	
17/06/2015 14:00	0.0	
17/06/2015 13:00	0.0	
17/06/2015 12:00	0.0	
17/06/2015 11:00	0.0	
17/06/2015 10:00	0.0	
17/06/2015 09:00	0.0	
17/06/2015 08:00	0.0	
17/06/2015 07:00	0.0	
17/06/2015 06:00	0.0	
17/06/2015 05:00	0.0	
17/06/2015 04:00	0.0	
17/06/2015 03:00	0.0	
17/06/2015 02:00	0.0	
17/06/2015 01:00	0.0	
17/06/2015 00:00	0.0	
16/06/2015 23:00	0.0	
16/06/2015 22:00	0.0	
16/06/2015 21:00	0.0	
16/06/2015 20:00	0.0	
16/06/2015 19:00	0.0	
16/06/2015 18:00	0.0	
16/06/2015 17:00	0.0	
16/06/2015 16:00	0.0	
16/06/2015 15:00	0.0	
16/06/2015 13:00	0.0	
16/06/2015 12:00	0.0	
15/06/2015 16:00	0.0	
15/06/2015 15:00	0.0	
15/06/2015 14:00	0.0	
15/06/2015 13:00	0.0	
15/06/2015 12:00	0.0	
15/06/2015 11:00	0.0	
15/06/2015 10:00	0.0	
15/06/2015 09:00	0.0	
15/06/2015 08:00	0.0	
15/06/2015 07:00	0.0	
15/06/2015 06:00	0.0	
15/06/2015 05:00	0.0	
15/06/2015 04:00	0.0	
15/06/2015 03:00	0.0	
15/06/2015 02:00	0.0	
15/06/2015 01:00	0.0	
15/06/2015 00:00	0.0	
14/06/2015 23:00	0.0	
14/06/2015 22:00	0.0	
14/06/2015 21:00	0.0	
14/06/2015 20:00	0.0	
14/06/2015 19:00	0.0	
14/06/2015 18:00	0.0	
14/06/2015 17:00	0.0	
14/06/2015 16:00	0.0	
14/06/2015 15:00	0.0	
14/06/2015 14:00	0.0	
14/06/2015 13:00	0.0	
14/06/2015 12:00	0.0	
14/06/2015 11:00	0.0	
14/06/2015 10:00	0.0	
14/06/2015 09:00	0.0	
14/06/2015 08:00	0.0	
14/06/2015 07:00	0.0	
14/06/2015 06:00	0.0	
14/06/2015 05:00	0.0	
14/06/2015 04:00	0.0	
14/06/2015 03:00	0.0	
14/06/2015 02:00	0.0	
14/06/2015 01:00	0.0	
14/06/2015 00:00	0.0	
13/06/2015 23:00	0.0	
13/06/2015 22:00	0.0	
13/06/2015 21:00	0.0	
13/06/2015 20:00	0.0	
13/06/2015 19:00	0.0	
13/06/2015 18:00	0.0	
13/06/2015 17:00	0.0	
13/06/2015 16:00	0.0	
13/06/2015 15:00	0.0	
13/06/2015 14:00	0.0	
13/06/2015 13:00	0.0	
13/06/2015 12:00	0.0	
13/06/2015 11:00	0.0	
13/06/2015 10:00	0.0	
13/06/2015 09:00	0.0	
13/06/2015 08:00	0.0	
13/06/2015 07:00	0.0	
13/06/2015 06:00	0.0	
13/06/2015 05:00	0.0	
13/06/2015 04:00	0.0	
13/06/2015 03:00	0.0	
13/06/2015 02:00	0.0	
13/06/2015 01:00	0.0	
13/06/2015 00:00	0.0	
12/06/2015 23:00	0.0	
12/06/2015 22:00	0.0	
12/06/2015 21:00	0.0	
12/06/2015 20:00	0.0	
12/06/2015 19:00	0.0	
12/06/2015 18:00	0.0	
12/06/2015 17:00	0.0	
12/06/2015 16:00	0.0	
12/06/2015 15:00	0.0	
12/06/2015 14:00	0.0	
12/06/2015 13:00	0.0	
12/06/2015 12:00	0.0	
12/06/2015 11:00	0.0	
12/06/2015 10:00	0.0	
12/06/2015 09:00	0.0	
12/06/2015 08:00	0.0	
12/06/2015 07:00	0.0	
12/06/2015 06:00	0.0	
12/06/2015 05:00	0.0	
12/06/2015 04:00	0.0	
12/06/2015 03:00	0.0	
12/06/2015 02:00	0.0	
12/06/2015 01:00	0.0	
12/06/2015 00:00	0.0	
11/06/2015 23:00	0.0	
11/06/2015 22:00	0.0	
11/06/2015 21:00	0.0	
11/06/2015 20:00	0.0	
11/06/2015 19:00	0.0	
11/06/2015 18:00	0.0	
11/06/2015 17:00	0.0	
11/06/2015 16:00	0.0	
11/06/2015 15:00	0.0	
11/06/2015 14:00	0.0	
11/06/2015 13:00	0.0	
11/06/2015 12:00	0.0	
11/06/2015 11:00	0.0	
11/06/2015 10:00	0.0	
11/06/2015 09:00	0.0	
11/06/2015 08:00	0.0	
11/06/2015 07:00	0.0	
11/06/2015 06:00	0.0	
11/06/2015 05:00	0.0	
11/06/2015 04:00	0.0	
11/06/2015 03:00	0.0	
11/06/2015 02:00	0.0	
11/06/2015 01:00	0.0	
11/06/2015 00:00	0.0	
10/06/2015 23:00	0.0	
10/06/2015 22:00	0.0	
10/06/2015 21:00	0.0	
10/06/2015 20:00	0.0	
10/06/2015 19:00	0.0	
10/06/2015 18:00	0.0	
10/06/2015 17:00	0.0	
10/06/2015 16:00	0.0	
10/06/2015 15:00	0.0	
10/06/2015 14:00	0.0	
10/06/2015 13:00	0.0	
10/06/2015 12:00	0.0	
10/06/2015 11:00	0.0	
10/06/2015 10:00	0.0	
10/06/2015 09:00	0.0	
10/06/2015 08:00	0.0	
10/06/2015 07:00	0.0	
10/06/2015 06:00	0.0	
10/06/2015 05:00	0.0	
10/06/2015 04:00	0.0	
10/06/2015 03:00	0.0	
10/06/2015 02:00	0.0	
10/06/2015 01:00	0.0	
10/06/2015 00:00	0.0	
09/06/2015 23:00	0.0	
09/06/2015 22:00	0.0	
09/06/2015 21:00	0.0	
09/06/2015 20:00	0.0	
09/06/2015 19:00	0.0	
09/06/2015 18:00	0.0	
09/06/2015 17:00	0.0	
09/06/2015 16:00	0.0	
09/06/2015 15:00	0.0	
09/06/2015 14:00	0.0	
09/06/2015 13:00	0.0	
09/06/2015 12:00	0.0	
09/06/2015 11:00	0.0	
09/06/2015 10:00	0.0	
09/06/2015 09:00	0.0	
09/06/2015 08:00	0.0	
09/06/2015 07:00	0.0	
09/06/2015 06:00	0.0	
09/06/2015 05:00	0.0	
09/06/2015 04:00	0.0	
09/06/2015 03:00	0.0	
09/06/2015 02:00	0.0	
09/06/2015 01:00	0.0	
09/06/2015 00:00	0.0	
08/06/2015 23:00	0.0	
08/06/2015 22:00	0.0	
08/06/2015 21:00	0.0	
08/06/2015 20:00	0.0	
08/06/2015 19:00	0.0	
08/06/2015 18:00	0.0	
08/06/2015 17:00	0.0	
08/06/2015 16:00	0.0	
08/06/2015 15:00	0.0	
08/06/2015 14:00	0.0	
08/06/2015 13:00	0.0	
08/06/2015 12:00	0.0	
08/06/2015 11:00	0.0	
08/06/2015 10:00	0.0	
08/06/2015 09:00	0.0	
08/06/2015 08:00	0.0	
08/06/2015 07:00	0.0	
08/06/2015 06:00	0.0	
08/06/2015 05:00	0.0	
08/06/2015 04:00	0.0	
08/06/2015 03:00	0.0	
08/06/2015 02:00	0.0	
08/06/2015 01:00	0.0	
08/06/2015 00:00	0.0	
07/06/2015 23:00	0.0	
07/06/2015 22:00	0.0	
07/06/2015 21:00	0.0	
07/06/2015 20:00	0.0	
07/06/2015 19:00	0.0	
07/06/2015 18:00	0.0	
07/06/2015 17:00	0.0	
07/06/2015 16:00	0.0	
07/06/2015 15:00	0.0	
07/06/2015 14:00	0.0	
07/06/2015 13:00	0.0	
07/06/2015 12:00	0.0	
07/06/2015 11:00	0.0	
07/06/2015 10:00	0.0	
07/06/2015 09:00	0.0	
07/06/2015 08:00	0.0	
07/06/2015 07:00	0.0	
07/06/2015 06:00	0.0	
07/06/2015 05:00	0.0	
07/06/2015 04:00	0.0	
07/06/2015 03:00	0.0	
07/06/2015 02:00	0.0	
07/06/2015 01:00	0.0	
07/06/2015 00:00	0.0	
06/06/2015 23:00	0.0	
06/06/2015 22:00	0.0	
06/06/2015 21:00	0.0	
06/06/2015 20:00	0.0	
06/06/2015 19:00	0.0	
06/06/2015 18:00	0.0	
06/06/2015 17:00	0.0	
06/06/2015 16:00	0.0	
06/06/2015 15:00	0.0	
06/06/2015 14:00	0.0	
06/06/2015 13:00	0.0	
06/06/2015 12:00	0.0	
06/06/2015 11:00	0.0	
06/06/2015 10:00	0.0	
06/06/2015 09:00	0.0	
06/06/2015 08:00	0.0	
06/06/2015 07:00	0.0	
06/06/2015 06:00	0.0	
06/06/2015 05:00	0.0	
06/06/2015 04:00	0.0	
06/06/2015 03:00	0.0	
06/06/2015 02:00	0.0	
06/06/2015 01:00	0.0	
06/06/2015 00:00	0.0	
05/06/2015 23:00	0.0	
05/06/2015 22:00	0.0	
05/06/2015 21:00	0.0	
05/06/2015 20:00	0.0	
05/06/2015 19:00	0.0	
05/06/2015 18:00	0.0	
05/06/2015 17:00	0.0	
05/06/2015 16:00	0.0	
05/06/2015 15:00	0.0	
05/06/2015 14:00	0.0	
05/06/2015 13:00	0.0	
05/06/2015 12:00	0.0	
05/06/2015 11:00	0.0	
05/06/2015 10:00	0.0	
05/06/2015 09:00	0.0	
05/06/2015 08:00	0.0	
05/06/2015 07:00	0.0	
05/06/2015 06:00	0.0	
05/06/2015 05:00	0.0	
05/06/2015 04:00	0.0	
05/06/2015 03:00	0.0	
05/06/2015 02:00	0.0	
05/06/2015 01:00	0.0	
05/06/2015 00:00	0.0	
04/06/2015 23:00	0.0	
04/06/2015 22:00	0.0	
04/06/2015 21:00	0.0	
04/06/2015 20:00	0.0	
04/06/2015 19:00	0.0	
04/06/2015 18:00	0.0	
04/06/2015 17:00	0.0	
04/06/2015 16:00	0.0	
04/06/2015 15:00	0.0	
04/06/2015 14:00	0.0	
04/06/2015 13:00	0.0	
04/06/2015 12:00	0.0	
04/06/2015 11:00	0.0	
04/06/2015 10:00	0.0	
04/06/2015 09:00	0.0	
04/06/2015 08:00	0.0	
04/06/2015 07:00	0.0	
04/06/2015 06:00	0.0	
04/06/2015 05:00	0.0	
04/06/2015 04:00	0.0	
04/06/2015 03:00	0.0	
04/06/2015 02:00	0.0	
04/06/2015 01:00	0.0	
04/06/2015 00:00	0.0	
03/06/2015 23:00	0.0	
03/06/2015 22:00	0.0	
03/06/2015 21:00	0.0	
03/06/2015 20:00	0.0	
03/06/2015 19:00	0.0	
03/06/2015 18:00	0.0	
03/06/2015 17:00	0.0	
03/06/2015 16:00	0.0	
03/06/2015 15:00	0.0	
03/06/2015 14:00	0.0	
03/06/2015 13:00	0.0	
03/06/2015 12:00	0.0	
03/06/2015 11:00	0.0	
03/06/2015 10:00	0.0	
03/06/2015 09:00	0.0	
03/06/2015 08:00	0.0	
03/06/2015 07:00	0.0	
03/06/2015 06:00	0.0	
03/06/2015 05:00	0.0	
03/06/2015 04:00	0.0	
03/06/2015 03:00	0.0	
03/06/2015 02:00	0.0	
03/06/2015 01:00	0.0	
03/06/2015 00:00	2.0	
02/06/2015 23:00	7.0	
02/06/2015 22:00	0.0	
02/06/2015 21:00	0.0	
02/06/2015 20:00	0.0	
02/06/2015 19:00	0.0	
02/06/2015 18:00	0.0	
02/06/2015 17:00	0.0	
02/06/2015 16:00	0.0	
02/06/2015 15:00	0.0	
02/06/2015 14:00	0.0	
02/06/2015 13:00	0.0	
02/06/2015 12:00	0.0	
02/06/2015 11:00	0.0	
02/06/2015 10:00	0.0	
02/06/2015 09:00	0.0	
02/06/2015 08:00	0.0	
02/06/2015 07:00	0.0	
02/06/2015 06:00	0.0	
02/06/2015 05:00	0.0	
02/06/2015 04:00	0.0	
02/06/2015 03:00	0.0	
02/06/2015 02:00	0.0	
02/06/2015 01:00	0.0	
02/06/2015 00:00	0.0	
01/06/2015 23:00	0.0	
01/06/2015 22:00	0.0	
01/06/2015 21:00	0.0	
01/06/2015 20:00	0.0	
01/06/2015 19:00	0.0	
01/06/2015 18:00	0.0	
01/06/2015 17:00	0.0	
01/06/2015 16:00	0.0	
01/06/2015 15:00	0.0	
01/06/2015 14:00	0.0	
01/06/2015 13:00	0.0	
01/06/2015 12:00	0.0	
01/06/2015 11:00	0.0	
01/06/2015 10:00	0.0	
01/06/2015 09:00	0.0	
01/06/2015 08:00	0.0	
01/06/2015 07:00	0.0	
01/06/2015 06:00	0.0	
01/06/2015 05:00	0.0	
01/06/2015 04:00	0.0	
01/06/2015 03:00	0.0	
01/06/2015 02:00	0.0	
01/06/2015 01:00	0.0	
01/06/2015 00:00	0.0	
31/05/2015 23:00	0.0	
31/05/2015 22:00	0.0	
31/05/2015 21:00	0.0	
31/05/2015 20:00	0.0	
31/05/2015 19:00	0.0	
31/05/2015 18:00	0.0	
31/05/2015 17:00	0.0	
31/05/2015 16:00	0.0	
31/05/2015 15:00	0.0	
31/05/2015 14:00	0.0	
31/05/2015 13:00	0.0	
31/05/2015 12:00	0.0	
31/05/2015 11:00	0.0	
31/05/2015 10:00	0.0	
31/05/2015 09:00	0.0	
31/05/2015 08:00	0.0	
31/05/2015 07:00	0.0	
31/05/2015 06:00	0.0	
31/05/2015 05:00	0.0	
31/05/2015 04:00	0.0	
31/05/2015 03:00	0.0	
31/05/2015 02:00	0.0	
31/05/2015 01:00	0.0	
31/05/2015 00:00	0.0	
30/05/2015 23:00	0.0	
30/05/2015 22:00	0.0	
30/05/2015 21:00	0.0	
30/05/2015 20:00	0.0	
30/05/2015 19:00	0.0	
30/05/2015 18:00	0.0	
30/05/2015 17:00	0.0	
30/05/2015 16:00	0.0	
30/05/2015 15:00	0.0	
30/05/2015 14:00	0.0	
30/05/2015 13:00	0.0	
30/05/2015 12:00	0.0	
30/05/2015 11:00	0.0	
30/05/2015 10:00	0.0	
30/05/2015 09:00	0.0	
30/05/2015 08:00	0.0	
30/05/2015 07:00	0.0	
30/05/2015 06:00	0.0	
30/05/2015 05:00	0.0	
30/05/2015 04:00	0.0	
30/05/2015 03:00	0.0	
30/05/2015 02:00	0.0	
30/05/2015 01:00	0.0	
30/05/2015 00:00	0.0	
29/05/2015 23:00	0.0	
29/05/2015 22:00	0.0	
29/05/2015 21:00	0.0	
29/05/2015 20:00	0.0	
29/05/2015 19:00	0.0	
29/05/2015 18:00	0.0	
29/05/2015 17:00	0.0	
29/05/2015 16:00	0.0	
29/05/2015 15:00	0.0	
29/05/2015 14:00	0.0	
29/05/2015 13:00	0.0	
29/05/2015 12:00	0.0	
29/05/2015 11:00	10.0	
29/05/2015 06:00	0.0	
29/05/2015 05:00	2.0	
29/05/2015 04:00	0.0	
29/05/2015 03:00	0.0	
29/05/2015 02:00	0.0	
29/05/2015 01:00	0.0	
29/05/2015 00:00	0.0	
28/05/2015 23:00	0.0	
28/05/2015 22:00	0.0	
28/05/2015 21:00	0.0	
28/05/2015 20:00	0.0	
28/05/2015 19:00	0.0	
28/05/2015 18:00	0.0	
28/05/2015 17:00	0.0	
28/05/2015 16:00	0.0	
28/05/2015 15:00	0.0	
28/05/2015 14:00	0.0	
28/05/2015 13:00	0.0	
28/05/2015 12:00	0.0	
28/05/2015 11:00	0.0	
28/05/2015 10:00	0.0	
28/05/2015 09:00	0.0	
28/05/2015 08:00	0.0	
28/05/2015 07:00	0.0	
28/05/2015 06:00	0.0	
28/05/2015 05:00	0.0	
28/05/2015 04:00	0.0	
28/05/2015 03:00	0.0	
28/05/2015 02:00	0.0	
28/05/2015 01:00	0.0	
28/05/2015 00:00	0.0	
27/05/2015 23:00	0.0	
27/05/2015 22:00	0.0	
27/05/2015 21:00	0.0	
27/05/2015 20:00	0.0	
27/05/2015 19:00	0.0	
27/05/2015 18:00	0.0	
27/05/2015 17:00	0.0	
27/05/2015 16:00	0.0	
27/05/2015 15:00	0.0	
27/05/2015 14:00	0.0	
27/05/2015 13:00	0.0	
27/05/2015 12:00	0.0	
27/05/2015 11:00	0.0	
27/05/2015 10:00	0.0	
27/05/2015 09:00	0.0	
27/05/2015 08:00	0.0	
27/05/2015 04:00	0.0	
27/05/2015 03:00	0.0	
27/05/2015 02:00	0.0	
27/05/2015 01:00	0.0	
27/05/2015 00:00	0.0	
26/05/2015 23:00	0.0	
26/05/2015 22:00	0.0	
26/05/2015 21:00	0.0	
26/05/2015 20:00	0.0	
26/05/2015 19:00	0.0	
26/05/2015 18:00	0.0	
26/05/2015 17:00	0.0	
26/05/2015 16:00	0.0	
26/05/2015 15:00	0.0	
26/05/2015 14:00	0.0	
26/05/2015 13:00	0.0	
26/05/2015 12:00	0.0	
26/05/2015 11:00	0.0	
26/05/2015 10:00	0.0	
26/05/2015 09:00	0.0	
26/05/2015 08:00	0.0	
26/05/2015 07:00	0.0	
26/05/2015 06:00	0.0	
26/05/2015 05:00	0.0	
26/05/2015 04:00	0.0	
26/05/2015 03:00	0.0	
26/05/2015 02:00	0.0	
26/05/2015 01:00	0.0	
26/05/2015 00:00	0.0	
25/05/2015 23:00	0.0	
25/05/2015 22:00	0.0	
25/05/2015 21:00	0.0	
25/05/2015 20:00	0.0	
25/05/2015 19:00	0.0	
25/05/2015 18:00	0.0	
25/05/2015 17:00	0.0	
25/05/2015 16:00	0.0	
25/05/2015 15:00	0.0	
25/05/2015 14:00	0.0	
25/05/2015 13:00	0.0	
25/05/2015 12:00	0.0	
25/05/2015 11:00	0.0	
25/05/2015 10:00	0.0	
25/05/2015 09:00	0.0	
25/05/2015 08:00	0.0	
25/05/2015 07:00	0.0	
25/05/2015 06:00	0.0	
25/05/2015 05:00	0.0	
25/05/2015 04:00	0.0	
25/05/2015 03:00	0.0	
25/05/2015 02:00	0.0	
25/05/2015 01:00	0.0	
25/05/2015 00:00	0.0	
24/05/2015 23:00	0.0	
24/05/2015 22:00	0.0	
24/05/2015 21:00	0.0	
24/05/2015 20:00	0.0	
24/05/2015 19:00	0.0	
24/05/2015 18:00	0.0	
24/05/2015 17:00	0.0	
24/05/2015 16:00	0.0	
24/05/2015 15:00	0.0	
24/05/2015 14:00	0.0	
24/05/2015 13:00	0.0	
24/05/2015 12:00	0.0	
24/05/2015 11:00	0.0	
24/05/2015 10:00	0.0	
24/05/2015 09:00	0.0	
24/05/2015 08:00	0.0	
24/05/2015 07:00	0.0	
24/05/2015 06:00	0.0	
24/05/2015 05:00	0.0	
24/05/2015 04:00	0.0	
24/05/2015 03:00	0.0	
24/05/2015 02:00	0.0	
24/05/2015 01:00	0.0	
24/05/2015 00:00	0.0	
23/05/2015 23:00	0.0	
23/05/2015 22:00	0.0	
23/05/2015 21:00	0.0	
23/05/2015 20:00	0.0	
23/05/2015 19:00	0.0	
23/05/2015 18:00	0.0	
23/05/2015 17:00	0.0	
23/05/2015 16:00	0.0	
23/05/2015 15:00	0.0	
23/05/2015 14:00	0.0	
23/05/2015 13:00	0.0	
23/05/2015 12:00	0.0	
23/05/2015 11:00	0.0	
23/05/2015 10:00	0.0	
23/05/2015 09:00	0.0	
23/05/2015 08:00	0.0	
23/05/2015 07:00	0.0	
23/05/2015 06:00	0.0	
23/05/2015 05:00	0.0	
23/05/2015 04:00	0.0	
23/05/2015 03:00	0.0	
23/05/2015 02:00	0.0	
23/05/2015 01:00	0.0	
23/05/2015 00:00	0.0	
22/05/2015 23:00	0.0	
22/05/2015 22:00	0.0	
22/05/2015 21:00	0.0	
22/05/2015 20:00	0.0	
22/05/2015 19:00	0.0	
22/05/2015 18:00	0.0	
22/05/2015 17:00	0.0	
22/05/2015 16:00	0.0	
22/05/2015 15:00	0.0	
22/05/2015 14:00	0.0	
22/05/2015 13:00	0.0	
22/05/2015 12:00	0.0	
22/05/2015 11:00	0.0	
22/05/2015 10:00	0.0	
22/05/2015 09:00	0.0	
22/05/2015 08:00	0.0	
22/05/2015 07:00	0.0	
22/05/2015 06:00	0.0	
22/05/2015 05:00	0.0	
22/05/2015 04:00	0.0	
22/05/2015 03:00	0.0	
22/05/2015 02:00	0.0	
22/05/2015 01:00	0.0	
22/05/2015 00:00	0.0	
21/05/2015 23:00	0.0	
21/05/2015 22:00	0.0	
21/05/2015 21:00	0.0	
21/05/2015 20:00	0.0	
21/05/2015 19:00	0.0	
21/05/2015 18:00	0.0	
21/05/2015 17:00	0.0	
21/05/2015 16:00	0.0	
21/05/2015 15:00	0.0	
21/05/2015 14:00	0.0	
21/05/2015 13:00	0.0	
21/05/2015 12:00	0.0	
21/05/2015 11:00	0.0	
21/05/2015 10:00	0.0	
21/05/2015 09:00	0.0	
21/05/2015 08:00	0.0	
21/05/2015 07:00	0.0	
21/05/2015 06:00	0.0	
21/05/2015 05:00	0.0	
21/05/2015 04:00	0.0	
21/05/2015 03:00	0.0	
21/05/2015 02:00	0.0	
21/05/2015 01:00	0.0	
21/05/2015 00:00	0.0	
20/05/2015 23:00	0.0	
20/05/2015 22:00	0.0	
20/05/2015 21:00	0.0	
20/05/2015 20:00	0.0	
20/05/2015 19:00	0.0	
20/05/2015 18:00	0.0	
20/05/2015 17:00	0.0	
20/05/2015 16:00	0.0	
20/05/2015 15:00	0.0	
20/05/2015 14:00	0.0	
20/05/2015 13:00	0.0	
20/05/2015 12:00	0.0	
20/05/2015 11:00	0.0	
20/05/2015 10:00	0.0	
20/05/2015 09:00	0.0	
20/05/2015 08:00	0.0	
20/05/2015 07:00	0.0	
20/05/2015 06:00	0.0	
20/05/2015 05:00	0.0	
20/05/2015 04:00	0.0	
20/05/2015 03:00	0.0	
20/05/2015 02:00	0.0	
20/05/2015 01:00	0.0	
20/05/2015 00:00	0.0	
19/05/2015 23:00	0.0	
19/05/2015 22:00	0.0	
19/05/2015 21:00	0.0	
19/05/2015 20:00	0.0	
19/05/2015 19:00	0.0	
19/05/2015 18:00	0.0	
19/05/2015 17:00	0.0	
19/05/2015 16:00	0.0	
19/05/2015 15:00	0.0	
19/05/2015 14:00	0.0	
19/05/2015 13:00	0.0	
19/05/2015 12:00	0.0	
19/05/2015 11:00	0.0	
19/05/2015 10:00	0.0	
19/05/2015 09:00	0.0	
19/05/2015 08:00	0.0	
19/05/2015 07:00	0.0	
19/05/2015 06:00	0.0	
19/05/2015 05:00	0.0	
19/05/2015 04:00	0.0	
19/05/2015 03:00	0.0	
19/05/2015 02:00	0.0	
19/05/2015 01:00	0.0	
19/05/2015 00:00	0.0	
18/05/2015 23:00	0.0	
18/05/2015 22:00	0.0	
18/05/2015 21:00	0.0	
18/05/2015 20:00	0.0	
18/05/2015 19:00	0.0	
18/05/2015 18:00	0.0	
18/05/2015 17:00	0.0	
18/05/2015 16:00	0.0	
18/05/2015 15:00	0.0	
18/05/2015 14:00	0.0	
18/05/2015 13:00	0.0	
18/05/2015 12:00	0.0	
18/05/2015 11:00	0.0	
18/05/2015 10:00	0.0	
18/05/2015 09:00	0.0	
18/05/2015 08:00	0.0	
18/05/2015 07:00	0.0	
18/05/2015 06:00	0.0	
18/05/2015 05:00	0.0	
18/05/2015 04:00	0.0	
18/05/2015 03:00	0.0	
18/05/2015 02:00	0.0	
18/05/2015 01:00	0.0	
18/05/2015 00:00	0.0	
17/05/2015 23:00	0.0	
17/05/2015 22:00	0.0	
17/05/2015 21:00	0.0	
17/05/2015 20:00	0.0	
17/05/2015 19:00	0.0	
17/05/2015 18:00	0.0	
17/05/2015 17:00	0.0	
17/05/2015 16:00	0.0	
17/05/2015 15:00	0.0	
17/05/2015 14:00	0.0	
17/05/2015 13:00	0.0	
17/05/2015 12:00	0.0	
17/05/2015 11:00	0.0	
17/05/2015 10:00	0.0	
17/05/2015 09:00	0.0	
17/05/2015 08:00	0.0	
17/05/2015 07:00	0.0	
17/05/2015 06:00	0.0	
17/05/2015 05:00	0.0	
17/05/2015 04:00	0.0	
17/05/2015 03:00	0.0	
17/05/2015 02:00	0.0	
17/05/2015 01:00	0.0	
17/05/2015 00:00	0.0	
16/05/2015 23:00	0.0	
16/05/2015 22:00	0.0	
16/05/2015 21:00	0.0	
16/05/2015 20:00	0.0	
16/05/2015 19:00	0.0	
16/05/2015 18:00	0.0	
16/05/2015 17:00	0.0	
16/05/2015 16:00	0.0	
16/05/2015 15:00	0.0	
16/05/2015 14:00	0.0	
16/05/2015 13:00	0.0	
16/05/2015 12:00	0.0	
16/05/2015 11:00	0.0	
16/05/2015 10:00	0.0	
16/05/2015 09:00	0.0	
16/05/2015 08:00	0.0	
16/05/2015 07:00	0.0	
16/05/2015 06:00	0.0	
16/05/2015 05:00	0.0	
16/05/2015 04:00	0.0	
16/05/2015 03:00	0.0	
16/05/2015 02:00	0.0	
16/05/2015 01:00	0.0	
16/05/2015 00:00	0.0	
15/05/2015 23:00	0.0	
15/05/2015 22:00	0.0	
15/05/2015 21:00	0.0	
15/05/2015 20:00	0.0	
15/05/2015 19:00	0.0	
15/05/2015 18:00	0.0	
15/05/2015 17:00	0.0	
15/05/2015 16:00	0.0	
15/05/2015 15:00	0.0	
15/05/2015 11:00	0.0	
15/05/2015 10:00	0.0	
15/05/2015 09:00	0.0	
