dia	mes	ano	chuva
31	1	2023	0.0
30	1	2023	0.0
29	1	2023	0.0
28	1	2023	0.0
27	1	2023	12.9
26	1	2023	1.9
25	1	2023	10.6
24	1	2023	0.0
23	1	2023	0.0
22	1	2023	25.6
21	1	2023	20.0
20	1	2023	99.6
19	1	2023	4.3
18	1	2023	0.0
17	1	2023	0.0
16	1	2023	0.0
15	1	2023	0.0
14	1	2023	0.0
13	1	2023	0.0
12	1	2023	0.0
11	1	2023	0.0
10	1	2023	0.0
9	1	2023	0.0
8	1	2023	0.0
7	1	2023	0.2
6	1	2023	10.1
5	1	2023	9.6
4	1	2023	15.3
3	1	2023	12.0
2	1	2023	0.0
1	1	2023	0.0
31	12	2022	0.0
30	12	2022	0.0
29	12	2022	0.0
28	12	2022	0.0
27	12	2022	0.0
26	12	2022	9.0
25	12	2022	1.9
24	12	2022	8.7
23	12	2022	31.1
22	12	2022	29.9
21	12	2022	29.6
20	12	2022	1.3
19	12	2022	1.5
18	12	2022	17.2
17	12	2022	20.0
16	12	2022	21.0
15	12	2022	107.8
14	12	2022	2.1
13	12	2022	0.0
12	12	2022	0.0
11	12	2022	17.6
10	12	2022	0.5
9	12	2022	62.1
8	12	2022	0.0
7	12	2022	0.0
6	12	2022	0.0
5	12	2022	3.1
4	12	2022	0.3
3	12	2022	33.5
2	12	2022	1.0
1	12	2022	11.3
30	11	2022	48.6
29	11	2022	10.9
28	11	2022	0.6
27	11	2022	20.0
26	11	2022	14.6
25	11	2022	9.8
24	11	2022	19.0
23	11	2022	0.3
22	11	2022	1.0
21	11	2022	0.6
20	11	2022	0.0
19	11	2022	0.0
18	11	2022	0.0
17	11	2022	24.7
16	11	2022	15.8
15	11	2022	6.1
14	11	2022	0.2
13	11	2022	0.0
12	11	2022	0.0
11	11	2022	0.0
10	11	2022	0.0
9	11	2022	0.0
8	11	2022	0.0
7	11	2022	0.0
6	11	2022	0.0
5	11	2022	0.0
4	11	2022	10.7
3	11	2022	34.3
2	11	2022	19.6
1	11	2022	0.0
31	10	2022	0.0
30	10	2022	0.0
29	10	2022	0.0
28	10	2022	0.0
27	10	2022	0.0
26	10	2022	0.0
25	10	2022	0.0
24	10	2022	11.7
23	10	2022	0.0
22	10	2022	0.0
21	10	2022	0.0
20	10	2022	0.0
19	10	2022	0.0
18	10	2022	0.0
17	10	2022	0.0
16	10	2022	0.0
15	10	2022	0.0
14	10	2022	0.0
13	10	2022	0.0
12	10	2022	0.0
11	10	2022	0.0
10	10	2022	0.0
9	10	2022	0.0
8	10	2022	0.0
7	10	2022	0.0
6	10	2022	0.0
5	10	2022	0.0
4	10	2022	1.8
3	10	2022	0.0
2	10	2022	0.0
1	10	2022	0.0
30	9	2022	0.0
29	9	2022	0.0
28	9	2022	0.0
27	9	2022	0.0
26	9	2022	0.0
25	9	2022	0.0
24	9	2022	2.0
23	9	2022	0.0
22	9	2022	0.0
21	9	2022	0.0
20	9	2022	0.0
19	9	2022	0.0
18	9	2022	0.0
17	9	2022	0.0
16	9	2022	0.0
15	9	2022	0.0
14	9	2022	0.0
13	9	2022	0.0
12	9	2022	0.0
11	9	2022	0.0
10	9	2022	0.0
9	9	2022	0.0
8	9	2022	0.0
7	9	2022	0.0
6	9	2022	0.0
5	9	2022	0.0
4	9	2022	0.0
3	9	2022	0.0
2	9	2022	0.0
1	9	2022	0.0
31	8	2022	0.0
30	8	2022	0.0
29	8	2022	0.0
28	8	2022	0.0
27	8	2022	0.0
26	8	2022	0.0
25	8	2022	0.0
24	8	2022	0.0
23	8	2022	0.0
22	8	2022	0.0
21	8	2022	0.0
20	8	2022	0.0
19	8	2022	0.0
18	8	2022	0.0
17	8	2022	0.0
16	8	2022	0.0
15	8	2022	0.0
14	8	2022	0.0
13	8	2022	0.0
12	8	2022	0.0
11	8	2022	0.0
10	8	2022	0.0
9	8	2022	0.0
8	8	2022	0.0
7	8	2022	0.0
6	8	2022	0.0
5	8	2022	0.0
4	8	2022	0.0
3	8	2022	0.0
2	8	2022	0.0
1	8	2022	0.0
31	7	2022	0.0
30	7	2022	0.0
29	7	2022	0.0
28	7	2022	0.0
27	7	2022	0.0
26	7	2022	0.0
25	7	2022	0.0
24	7	2022	0.0
23	7	2022	0.0
22	7	2022	0.0
21	7	2022	0.0
20	7	2022	0.0
19	7	2022	0.0
18	7	2022	0.0
17	7	2022	0.0
16	7	2022	0.0
15	7	2022	0.0
14	7	2022	0.0
13	7	2022	0.0
12	7	2022	0.0
11	7	2022	0.0
10	7	2022	0.0
9	7	2022	1.8
8	7	2022	0.0
7	7	2022	0.0
6	7	2022	0.0
5	7	2022	0.0
4	7	2022	0.0
3	7	2022	0.0
2	7	2022	0.0
1	7	2022	0.0
30	6	2022	0.0
29	6	2022	0.0
28	6	2022	0.0
27	6	2022	0.0
26	6	2022	0.0
25	6	2022	0.0
24	6	2022	0.0
23	6	2022	0.0
22	6	2022	0.0
21	6	2022	0.0
20	6	2022	0.0
19	6	2022	0.0
18	6	2022	0.0
17	6	2022	0.0
16	6	2022	0.0
15	6	2022	0.0
14	6	2022	0.0
13	6	2022	0.0
12	6	2022	0.0
11	6	2022	0.0
10	6	2022	0.0
9	6	2022	0.0
8	6	2022	0.0
7	6	2022	0.0
6	6	2022	0.0
5	6	2022	0.0
4	6	2022	0.0
3	6	2022	0.0
2	6	2022	0.0
1	6	2022	0.0
31	5	2022	0.0
30	5	2022	0.0
29	5	2022	0.0
28	5	2022	0.0
27	5	2022	0.0
26	5	2022	0.0
25	5	2022	0.0
24	5	2022	0.0
23	5	2022	0.0
22	5	2022	0.0
21	5	2022	0.0
20	5	2022	0.0
19	5	2022	0.0
18	5	2022	0.0
17	5	2022	0.0
16	5	2022	0.1
15	5	2022	0.8
14	5	2022	0.0
13	5	2022	0.0
12	5	2022	0.0
11	5	2022	0.0
10	5	2022	0.0
9	5	2022	0.0
8	5	2022	0.0
7	5	2022	0.0
6	5	2022	0.0
5	5	2022	0.0
4	5	2022	0.0
3	5	2022	0.0
2	5	2022	0.0
1	5	2022	0.0
30	4	2022	0.0
29	4	2022	0.0
28	4	2022	0.0
27	4	2022	0.0
26	4	2022	0.0
25	4	2022	0.3
24	4	2022	0.1
23	4	2022	0.0
22	4	2022	0.0
21	4	2022	0.0
20	4	2022	0.0
19	4	2022	0.0
18	4	2022	0.0
17	4	2022	0.0
16	4	2022	0.0
15	4	2022	0.0
14	4	2022	0.0
13	4	2022	0.0
12	4	2022	0.0
11	4	2022	0.0
10	4	2022	0.0
9	4	2022	0.0
8	4	2022	0.0
7	4	2022	0.0
6	4	2022	0.0
5	4	2022	0.0
4	4	2022	0.0
3	4	2022	0.0
2	4	2022	0.0
1	4	2022	0.0
31	3	2022	0.0
30	3	2022	0.0
29	3	2022	0.0
28	3	2022	0.0
27	3	2022	0.0
26	3	2022	0.0
25	3	2022	0.0
24	3	2022	0.0
23	3	2022	0.0
22	3	2022	0.0
21	3	2022	0.0
20	3	2022	0.0
19	3	2022	0.0
18	3	2022	0.0
17	3	2022	0.0
16	3	2022	0.0
15	3	2022	0.0
14	3	2022	0.0
13	3	2022	0.0
12	3	2022	0.0
11	3	2022	0.0
10	3	2022	0.0
9	3	2022	0.0
8	3	2022	0.0
7	3	2022	0.0
6	3	2022	0.0
5	3	2022	0.0
4	3	2022	0.0
3	3	2022	0.0
2	3	2022	0.0
1	3	2022	0.0
28	2	2022	0.0
27	2	2022	0.0
26	2	2022	0.0
25	2	2022	0.0
24	2	2022	0.0
23	2	2022	0.0
22	2	2022	0.0
21	2	2022	1.1
20	2	2022	38.3
19	2	2022	12.5
18	2	2022	10.0
17	2	2022	8.1
16	2	2022	0.0
15	2	2022	0.0
14	2	2022	6.0
13	2	2022	0.0
12	2	2022	0.0
11	2	2022	1.8
10	2	2022	0.8
9	2	2022	5.2
8	2	2022	9.8
7	2	2022	0.0
6	2	2022	10.1
5	2	2022	0.0
4	2	2022	0.0
3	2	2022	0.0
2	2	2022	0.1
1	2	2022	43.6
31	1	2022	11.1
30	1	2022	14.5
29	1	2022	0.5
28	1	2022	0.0
27	1	2022	26.0
26	1	2022	0.0
25	1	2022	0.0
24	1	2022	0.0
23	1	2022	0.0
22	1	2022	0.0
21	1	2022	0.0
20	1	2022	0.0
19	1	2022	0.0
18	1	2022	0.0
17	1	2022	0.0
16	1	2022	0.0
15	1	2022	0.0
14	1	2022	0.0
13	1	2022	0.0
12	1	2022	0.0
11	1	2022	0.0
10	1	2022	2.3
9	1	2022	20.8
8	1	2022	29.9
7	1	2022	10.0
6	1	2022	0.2
5	1	2022	2.1
4	1	2022	20.3
3	1	2022	0.3
2	1	2022	0.0
1	1	2022	0.0
31	12	2021	0.0
30	12	2021	0.3
29	12	2021	0.0
28	12	2021	132.0
27	12	2021	5.7
26	12	2021	10.1
25	12	2021	5.8
24	12	2021	39.0
23	12	2021	7.1
22	12	2021	26.6
21	12	2021	10.8
20	12	2021	105.3
19	12	2021	83.1
18	12	2021	0.0
17	12	2021	0.0
16	12	2021	0.0
15	12	2021	0.0
14	12	2021	0.0
13	12	2021	0.1
12	12	2021	20.6
11	12	2021	0.3
10	12	2021	0.2
9	12	2021	47.8
8	12	2021	43.6
7	12	2021	7.8
6	12	2021	0.0
5	12	2021	0.0
4	12	2021	9.9
3	12	2021	1.9
2	12	2021	0.0
1	12	2021	1.3
30	11	2021	0.2
29	11	2021	1.1
28	11	2021	38.9
27	11	2021	0.0
26	11	2021	0.0
25	11	2021	0.0
24	11	2021	0.0
23	11	2021	0.0
22	11	2021	1.7
21	11	2021	16.0
20	11	2021	10.0
19	11	2021	0.0
18	11	2021	0.0
17	11	2021	0.0
16	11	2021	0.0
15	11	2021	0.0
14	11	2021	0.0
13	11	2021	15.0
12	11	2021	0.1
11	11	2021	0.0
10	11	2021	1.1
9	11	2021	11.3
8	11	2021	0.0
7	11	2021	0.0
6	11	2021	22.1
5	11	2021	20.1
4	11	2021	20.9
3	11	2021	52.0
2	11	2021	13.9
1	11	2021	0.0
31	10	2021	0.0
30	10	2021	0.0
29	10	2021	0.0
28	10	2021	0.0
27	10	2021	0.0
26	10	2021	10.3
25	10	2021	16.7
24	10	2021	2.0
23	10	2021	0.0
22	10	2021	0.0
21	10	2021	51.2
20	10	2021	0.0
19	10	2021	0.0
18	10	2021	0.0
17	10	2021	0.0
16	10	2021	0.0
15	10	2021	2.6
14	10	2021	0.0
13	10	2021	3.8
12	10	2021	24.9
11	10	2021	23.5
10	10	2021	0.0
9	10	2021	0.0
8	10	2021	0.0
7	10	2021	0.0
6	10	2021	0.0
5	10	2021	0.0
4	10	2021	0.0
3	10	2021	0.0
2	10	2021	0.0
1	10	2021	0.0
30	9	2021	0.0
29	9	2021	0.0
28	9	2021	0.0
27	9	2021	0.0
26	9	2021	0.0
25	9	2021	0.0
24	9	2021	0.0
23	9	2021	0.0
22	9	2021	0.0
21	9	2021	0.0
20	9	2021	0.0
19	9	2021	0.0
18	9	2021	0.0
17	9	2021	0.0
16	9	2021	0.0
15	9	2021	0.0
14	9	2021	0.0
13	9	2021	0.0
12	9	2021	0.0
11	9	2021	0.0
10	9	2021	0.0
9	9	2021	0.0
8	9	2021	0.0
7	9	2021	0.0
6	9	2021	0.0
5	9	2021	0.0
4	9	2021	0.0
3	9	2021	0.0
2	9	2021	0.1
1	9	2021	3.9
31	8	2021	0.0
30	8	2021	0.0
29	8	2021	0.0
28	8	2021	0.0
27	8	2021	0.0
26	8	2021	0.0
25	8	2021	0.0
24	8	2021	0.0
23	8	2021	0.0
22	8	2021	0.0
21	8	2021	0.0
20	8	2021	0.0
19	8	2021	0.0
18	8	2021	0.0
17	8	2021	0.0
16	8	2021	0.0
15	8	2021	0.0
14	8	2021	0.0
13	8	2021	0.0
12	8	2021	0.0
11	8	2021	0.0
10	8	2021	0.0
9	8	2021	0.0
8	8	2021	0.0
7	8	2021	0.0
6	8	2021	0.0
5	8	2021	0.0
4	8	2021	0.0
3	8	2021	0.0
2	8	2021	0.0
1	8	2021	0.0
31	7	2021	0.0
30	7	2021	0.0
29	7	2021	0.0
28	7	2021	0.0
27	7	2021	0.0
26	7	2021	0.0
25	7	2021	0.0
24	7	2021	0.0
23	7	2021	0.0
22	7	2021	0.0
21	7	2021	0.2
20	7	2021	0.0
19	7	2021	0.0
18	7	2021	0.0
17	7	2021	0.0
16	7	2021	0.0
15	7	2021	0.0
14	7	2021	0.0
13	7	2021	0.0
12	7	2021	0.0
11	7	2021	0.0
10	7	2021	0.0
9	7	2021	0.0
8	7	2021	0.0
7	7	2021	0.0
6	7	2021	0.0
5	7	2021	0.0
4	7	2021	0.0
3	7	2021	0.0
2	7	2021	0.0
1	7	2021	0.0
30	6	2021	0.0
29	6	2021	0.0
28	6	2021	0.0
27	6	2021	0.0
26	6	2021	0.0
25	6	2021	0.0
24	6	2021	0.0
23	6	2021	0.0
22	6	2021	0.0
21	6	2021	0.0
20	6	2021	0.0
19	6	2021	0.0
18	6	2021	0.0
17	6	2021	0.0
16	6	2021	0.0
15	6	2021	0.0
14	6	2021	0.0
13	6	2021	0.0
12	6	2021	0.0
11	6	2021	0.0
10	6	2021	0.0
9	6	2021	0.0
8	6	2021	0.0
7	6	2021	0.0
6	6	2021	0.0
5	6	2021	0.0
4	6	2021	0.0
3	6	2021	0.0
2	6	2021	0.0
1	6	2021	0.0
31	5	2021	0.0
30	5	2021	0.0
29	5	2021	0.0
28	5	2021	0.0
27	5	2021	0.0
26	5	2021	0.0
25	5	2021	0.0
24	5	2021	0.0
23	5	2021	0.0
22	5	2021	0.0
21	5	2021	0.0
20	5	2021	0.0
19	5	2021	0.0
18	5	2021	0.0
17	5	2021	0.0
16	5	2021	0.0
15	5	2021	0.0
14	5	2021	0.0
13	5	2021	0.0
12	5	2021	0.0
11	5	2021	0.0
10	5	2021	0.0
9	5	2021	0.0
8	5	2021	0.0
7	5	2021	0.0
6	5	2021	0.0
5	5	2021	0.0
4	5	2021	0.0
3	5	2021	0.0
2	5	2021	0.0
1	5	2021	0.0
30	4	2021	0.0
29	4	2021	0.0
28	4	2021	0.0
27	4	2021	0.0
26	4	2021	0.0
25	4	2021	0.0
24	4	2021	0.0
23	4	2021	0.0
22	4	2021	0.0
21	4	2021	0.8
20	4	2021	33.8
19	4	2021	0.0
18	4	2021	0.0
17	4	2021	0.0
16	4	2021	0.0
15	4	2021	0.0
14	4	2021	0.0
13	4	2021	0.0
12	4	2021	0.0
11	4	2021	0.0
10	4	2021	0.0
9	4	2021	0.0
8	4	2021	0.0
7	4	2021	0.0
6	4	2021	0.0
5	4	2021	0.0
4	4	2021	0.0
3	4	2021	0.0
2	4	2021	0.0
1	4	2021	0.0
31	3	2021	0.0
30	3	2021	0.0
29	3	2021	0.0
28	3	2021	0.0
27	3	2021	0.0
26	3	2021	0.0
25	3	2021	6.0
24	3	2021	0.0
23	3	2021	0.0
22	3	2021	0.0
21	3	2021	0.0
20	3	2021	0.0
19	3	2021	0.0
18	3	2021	0.0
17	3	2021	0.0
16	3	2021	0.0
15	3	2021	0.0
14	3	2021	0.0
13	3	2021	0.0
12	3	2021	0.0
11	3	2021	24.8
10	3	2021	0.0
9	3	2021	0.0
8	3	2021	4.1
7	3	2021	0.0
6	3	2021	0.0
5	3	2021	0.0
4	3	2021	0.0
3	3	2021	0.0
2	3	2021	0.0
1	3	2021	0.0
28	2	2021	0.0
27	2	2021	0.0
26	2	2021	35.3
25	2	2021	0.1
24	2	2021	6.0
23	2	2021	0.0
22	2	2021	0.0
21	2	2021	6.0
20	2	2021	0.4
19	2	2021	0.5
18	2	2021	13.0
17	2	2021	0.1
16	2	2021	5.2
15	2	2021	0.0
14	2	2021	0.0
13	2	2021	0.0
12	2	2021	0.0
11	2	2021	0.0
10	2	2021	13.8
9	2	2021	22.1
8	2	2021	48.5
7	2	2021	12.5
6	2	2021	45.2
5	2	2021	7.0
4	2	2021	0.0
3	2	2021	0.0
2	2	2021	0.0
1	2	2021	0.0
31	1	2021	0.0
30	1	2021	0.0
29	1	2021	0.0
28	1	2021	0.0
27	1	2021	0.0
26	1	2021	0.0
25	1	2021	0.0
24	1	2021	0.0
23	1	2021	0.0
22	1	2021	0.0
21	1	2021	0.0
20	1	2021	0.0
19	1	2021	0.0
18	1	2021	0.0
17	1	2021	0.0
16	1	2021	0.0
15	1	2021	0.0
14	1	2021	0.0
13	1	2021	0.0
12	1	2021	0.0
11	1	2021	0.0
10	1	2021	0.0
9	1	2021	0.0
8	1	2021	0.0
7	1	2021	0.0
6	1	2021	0.0
5	1	2021	0.0
4	1	2021	9.7
3	1	2021	0.0
2	1	2021	0.0
1	1	2021	0.0
31	12	2020	0.0
30	12	2020	0.0
29	12	2020	0.0
28	12	2020	0.0
27	12	2020	0.0
26	12	2020	0.0
25	12	2020	0.0
24	12	2020	0.0
23	12	2020	0.0
22	12	2020	0.0
21	12	2020	0.0
20	12	2020	0.0
19	12	2020	0.0
18	12	2020	0.0
17	12	2020	0.0
16	12	2020	0.0
15	12	2020	0.0
14	12	2020	0.0
13	12	2020	0.3
12	12	2020	0.1
11	12	2020	35.0
10	12	2020	1.5
9	12	2020	81.2
8	12	2020	0.0
7	12	2020	0.0
6	12	2020	7.1
5	12	2020	0.6
4	12	2020	0.0
3	12	2020	0.0
2	12	2020	0.0
1	12	2020	0.0
30	11	2020	0.0
29	11	2020	0.0
28	11	2020	0.0
27	11	2020	0.0
26	11	2020	0.0
25	11	2020	0.0
24	11	2020	0.5
23	11	2020	16.3
22	11	2020	0.1
21	11	2020	0.2
20	11	2020	8.4
19	11	2020	34.2
18	11	2020	0.0
17	11	2020	2.4
16	11	2020	0.0
15	11	2020	0.0
14	11	2020	0.0
13	11	2020	0.0
12	11	2020	0.0
11	11	2020	0.0
10	11	2020	0.0
9	11	2020	0.0
8	11	2020	0.0
7	11	2020	0.0
6	11	2020	0.0
5	11	2020	0.0
4	11	2020	0.0
3	11	2020	0.1
2	11	2020	35.4
1	11	2020	21.8
31	10	2020	0.3
30	10	2020	23.2
29	10	2020	50.7
28	10	2020	4.5
27	10	2020	23.7
26	10	2020	80.8
25	10	2020	1.5
24	10	2020	3.8
23	10	2020	0.1
22	10	2020	3.3
21	10	2020	0.0
20	10	2020	0.0
19	10	2020	0.0
18	10	2020	0.0
17	10	2020	0.0
16	10	2020	0.0
15	10	2020	0.0
14	10	2020	0.0
13	10	2020	0.0
12	10	2020	0.0
11	10	2020	0.0
10	10	2020	0.0
9	10	2020	0.0
8	10	2020	0.0
7	10	2020	0.0
6	10	2020	0.0
5	10	2020	0.0
4	10	2020	0.0
3	10	2020	0.0
2	10	2020	0.0
1	10	2020	0.0
30	9	2020	0.0
29	9	2020	0.0
28	9	2020	0.0
27	9	2020	0.0
26	9	2020	0.0
25	9	2020	0.0
24	9	2020	7.7
23	9	2020	0.0
22	9	2020	0.0
21	9	2020	0.0
20	9	2020	0.0
19	9	2020	0.0
18	9	2020	0.0
17	9	2020	0.0
16	9	2020	0.0
15	9	2020	0.0
14	9	2020	0.0
13	9	2020	0.0
12	9	2020	0.0
11	9	2020	0.0
10	9	2020	0.0
9	9	2020	0.0
8	9	2020	0.0
7	9	2020	0.0
6	9	2020	0.0
5	9	2020	0.0
4	9	2020	0.0
3	9	2020	0.0
2	9	2020	0.0
1	9	2020	0.0
31	8	2020	0.0
30	8	2020	0.0
29	8	2020	0.0
28	8	2020	0.0
27	8	2020	0.0
26	8	2020	0.0
25	8	2020	0.0
24	8	2020	0.0
23	8	2020	0.0
22	8	2020	0.0
21	8	2020	0.0
20	8	2020	0.0
19	8	2020	0.0
18	8	2020	0.0
17	8	2020	0.0
16	8	2020	0.0
15	8	2020	0.0
14	8	2020	0.0
13	8	2020	0.0
12	8	2020	0.0
11	8	2020	0.0
10	8	2020	0.1
9	8	2020	0.0
8	8	2020	0.0
7	8	2020	0.0
6	8	2020	0.0
5	8	2020	0.0
4	8	2020	0.0
3	8	2020	0.0
2	8	2020	0.0
1	8	2020	0.0
31	7	2020	0.0
30	7	2020	0.0
29	7	2020	0.0
28	7	2020	0.0
27	7	2020	0.8
26	7	2020	0.5
25	7	2020	0.0
24	7	2020	0.0
23	7	2020	0.0
22	7	2020	0.0
21	7	2020	0.0
20	7	2020	0.0
19	7	2020	0.0
18	7	2020	0.0
17	7	2020	0.0
16	7	2020	0.0
15	7	2020	0.0
14	7	2020	0.0
13	7	2020	0.0
12	7	2020	0.0
11	7	2020	0.0
10	7	2020	0.0
9	7	2020	0.0
8	7	2020	0.0
7	7	2020	0.0
6	7	2020	0.0
5	7	2020	0.0
4	7	2020	0.0
3	7	2020	0.0
2	7	2020	0.0
1	7	2020	0.0
30	6	2020	0.0
29	6	2020	0.0
28	6	2020	0.0
27	6	2020	0.0
26	6	2020	0.0
25	6	2020	0.0
24	6	2020	0.0
23	6	2020	0.0
22	6	2020	0.0
21	6	2020	0.5
20	6	2020	7.5
19	6	2020	0.0
18	6	2020	0.0
17	6	2020	0.0
16	6	2020	0.0
15	6	2020	0.0
14	6	2020	0.0
13	6	2020	0.0
12	6	2020	0.0
11	6	2020	0.0
10	6	2020	0.0
9	6	2020	0.0
8	6	2020	0.0
7	6	2020	0.0
6	6	2020	0.0
5	6	2020	0.0
4	6	2020	0.0
3	6	2020	0.0
2	6	2020	0.0
1	6	2020	0.0
31	5	2020	0.0
30	5	2020	0.0
29	5	2020	0.0
28	5	2020	0.0
27	5	2020	26.3
26	5	2020	0.0
25	5	2020	0.0
24	5	2020	0.0
23	5	2020	0.0
22	5	2020	0.0
21	5	2020	0.0
20	5	2020	0.0
19	5	2020	0.0
18	5	2020	0.0
17	5	2020	9.2
16	5	2020	0.0
15	5	2020	0.0
14	5	2020	0.0
13	5	2020	0.0
12	5	2020	0.0
11	5	2020	0.0
10	5	2020	0.0
9	5	2020	8.9
8	5	2020	0.0
7	5	2020	0.0
6	5	2020	0.0
5	5	2020	0.0
4	5	2020	0.0
3	5	2020	0.0
2	5	2020	0.0
1	5	2020	0.0
30	4	2020	0.0
29	4	2020	0.0
28	4	2020	0.0
27	4	2020	0.0
26	4	2020	0.0
25	4	2020	0.0
24	4	2020	0.0
23	4	2020	0.0
22	4	2020	0.0
21	4	2020	0.0
20	4	2020	0.0
19	4	2020	0.0
18	4	2020	0.0
17	4	2020	0.0
16	4	2020	0.0
15	4	2020	0.0
14	4	2020	0.0
13	4	2020	0.0
12	4	2020	0.0
11	4	2020	0.0
10	4	2020	16.6
9	4	2020	21.1
8	4	2020	0.0
7	4	2020	0.0
6	4	2020	0.0
5	4	2020	14.0
4	4	2020	0.0
3	4	2020	0.0
2	4	2020	0.0
1	4	2020	0.0
31	3	2020	0.0
30	3	2020	0.0
29	3	2020	0.0
28	3	2020	0.0
27	3	2020	0.0
26	3	2020	0.0
25	3	2020	0.9
24	3	2020	2.4
23	3	2020	15.6
22	3	2020	12.9
21	3	2020	6.2
20	3	2020	0.0
19	3	2020	0.0
18	3	2020	0.0
17	3	2020	0.0
16	3	2020	0.0
15	3	2020	0.0
14	3	2020	0.0
13	3	2020	1.1
12	3	2020	99.8
11	3	2020	0.0
10	3	2020	0.1
9	3	2020	0.7
8	3	2020	95.4
7	3	2020	40.3
6	3	2020	35.6
5	3	2020	2.4
4	3	2020	0.0
3	3	2020	0.0
2	3	2020	0.0
1	3	2020	0.0
29	2	2020	0.0
28	2	2020	0.0
27	2	2020	10.6
26	2	2020	0.0
25	2	2020	0.0
24	2	2020	4.4
23	2	2020	11.2
22	2	2020	0.0
21	2	2020	0.0
20	2	2020	0.0
19	2	2020	0.0
18	2	2020	0.0
17	2	2020	0.0
16	2	2020	0.0
15	2	2020	0.0
14	2	2020	0.0
13	2	2020	0.0
12	2	2020	0.0
11	2	2020	0.0
10	2	2020	0.0
9	2	2020	0.0
8	2	2020	0.0
7	2	2020	0.0
6	2	2020	0.0
5	2	2020	52.4
4	2	2020	15.0
3	2	2020	0.0
2	2	2020	0.0
1	2	2020	0.0
31	1	2020	0.0
30	1	2020	0.0
29	1	2020	35.8
28	1	2020	25.3
27	1	2020	5.6
26	1	2020	11.0
25	1	2020	1.5
24	1	2020	16.3
23	1	2020	5.9
22	1	2020	12.6
21	1	2020	11.7
20	1	2020	0.0
19	1	2020	0.0
18	1	2020	0.0
17	1	2020	0.0
16	1	2020	0.0
15	1	2020	0.0
14	1	2020	0.0
13	1	2020	0.0
12	1	2020	0.0
11	1	2020	0.0
10	1	2020	0.0
9	1	2020	0.0
8	1	2020	0.0
7	1	2020	7.6
6	1	2020	5.6
5	1	2020	5.9
4	1	2020	3.8
3	1	2020	61.9
2	1	2020	0.0
1	1	2020	0.0
31	12	2019	0.0
30	12	2019	0.0
29	12	2019	0.0
28	12	2019	0.0
27	12	2019	0.0
26	12	2019	0.7
25	12	2019	0.0
24	12	2019	0.0
23	12	2019	0.0
22	12	2019	0.0
21	12	2019	0.0
20	12	2019	0.0
19	12	2019	0.0
18	12	2019	0.0
17	12	2019	0.0
16	12	2019	0.0
15	12	2019	0.0
14	12	2019	0.0
13	12	2019	0.0
12	12	2019	0.0
11	12	2019	0.0
10	12	2019	0.0
9	12	2019	0.1
8	12	2019	28.5
7	12	2019	5.1
6	12	2019	0.0
5	12	2019	1.7
4	12	2019	42.0
3	12	2019	1.7
2	12	2019	0.3
1	12	2019	5.2
30	11	2019	3.9
29	11	2019	25.5
28	11	2019	0.0
27	11	2019	0.0
26	11	2019	0.0
25	11	2019	36.9
24	11	2019	0.0
23	11	2019	0.0
22	11	2019	0.0
21	11	2019	0.0
20	11	2019	0.0
19	11	2019	2.0
18	11	2019	13.0
17	11	2019	2.0
16	11	2019	0.0
15	11	2019	0.0
14	11	2019	0.0
13	11	2019	0.0
12	11	2019	0.0
11	11	2019	0.0
10	11	2019	0.0
9	11	2019	0.0
8	11	2019	0.0
7	11	2019	0.0
6	11	2019	0.0
5	11	2019	0.0
4	11	2019	0.0
3	11	2019	0.0
2	11	2019	0.0
1	11	2019	0.0
31	10	2019	0.0
30	10	2019	0.0
29	10	2019	0.0
28	10	2019	0.0
27	10	2019	0.0
26	10	2019	0.0
25	10	2019	0.0
24	10	2019	0.2
23	10	2019	36.4
22	10	2019	8.7
21	10	2019	0.0
20	10	2019	0.0
19	10	2019	0.0
18	10	2019	0.0
17	10	2019	0.0
16	10	2019	0.0
15	10	2019	0.0
14	10	2019	0.0
13	10	2019	0.0
12	10	2019	0.0
11	10	2019	0.0
10	10	2019	0.0
9	10	2019	0.0
8	10	2019	0.0
7	10	2019	0.0
6	10	2019	0.0
5	10	2019	0.0
4	10	2019	0.0
3	10	2019	0.0
2	10	2019	0.0
1	10	2019	0.0
30	9	2019	5.3
29	9	2019	0.2
28	9	2019	0.1
27	9	2019	0.0
26	9	2019	0.0
25	9	2019	0.0
24	9	2019	0.0
23	9	2019	0.0
22	9	2019	0.0
21	9	2019	0.0
20	9	2019	0.0
19	9	2019	0.0
18	9	2019	0.0
17	9	2019	0.0
16	9	2019	0.0
15	9	2019	0.0
14	9	2019	0.0
13	9	2019	0.0
12	9	2019	0.0
11	9	2019	0.0
10	9	2019	0.0
9	9	2019	0.0
8	9	2019	0.0
7	9	2019	0.0
6	9	2019	0.0
5	9	2019	0.0
4	9	2019	0.0
3	9	2019	0.0
2	9	2019	0.0
1	9	2019	0.0
31	8	2019	0.0
30	8	2019	0.0
29	8	2019	0.0
28	8	2019	0.0
27	8	2019	0.0
26	8	2019	0.0
25	8	2019	0.0
24	8	2019	0.0
23	8	2019	0.0
22	8	2019	0.0
21	8	2019	0.0
20	8	2019	0.0
19	8	2019	0.0
18	8	2019	0.0
17	8	2019	0.0
16	8	2019	0.0
15	8	2019	0.0
14	8	2019	0.0
13	8	2019	0.0
12	8	2019	0.0
11	8	2019	0.0
10	8	2019	0.0
9	8	2019	0.0
8	8	2019	0.9
7	8	2019	7.7
6	8	2019	0.0
5	8	2019	0.0
4	8	2019	0.0
3	8	2019	0.0
2	8	2019	0.0
1	8	2019	0.0
31	7	2019	0.0
30	7	2019	0.0
29	7	2019	0.0
28	7	2019	0.1
27	7	2019	0.0
26	7	2019	0.0
25	7	2019	0.0
24	7	2019	0.0
23	7	2019	0.0
22	7	2019	0.0
21	7	2019	0.0
20	7	2019	0.0
19	7	2019	0.0
18	7	2019	0.0
17	7	2019	0.0
16	7	2019	0.0
15	7	2019	0.0
14	7	2019	0.0
13	7	2019	0.0
12	7	2019	0.0
11	7	2019	0.0
10	7	2019	0.0
9	7	2019	0.0
8	7	2019	0.0
7	7	2019	0.0
6	7	2019	0.0
5	7	2019	0.0
4	7	2019	0.0
3	7	2019	0.0
2	7	2019	0.0
1	7	2019	0.0
31	5	2019	0.0
30	5	2019	0.0
29	5	2019	0.0
28	5	2019	0.0
27	5	2019	0.0
26	5	2019	0.0
25	5	2019	0.0
24	5	2019	0.0
23	5	2019	0.0
22	5	2019	0.0
21	5	2019	0.0
20	5	2019	0.0
19	5	2019	0.0
18	5	2019	0.0
17	5	2019	0.0
16	5	2019	0.0
15	5	2019	0.0
14	5	2019	0.0
13	5	2019	0.0
12	5	2019	0.0
11	5	2019	0.0
10	5	2019	0.0
9	5	2019	0.0
8	5	2019	0.0
7	5	2019	0.0
6	5	2019	0.1
5	5	2019	0.2
4	5	2019	0.0
3	5	2019	0.0
2	5	2019	0.0
1	5	2019	0.0
30	4	2019	0.0
29	4	2019	0.0
28	4	2019	0.0
27	4	2019	0.0
26	4	2019	0.0
25	4	2019	0.0
24	4	2019	0.0
23	4	2019	0.0
22	4	2019	0.0
21	4	2019	0.0
20	4	2019	19.0
19	4	2019	0.0
18	4	2019	0.0
17	4	2019	0.0
16	4	2019	0.4
15	4	2019	0.0
14	4	2019	0.0
13	4	2019	0.0
12	4	2019	0.0
11	4	2019	9.7
10	4	2019	0.0
9	4	2019	0.0
8	4	2019	0.0
7	4	2019	0.0
6	4	2019	0.0
5	4	2019	0.0
4	4	2019	0.0
3	4	2019	0.0
2	4	2019	0.0
1	4	2019	0.0
31	3	2019	0.0
30	3	2019	0.0
29	3	2019	0.0
28	3	2019	0.0
27	3	2019	4.8
26	3	2019	0.0
25	3	2019	0.3
24	3	2019	0.1
23	3	2019	0.0
22	3	2019	0.0
21	3	2019	6.7
20	3	2019	54.5
19	3	2019	0.0
18	3	2019	0.0
17	3	2019	0.0
16	3	2019	0.0
15	3	2019	0.0
14	3	2019	0.0
13	3	2019	0.0
12	3	2019	0.0
11	3	2019	0.0
10	3	2019	0.0
9	3	2019	0.0
8	3	2019	0.0
7	3	2019	0.0
6	3	2019	0.0
5	3	2019	0.0
4	3	2019	0.0
3	3	2019	0.0
2	3	2019	0.0
1	3	2019	32.8
28	2	2019	0.0
27	2	2019	3.0
26	2	2019	0.0
25	2	2019	0.0
24	2	2019	0.0
23	2	2019	0.0
22	2	2019	0.0
21	2	2019	0.0
20	2	2019	0.0
19	2	2019	0.0
18	2	2019	8.9
17	2	2019	13.2
16	2	2019	0.0
15	2	2019	0.0
14	2	2019	0.0
13	2	2019	0.0
12	2	2019	0.0
11	2	2019	0.0
10	2	2019	0.0
9	2	2019	0.0
8	2	2019	4.1
7	2	2019	20.9
6	2	2019	0.0
5	2	2019	0.0
4	2	2019	0.0
3	2	2019	0.0
2	2	2019	0.0
1	2	2019	0.0
31	1	2019	0.0
30	1	2019	0.0
29	1	2019	0.0
28	1	2019	0.0
27	1	2019	0.0
26	1	2019	0.0
25	1	2019	0.0
24	1	2019	0.0
23	1	2019	0.0
22	1	2019	0.0
21	1	2019	0.0
20	1	2019	0.0
19	1	2019	0.0
18	1	2019	0.0
17	1	2019	0.0
16	1	2019	0.0
15	1	2019	0.0
14	1	2019	0.0
13	1	2019	0.0
12	1	2019	0.0
11	1	2019	0.0
10	1	2019	0.3
9	1	2019	0.0
8	1	2019	0.0
7	1	2019	0.2
6	1	2019	0.0
5	1	2019	0.0
4	1	2019	0.0
3	1	2019	0.0
2	1	2019	0.0
1	1	2019	0.0
31	12	2018	0.3
30	12	2018	3.1
29	12	2018	24.6
28	12	2018	22.6
27	12	2018	0.0
26	12	2018	5.5
25	12	2018	28.1
24	12	2018	0.0
23	12	2018	0.0
22	12	2018	0.0
21	12	2018	0.0
20	12	2018	0.0
19	12	2018	0.0
18	12	2018	0.0
17	12	2018	0.0
16	12	2018	0.0
15	12	2018	0.0
14	12	2018	0.0
13	12	2018	0.0
12	12	2018	2.3
11	12	2018	0.0
10	12	2018	8.6
9	12	2018	41.4
8	12	2018	0.0
7	12	2018	0.0
6	12	2018	0.0
5	12	2018	39.1
4	12	2018	12.4
3	12	2018	25.5
2	12	2018	19.0
1	12	2018	0.0
30	11	2018	0.0
29	11	2018	0.0
28	11	2018	0.0
27	11	2018	0.0
26	11	2018	0.0
25	11	2018	0.0
24	11	2018	0.0
23	11	2018	0.0
22	11	2018	0.0
21	11	2018	0.0
20	11	2018	0.0
19	11	2018	0.0
18	11	2018	0.0
17	11	2018	0.0
16	11	2018	0.5
15	11	2018	0.0
14	11	2018	2.1
13	11	2018	79.7
12	11	2018	24.4
11	11	2018	0.3
10	11	2018	8.2
9	11	2018	16.4
8	11	2018	0.0
7	11	2018	0.0
6	11	2018	3.1
5	11	2018	0.8
4	11	2018	0.0
3	11	2018	0.0
2	11	2018	0.0
1	11	2018	0.0
31	10	2018	0.0
30	10	2018	12.4
29	10	2018	50.6
28	10	2018	17.5
27	10	2018	1.4
26	10	2018	1.9
25	10	2018	15.5
24	10	2018	0.0
23	10	2018	0.0
22	10	2018	0.1
21	10	2018	7.2
20	10	2018	0.0
19	10	2018	0.0
18	10	2018	0.0
17	10	2018	0.0
16	10	2018	12.3
15	10	2018	0.0
14	10	2018	0.0
13	10	2018	0.0
12	10	2018	0.0
11	10	2018	0.0
10	10	2018	0.0
9	10	2018	0.0
8	10	2018	0.0
7	10	2018	0.0
6	10	2018	0.0
5	10	2018	0.0
4	10	2018	0.0
3	10	2018	0.0
2	10	2018	0.0
1	10	2018	0.0
30	9	2018	0.0
29	9	2018	0.0
28	9	2018	0.0
27	9	2018	0.0
26	9	2018	0.0
25	9	2018	0.0
24	9	2018	0.0
23	9	2018	0.0
22	9	2018	0.0
21	9	2018	0.0
20	9	2018	0.0
19	9	2018	0.0
18	9	2018	0.0
17	9	2018	9.6
16	9	2018	0.0
15	9	2018	0.0
14	9	2018	0.0
13	9	2018	0.0
12	9	2018	0.0
11	9	2018	0.0
10	9	2018	0.0
9	9	2018	0.0
8	9	2018	0.0
7	9	2018	0.0
6	9	2018	0.0
5	9	2018	0.0
4	9	2018	0.0
3	9	2018	0.0
2	9	2018	0.0
1	9	2018	0.0
31	8	2018	0.0
30	8	2018	0.0
29	8	2018	0.0
28	8	2018	0.0
27	8	2018	0.0
26	8	2018	0.0
25	8	2018	0.0
24	8	2018	0.0
23	8	2018	0.0
22	8	2018	0.0
21	8	2018	0.0
20	8	2018	0.0
19	8	2018	0.0
18	8	2018	0.0
17	8	2018	0.0
16	8	2018	0.0
15	8	2018	0.0
14	8	2018	0.0
13	8	2018	0.0
12	8	2018	0.0
11	8	2018	0.0
10	8	2018	0.0
9	8	2018	0.0
8	8	2018	0.0
7	8	2018	0.0
6	8	2018	0.0
5	8	2018	0.0
4	8	2018	0.0
3	8	2018	0.0
2	8	2018	0.0
1	8	2018	0.0
31	7	2018	0.0
30	7	2018	0.0
29	7	2018	0.0
28	7	2018	0.0
27	7	2018	0.0
26	7	2018	0.0
25	7	2018	0.0
24	7	2018	0.0
23	7	2018	0.0
22	7	2018	0.0
21	7	2018	0.0
20	7	2018	0.0
19	7	2018	0.0
18	7	2018	0.0
17	7	2018	0.0
16	7	2018	0.0
15	7	2018	0.0
14	7	2018	0.0
13	7	2018	0.0
12	7	2018	0.0
11	7	2018	0.0
10	7	2018	0.0
9	7	2018	0.0
8	7	2018	0.0
7	7	2018	0.0
6	7	2018	0.0
5	7	2018	0.0
4	7	2018	0.0
3	7	2018	0.0
2	7	2018	0.0
1	7	2018	0.0
30	6	2018	0.0
29	6	2018	0.0
28	6	2018	0.0
27	6	2018	0.0
26	6	2018	0.0
25	6	2018	0.0
24	6	2018	0.0
23	6	2018	0.0
22	6	2018	0.0
21	6	2018	0.0
20	6	2018	0.0
19	6	2018	0.0
18	6	2018	0.0
17	6	2018	0.0
16	6	2018	0.0
15	6	2018	0.0
14	6	2018	0.0
13	6	2018	0.0
12	6	2018	0.0
11	6	2018	0.0
10	6	2018	0.0
9	6	2018	0.0
8	6	2018	0.0
7	6	2018	0.0
6	6	2018	0.0
5	6	2018	0.0
4	6	2018	0.0
3	6	2018	0.0
2	6	2018	0.0
1	6	2018	0.0
31	5	2018	0.0
30	5	2018	0.0
29	5	2018	0.0
28	5	2018	0.0
27	5	2018	0.0
26	5	2018	0.0
25	5	2018	4.0
24	5	2018	3.4
23	5	2018	0.0
22	5	2018	0.0
21	5	2018	0.0
20	5	2018	0.0
19	5	2018	0.0
18	5	2018	0.0
17	5	2018	0.0
16	5	2018	0.0
15	5	2018	0.0
14	5	2018	0.0
13	5	2018	0.0
12	5	2018	0.0
11	5	2018	0.0
10	5	2018	0.0
9	5	2018	0.0
8	5	2018	0.0
7	5	2018	0.0
6	5	2018	0.0
5	5	2018	0.0
4	5	2018	0.0
3	5	2018	0.0
2	5	2018	0.0
1	5	2018	0.0
30	4	2018	0.0
29	4	2018	0.0
28	4	2018	0.0
27	4	2018	0.0
26	4	2018	0.0
25	4	2018	0.2
24	4	2018	0.0
23	4	2018	0.0
22	4	2018	0.0
21	4	2018	0.0
20	4	2018	0.0
19	4	2018	0.0
18	4	2018	0.1
17	4	2018	2.7
16	4	2018	0.0
15	4	2018	0.0
14	4	2018	0.0
13	4	2018	5.0
12	4	2018	5.8
11	4	2018	0.0
10	4	2018	0.0
9	4	2018	0.0
8	4	2018	0.0
7	4	2018	0.0
6	4	2018	0.0
5	4	2018	0.0
4	4	2018	0.0
3	4	2018	0.0
2	4	2018	0.0
1	4	2018	0.0
31	3	2018	0.0
30	3	2018	0.0
29	3	2018	0.0
28	3	2018	0.0
27	3	2018	0.0
26	3	2018	0.0
25	3	2018	0.0
24	3	2018	0.0
23	3	2018	0.7
22	3	2018	0.0
21	3	2018	0.0
20	3	2018	0.0
19	3	2018	0.0
18	3	2018	0.0
17	3	2018	0.0
16	3	2018	0.0
15	3	2018	0.0
14	3	2018	7.9
13	3	2018	0.0
12	3	2018	6.7
11	3	2018	12.1
10	3	2018	0.0
9	3	2018	0.0
8	3	2018	0.0
7	3	2018	0.0
6	3	2018	0.1
5	3	2018	0.0
4	3	2018	0.0
3	3	2018	0.0
2	3	2018	0.0
1	3	2018	0.0
28	2	2018	0.0
27	2	2018	0.0
26	2	2018	17.3
25	2	2018	0.0
24	2	2018	0.0
23	2	2018	0.0
22	2	2018	0.0
21	2	2018	0.0
20	2	2018	0.0
19	2	2018	0.0
18	2	2018	0.0
17	2	2018	0.0
16	2	2018	0.0
15	2	2018	3.7
14	2	2018	0.0
13	2	2018	0.0
12	2	2018	0.0
11	2	2018	0.0
10	2	2018	0.0
9	2	2018	0.0
8	2	2018	0.0
7	2	2018	28.7
6	2	2018	22.7
5	2	2018	68.0
4	2	2018	22.0
3	2	2018	38.2
2	2	2018	12.5
1	2	2018	18.7
31	1	2018	51.8
30	1	2018	0.0
29	1	2018	0.0
28	1	2018	0.0
27	1	2018	0.0
26	1	2018	0.0
25	1	2018	0.0
24	1	2018	0.0
23	1	2018	0.0
22	1	2018	0.0
21	1	2018	0.0
20	1	2018	0.0
19	1	2018	0.0
18	1	2018	0.0
17	1	2018	0.0
16	1	2018	0.0
15	1	2018	0.0
14	1	2018	0.0
13	1	2018	0.0
12	1	2018	0.0
11	1	2018	0.0
10	1	2018	0.0
9	1	2018	0.0
8	1	2018	0.0
7	1	2018	0.0
6	1	2018	0.0
5	1	2018	0.0
4	1	2018	19.7
3	1	2018	0.0
2	1	2018	0.0
1	1	2018	30.5
31	12	2017	0.0
30	12	2017	0.0
29	12	2017	0.0
28	12	2017	0.0
27	12	2017	0.0
26	12	2017	0.0
25	12	2017	0.0
24	12	2017	0.0
23	12	2017	0.0
22	12	2017	0.0
21	12	2017	0.0
20	12	2017	3.2
19	12	2017	0.0
18	12	2017	0.0
17	12	2017	0.0
16	12	2017	0.5
15	12	2017	1.3
14	12	2017	9.8
13	12	2017	10.8
12	12	2017	24.0
11	12	2017	22.6
10	12	2017	20.8
9	12	2017	0.1
8	12	2017	42.8
7	12	2017	36.1
6	12	2017	5.1
5	12	2017	10.5
4	12	2017	8.6
3	12	2017	12.1
2	12	2017	81.1
1	12	2017	1.1
30	11	2017	0.0
29	11	2017	0.0
28	11	2017	0.0
27	11	2017	0.0
26	11	2017	0.0
25	11	2017	0.0
24	11	2017	0.0
23	11	2017	14.0
22	11	2017	0.0
21	11	2017	0.0
20	11	2017	0.0
19	11	2017	0.0
18	11	2017	0.0
17	11	2017	0.0
16	11	2017	0.0
15	11	2017	0.0
14	11	2017	1.4
13	11	2017	0.0
12	11	2017	13.5
11	11	2017	0.0
10	11	2017	0.0
9	11	2017	0.0
8	11	2017	0.0
7	11	2017	47.9
6	11	2017	0.0
5	11	2017	0.0
4	11	2017	0.0
3	11	2017	0.0
2	11	2017	0.0
1	11	2017	18.9
31	10	2017	0.0
30	10	2017	0.0
29	10	2017	0.0
28	10	2017	5.9
27	10	2017	0.0
26	10	2017	0.0
25	10	2017	0.0
24	10	2017	0.0
23	10	2017	0.0
22	10	2017	0.0
21	10	2017	0.0
20	10	2017	0.0
19	10	2017	0.0
18	10	2017	0.0
17	10	2017	0.0
16	10	2017	0.0
15	10	2017	0.0
14	10	2017	0.0
13	10	2017	0.0
12	10	2017	0.0
11	10	2017	0.0
10	10	2017	0.0
9	10	2017	0.0
8	10	2017	0.0
7	10	2017	0.0
6	10	2017	0.0
5	10	2017	0.0
4	10	2017	0.0
3	10	2017	0.0
2	10	2017	0.0
1	10	2017	0.0
30	9	2017	0.0
29	9	2017	0.0
28	9	2017	0.0
27	9	2017	0.0
26	9	2017	0.0
25	9	2017	0.0
24	9	2017	0.0
23	9	2017	0.0
22	9	2017	0.0
21	9	2017	0.0
20	9	2017	0.0
19	9	2017	0.0
18	9	2017	0.0
17	9	2017	0.0
16	9	2017	0.0
15	9	2017	0.0
14	9	2017	0.0
13	9	2017	0.0
12	9	2017	0.0
11	9	2017	0.0
10	9	2017	0.0
9	9	2017	0.0
8	9	2017	0.0
7	9	2017	0.0
6	9	2017	0.0
5	9	2017	0.0
4	9	2017	0.0
3	9	2017	0.0
2	9	2017	0.0
1	9	2017	0.0
31	8	2017	0.0
30	8	2017	0.0
29	8	2017	0.0
28	8	2017	0.0
27	8	2017	0.0
26	8	2017	0.0
25	8	2017	0.0
24	8	2017	0.0
23	8	2017	0.0
22	8	2017	0.0
21	8	2017	0.0
20	8	2017	0.0
19	8	2017	0.0
18	8	2017	0.0
17	8	2017	0.0
16	8	2017	0.0
15	8	2017	0.0
14	8	2017	0.0
13	8	2017	0.0
12	8	2017	0.0
11	8	2017	0.0
10	8	2017	0.0
9	8	2017	0.0
8	8	2017	0.0
7	8	2017	0.0
6	8	2017	0.0
5	8	2017	0.0
4	8	2017	0.0
3	8	2017	0.0
2	8	2017	0.0
1	8	2017	0.0
31	7	2017	0.0
30	7	2017	0.0
29	7	2017	0.0
28	7	2017	0.0
27	7	2017	0.0
26	7	2017	0.0
25	7	2017	0.0
24	7	2017	0.0
23	7	2017	0.0
22	7	2017	0.0
21	7	2017	0.0
20	7	2017	0.0
19	7	2017	0.0
18	7	2017	0.0
17	7	2017	0.0
16	7	2017	0.0
15	7	2017	0.0
14	7	2017	0.0
13	7	2017	0.0
12	7	2017	0.0
11	7	2017	0.0
10	7	2017	0.0
9	7	2017	0.0
8	7	2017	8.2
7	7	2017	0.0
6	7	2017	0.0
5	7	2017	0.0
4	7	2017	0.0
3	7	2017	0.0
2	7	2017	0.0
1	7	2017	0.0
30	6	2017	0.0
29	6	2017	0.0
28	6	2017	0.0
27	6	2017	0.0
26	6	2017	0.0
25	6	2017	0.0
24	6	2017	0.0
23	6	2017	0.0
22	6	2017	0.0
21	6	2017	0.0
20	6	2017	0.0
19	6	2017	0.0
18	6	2017	0.0
17	6	2017	0.0
16	6	2017	0.0
15	6	2017	0.0
14	6	2017	0.0
13	6	2017	0.0
12	6	2017	0.0
11	6	2017	0.0
10	6	2017	0.0
9	6	2017	0.0
8	6	2017	0.0
7	6	2017	0.0
6	6	2017	0.0
5	6	2017	0.0
4	6	2017	0.0
3	6	2017	0.0
2	6	2017	0.0
1	6	2017	0.0
31	5	2017	0.0
30	5	2017	0.0
29	5	2017	0.0
28	5	2017	0.0
27	5	2017	0.0
26	5	2017	0.0
25	5	2017	0.0
24	5	2017	0.0
23	5	2017	0.0
22	5	2017	0.0
21	5	2017	0.0
20	5	2017	0.0
19	5	2017	0.0
18	5	2017	0.0
17	5	2017	0.0
16	5	2017	0.0
15	5	2017	0.0
14	5	2017	0.0
13	5	2017	0.0
12	5	2017	0.0
11	5	2017	0.0
10	5	2017	0.0
9	5	2017	0.0
8	5	2017	0.0
7	5	2017	0.0
6	5	2017	0.0
5	5	2017	0.0
4	5	2017	0.0
3	5	2017	0.0
2	5	2017	0.0
1	5	2017	0.0
30	4	2017	0.0
29	4	2017	0.0
28	4	2017	0.0
27	4	2017	0.0
26	4	2017	0.0
25	4	2017	6.0
24	4	2017	0.4
23	4	2017	0.0
22	4	2017	0.0
21	4	2017	0.0
20	4	2017	0.0
19	4	2017	0.0
18	4	2017	0.0
17	4	2017	0.0
16	4	2017	0.0
15	4	2017	0.0
14	4	2017	0.0
13	4	2017	0.0
12	4	2017	0.0
11	4	2017	0.0
10	4	2017	0.0
9	4	2017	0.0
8	4	2017	0.0
7	4	2017	0.0
6	4	2017	0.0
5	4	2017	0.0
4	4	2017	0.0
3	4	2017	0.0
2	4	2017	0.0
1	4	2017	0.0
31	3	2017	0.0
30	3	2017	0.2
29	3	2017	38.4
28	3	2017	63.7
27	3	2017	0.0
26	3	2017	0.0
25	3	2017	0.0
24	3	2017	0.0
23	3	2017	0.0
22	3	2017	6.5
21	3	2017	0.0
20	3	2017	0.0
19	3	2017	0.0
18	3	2017	0.0
17	3	2017	0.0
16	3	2017	0.0
15	3	2017	0.0
14	3	2017	0.0
13	3	2017	0.0
12	3	2017	0.0
11	3	2017	0.0
10	3	2017	0.0
9	3	2017	0.0
8	3	2017	0.0
7	3	2017	0.0
6	3	2017	0.0
5	3	2017	0.0
4	3	2017	0.0
3	3	2017	0.0
2	3	2017	0.0
1	3	2017	0.0
28	2	2017	0.0
27	2	2017	0.0
26	2	2017	0.0
25	2	2017	0.0
24	2	2017	0.0
23	2	2017	0.0
22	2	2017	0.0
21	2	2017	0.0
20	2	2017	0.0
19	2	2017	0.0
18	2	2017	0.0
17	2	2017	0.0
16	2	2017	0.0
15	2	2017	0.0
14	2	2017	0.0
13	2	2017	0.0
12	2	2017	0.0
11	2	2017	0.0
10	2	2017	26.0
9	2	2017	56.4
8	2	2017	33.4
7	2	2017	26.3
6	2	2017	19.1
5	2	2017	0.0
4	2	2017	13.5
3	2	2017	4.3
2	2	2017	0.0
1	2	2017	0.0
31	1	2017	0.0
30	1	2017	0.0
29	1	2017	0.0
28	1	2017	0.0
27	1	2017	0.0
26	1	2017	0.0
25	1	2017	0.0
24	1	2017	0.0
23	1	2017	0.0
22	1	2017	0.0
21	1	2017	0.0
20	1	2017	0.0
19	1	2017	0.0
18	1	2017	0.0
17	1	2017	0.0
16	1	2017	0.0
15	1	2017	4.1
14	1	2017	0.8
13	1	2017	72.5
12	1	2017	0.0
11	1	2017	0.0
10	1	2017	0.0
9	1	2017	0.0
8	1	2017	0.0
7	1	2017	0.0
6	1	2017	0.0
5	1	2017	0.0
4	1	2017	0.0
3	1	2017	0.0
2	1	2017	0.0
1	1	2017	0.0
31	12	2016	0.0
30	12	2016	0.0
29	12	2016	0.0
28	12	2016	0.0
27	12	2016	0.0
26	12	2016	0.0
25	12	2016	0.0
24	12	2016	0.0
23	12	2016	0.0
22	12	2016	0.0
21	12	2016	0.0
20	12	2016	0.0
19	12	2016	0.0
18	12	2016	0.0
17	12	2016	0.0
16	12	2016	6.4
15	12	2016	19.0
14	12	2016	1.2
13	12	2016	6.4
12	12	2016	48.8
11	12	2016	1.9
10	12	2016	0.0
9	12	2016	32.2
8	12	2016	6.8
7	12	2016	0.0
6	12	2016	10.0
5	12	2016	28.8
4	12	2016	0.0
3	12	2016	0.0
2	12	2016	0.0
1	12	2016	0.0
30	11	2016	0.0
29	11	2016	0.0
28	11	2016	0.0
27	11	2016	0.0
26	11	2016	0.0
25	11	2016	38.0
24	11	2016	0.0
23	11	2016	0.0
22	11	2016	0.0
21	11	2016	0.0
20	11	2016	0.2
19	11	2016	20.0
18	11	2016	6.6
17	11	2016	20.6
16	11	2016	10.1
15	11	2016	52.7
14	11	2016	38.1
13	11	2016	0.1
12	11	2016	0.0
11	11	2016	6.6
10	11	2016	0.0
9	11	2016	0.0
8	11	2016	0.0
7	11	2016	0.0
6	11	2016	0.0
5	11	2016	0.0
4	11	2016	0.0
3	11	2016	0.0
2	11	2016	0.0
1	11	2016	0.0
31	10	2016	0.0
30	10	2016	0.0
29	10	2016	2.3
28	10	2016	0.0
27	10	2016	0.0
26	10	2016	0.0
25	10	2016	0.0
24	10	2016	0.0
23	10	2016	0.0
22	10	2016	0.0
21	10	2016	0.0
20	10	2016	0.0
19	10	2016	0.0
18	10	2016	0.0
17	10	2016	0.0
16	10	2016	0.0
15	10	2016	0.0
14	10	2016	0.0
13	10	2016	0.0
12	10	2016	0.0
11	10	2016	0.0
10	10	2016	0.0
9	10	2016	0.0
8	10	2016	0.0
7	10	2016	22.1
6	10	2016	0.8
5	10	2016	6.3
4	10	2016	0.0
3	10	2016	0.0
2	10	2016	0.0
1	10	2016	0.0
30	9	2016	0.0
29	9	2016	0.0
28	9	2016	0.0
27	9	2016	49.6
26	9	2016	0.0
25	9	2016	0.0
24	9	2016	0.0
23	9	2016	0.0
22	9	2016	8.0
21	9	2016	0.0
20	9	2016	0.0
19	9	2016	0.0
18	9	2016	0.0
17	9	2016	0.0
16	9	2016	0.0
15	9	2016	0.0
14	9	2016	0.0
13	9	2016	0.0
12	9	2016	0.0
11	9	2016	0.0
10	9	2016	0.0
9	9	2016	0.0
8	9	2016	0.0
7	9	2016	0.0
6	9	2016	0.0
5	9	2016	0.0
4	9	2016	0.0
3	9	2016	0.0
2	9	2016	0.0
1	9	2016	0.0
31	8	2016	0.0
30	8	2016	0.0
29	8	2016	0.0
28	8	2016	0.0
27	8	2016	0.0
26	8	2016	0.0
25	8	2016	0.0
24	8	2016	0.0
23	8	2016	0.0
22	8	2016	0.0
21	8	2016	0.0
20	8	2016	0.0
19	8	2016	0.0
18	8	2016	0.0
17	8	2016	0.0
16	8	2016	0.0
15	8	2016	0.0
14	8	2016	0.0
13	8	2016	0.0
12	8	2016	0.0
11	8	2016	0.0
10	8	2016	0.0
9	8	2016	0.0
8	8	2016	0.0
7	8	2016	0.0
6	8	2016	0.0
5	8	2016	0.0
4	8	2016	0.0
3	8	2016	4.8
2	8	2016	0.0
1	8	2016	0.0
31	7	2016	0.0
30	7	2016	0.0
29	7	2016	0.0
28	7	2016	0.0
27	7	2016	0.0
26	7	2016	0.2
25	7	2016	0.0
24	7	2016	0.0
23	7	2016	0.0
22	7	2016	0.0
21	7	2016	0.0
20	7	2016	0.0
19	7	2016	0.0
18	7	2016	0.0
17	7	2016	0.0
16	7	2016	0.0
15	7	2016	0.0
14	7	2016	0.0
13	7	2016	0.0
12	7	2016	0.0
11	7	2016	0.0
10	7	2016	0.0
9	7	2016	0.0
8	7	2016	0.0
7	7	2016	0.0
6	7	2016	0.0
5	7	2016	0.0
4	7	2016	0.0
3	7	2016	0.0
2	7	2016	0.0
1	7	2016	0.0
30	6	2016	0.0
29	6	2016	0.0
28	6	2016	0.0
27	6	2016	0.0
26	6	2016	0.0
25	6	2016	0.0
24	6	2016	0.0
23	6	2016	0.0
22	6	2016	0.0
21	6	2016	0.0
20	6	2016	0.0
19	6	2016	0.0
18	6	2016	0.0
17	6	2016	0.0
16	6	2016	0.0
15	6	2016	0.0
14	6	2016	0.0
13	6	2016	0.0
12	6	2016	0.0
11	6	2016	0.0
10	6	2016	0.0
9	6	2016	0.0
8	6	2016	0.0
7	6	2016	0.0
6	6	2016	0.0
5	6	2016	0.0
4	6	2016	0.0
3	6	2016	0.0
2	6	2016	0.0
1	6	2016	0.0
31	5	2016	0.0
30	5	2016	0.0
29	5	2016	0.0
28	5	2016	0.0
27	5	2016	0.0
26	5	2016	0.0
25	5	2016	0.0
24	5	2016	0.0
23	5	2016	0.0
22	5	2016	0.0
21	5	2016	0.0
20	5	2016	0.0
19	5	2016	0.0
18	5	2016	0.0
17	5	2016	0.0
16	5	2016	0.0
15	5	2016	0.0
14	5	2016	0.0
13	5	2016	0.0
12	5	2016	0.0
11	5	2016	0.0
10	5	2016	0.0
9	5	2016	0.0
8	5	2016	0.0
7	5	2016	0.0
6	5	2016	0.0
5	5	2016	0.0
4	5	2016	0.0
3	5	2016	0.0
2	5	2016	0.0
1	5	2016	0.0
30	4	2016	0.0
29	4	2016	0.0
28	4	2016	0.0
27	4	2016	0.0
26	4	2016	0.0
25	4	2016	0.0
24	4	2016	0.0
23	4	2016	0.0
22	4	2016	0.0
21	4	2016	0.0
20	4	2016	0.0
19	4	2016	0.0
18	4	2016	0.0
17	4	2016	0.0
16	4	2016	0.0
15	4	2016	0.0
14	4	2016	0.0
13	4	2016	0.0
12	4	2016	0.0
11	4	2016	0.0
10	4	2016	0.0
9	4	2016	0.0
8	4	2016	0.0
7	4	2016	0.0
6	4	2016	0.0
5	4	2016	0.0
4	4	2016	0.0
3	4	2016	0.0
2	4	2016	0.0
1	4	2016	0.0
31	3	2016	0.0
30	3	2016	0.0
29	3	2016	0.0
28	3	2016	0.0
27	3	2016	0.0
26	3	2016	0.0
25	3	2016	0.0
24	3	2016	0.0
23	3	2016	0.0
22	3	2016	0.0
21	3	2016	0.0
20	3	2016	0.0
19	3	2016	0.0
18	3	2016	0.0
17	3	2016	0.0
16	3	2016	3.6
15	3	2016	0.0
14	3	2016	0.0
13	3	2016	0.0
12	3	2016	0.0
11	3	2016	0.0
10	3	2016	0.0
9	3	2016	0.0
8	3	2016	0.0
7	3	2016	9.3
6	3	2016	0.0
5	3	2016	0.0
4	3	2016	6.0
3	3	2016	0.0
2	3	2016	0.0
1	3	2016	0.0
29	2	2016	0.0
28	2	2016	0.0
27	2	2016	0.0
26	2	2016	0.0
25	2	2016	0.0
24	2	2016	0.0
23	2	2016	0.0
22	2	2016	0.0
21	2	2016	0.0
20	2	2016	0.0
19	2	2016	0.0
18	2	2016	0.0
17	2	2016	0.0
16	2	2016	0.0
15	2	2016	0.0
14	2	2016	4.3
13	2	2016	4.1
12	2	2016	0.0
11	2	2016	0.0
10	2	2016	0.0
9	2	2016	0.0
8	2	2016	0.0
7	2	2016	0.0
6	2	2016	0.0
5	2	2016	0.0
4	2	2016	0.0
3	2	2016	0.0
2	2	2016	0.0
1	2	2016	0.0
31	1	2016	0.0
30	1	2016	0.0
29	1	2016	21.3
28	1	2016	2.5
27	1	2016	0.7
26	1	2016	39.6
25	1	2016	7.1
24	1	2016	8.9
23	1	2016	36.0
22	1	2016	10.5
21	1	2016	19.5
20	1	2016	17.5
19	1	2016	17.5
18	1	2016	4.6
17	1	2016	23.8
16	1	2016	29.7
15	1	2016	0.8
14	1	2016	8.2
13	1	2016	0.0
12	1	2016	0.0
11	1	2016	0.0
10	1	2016	5.2
9	1	2016	0.3
8	1	2016	15.3
7	1	2016	0.0
6	1	2016	0.5
5	1	2016	5.3
4	1	2016	2.4
3	1	2016	5.5
2	1	2016	0.0
1	1	2016	0.0
31	12	2015	0.0
30	12	2015	0.0
29	12	2015	0.0
28	12	2015	15.5
27	12	2015	7.1
26	12	2015	0.0
25	12	2015	0.0
24	12	2015	0.0
23	12	2015	0.0
22	12	2015	0.0
21	12	2015	0.0
20	12	2015	0.0
19	12	2015	0.0
18	12	2015	0.0
17	12	2015	0.0
16	12	2015	0.0
15	12	2015	0.0
14	12	2015	0.0
13	12	2015	0.0
12	12	2015	0.0
11	12	2015	0.0
10	12	2015	0.0
9	12	2015	0.0
8	12	2015	0.2
7	12	2015	0.0
6	12	2015	14.9
5	12	2015	0.0
4	12	2015	2.7
3	12	2015	0.0
2	12	2015	0.0
1	12	2015	0.0
30	11	2015	0.0
29	11	2015	0.0
28	11	2015	0.0
27	11	2015	0.0
26	11	2015	0.0
25	11	2015	0.0
24	11	2015	1.7
23	11	2015	1.9
22	11	2015	0.1
21	11	2015	1.8
20	11	2015	0.0
19	11	2015	0.0
18	11	2015	5.8
17	11	2015	4.3
16	11	2015	14.7
15	11	2015	0.0
14	11	2015	0.0
13	11	2015	0.0
12	11	2015	0.0
11	11	2015	0.0
10	11	2015	0.0
9	11	2015	0.0
8	11	2015	0.0
7	11	2015	0.0
6	11	2015	0.0
5	11	2015	0.0
4	11	2015	0.0
3	11	2015	0.0
2	11	2015	0.0
1	11	2015	0.0
31	10	2015	0.0
30	10	2015	3.7
29	10	2015	0.0
28	10	2015	0.0
27	10	2015	0.1
26	10	2015	0.0
25	10	2015	0.0
24	10	2015	0.0
23	10	2015	0.0
22	10	2015	0.0
21	10	2015	0.0
20	10	2015	0.0
19	10	2015	0.0
18	10	2015	0.0
17	10	2015	0.0
16	10	2015	0.0
15	10	2015	0.0
14	10	2015	0.0
13	10	2015	0.0
12	10	2015	0.0
11	10	2015	0.0
10	10	2015	0.0
9	10	2015	0.0
8	10	2015	0.0
7	10	2015	0.0
6	10	2015	0.0
5	10	2015	0.0
4	10	2015	0.0
3	10	2015	0.0
2	10	2015	0.0
1	10	2015	0.0
30	9	2015	0.0
29	9	2015	0.0
28	9	2015	0.0
27	9	2015	0.0
26	9	2015	0.0
25	9	2015	0.0
24	9	2015	0.0
23	9	2015	0.0
22	9	2015	0.0
21	9	2015	0.0
20	9	2015	0.0
19	9	2015	0.0
18	9	2015	0.0
17	9	2015	0.0
16	9	2015	0.0
15	9	2015	0.0
14	9	2015	0.0
13	9	2015	0.0
12	9	2015	0.0
11	9	2015	0.0
10	9	2015	0.0
9	9	2015	0.0
8	9	2015	0.0
7	9	2015	0.0
6	9	2015	0.0
5	9	2015	0.0
4	9	2015	0.0
3	9	2015	0.0
2	9	2015	0.0
1	9	2015	0.0
31	8	2015	0.0
30	8	2015	0.0
29	8	2015	0.0
28	8	2015	0.0
27	8	2015	0.0
26	8	2015	0.0
25	8	2015	0.0
24	8	2015	0.0
23	8	2015	0.0
22	8	2015	0.0
21	8	2015	0.0
20	8	2015	0.0
19	8	2015	0.8
18	8	2015	0.0
17	8	2015	0.0
16	8	2015	0.0
15	8	2015	0.0
14	8	2015	0.0
13	8	2015	0.0
12	8	2015	0.0
11	8	2015	0.0
10	8	2015	0.7
9	8	2015	0.0
8	8	2015	0.0
7	8	2015	0.0
6	8	2015	0.0
5	8	2015	0.0
4	8	2015	0.0
3	8	2015	0.0
2	8	2015	0.0
1	8	2015	0.0
31	7	2015	0.0
30	7	2015	0.0
29	7	2015	0.0
28	7	2015	0.0
27	7	2015	0.0
26	7	2015	0.0
25	7	2015	0.0
24	7	2015	0.0
23	7	2015	0.0
22	7	2015	0.0
21	7	2015	0.0
20	7	2015	4.3
19	7	2015	0.0
18	7	2015	0.0
17	7	2015	0.0
16	7	2015	2.4
15	7	2015	0.0
14	7	2015	0.0
13	7	2015	0.0
12	7	2015	0.0
11	7	2015	0.0
10	7	2015	0.0
9	7	2015	0.0
8	7	2015	0.0
7	7	2015	0.0
6	7	2015	0.0
5	7	2015	0.0
4	7	2015	0.0
3	7	2015	0.0
2	7	2015	0.0
1	7	2015	0.0
30	6	2015	0.0
29	6	2015	0.8
28	6	2015	0.0
27	6	2015	0.0
26	6	2015	0.3
25	6	2015	0.2
24	6	2015	0.0
23	6	2015	0.0
22	6	2015	0.5
21	6	2015	0.0
20	6	2015	0.0
19	6	2015	0.0
18	6	2015	0.0
17	6	2015	0.0
16	6	2015	0.2
15	6	2015	0.1
14	6	2015	0.0
13	6	2015	0.0
12	6	2015	0.0
11	6	2015	0.0
10	6	2015	0.0
9	6	2015	0.0
8	6	2015	1.1
7	6	2015	0.0
6	6	2015	0.0
5	6	2015	0.0
4	6	2015	0.0
3	6	2015	0.0
2	6	2015	0.0
1	6	2015	0.0
31	5	2015	0.0
30	5	2015	0.0
29	5	2015	0.0
28	5	2015	0.0
27	5	2015	0.0
26	5	2015	0.0
25	5	2015	0.0
24	5	2015	0.0
23	5	2015	0.0
22	5	2015	0.0
21	5	2015	0.0
20	5	2015	0.0
19	5	2015	0.0
18	5	2015	0.0
17	5	2015	0.0
16	5	2015	0.0
15	5	2015	0.0
14	5	2015	0.0
13	5	2015	0.0
12	5	2015	0.0
11	5	2015	0.0
10	5	2015	0.0
9	5	2015	18.1
8	5	2015	52.8
7	5	2015	0.0
6	5	2015	0.0
5	5	2015	0.0
4	5	2015	0.0
3	5	2015	0.0
2	5	2015	0.0
1	5	2015	0.0
30	4	2015	0.0
29	4	2015	0.0
28	4	2015	0.0
27	4	2015	0.0
26	4	2015	0.0
25	4	2015	0.0
24	4	2015	0.0
23	4	2015	0.0
22	4	2015	0.0
21	4	2015	0.0
20	4	2015	0.0
19	4	2015	0.0
18	4	2015	0.0
17	4	2015	0.0
16	4	2015	0.0
15	4	2015	0.0
14	4	2015	0.0
13	4	2015	0.0
12	4	2015	0.0
11	4	2015	0.0
10	4	2015	0.0
9	4	2015	0.4
8	4	2015	45.6
7	4	2015	0.0
6	4	2015	0.0
5	4	2015	0.0
4	4	2015	0.0
3	4	2015	0.0
2	4	2015	0.0
1	4	2015	0.0
31	3	2015	0.0
30	3	2015	0.0
29	3	2015	0.0
28	3	2015	0.0
27	3	2015	0.0
26	3	2015	0.0
25	3	2015	0.0
24	3	2015	58.5
23	3	2015	0.5
22	3	2015	0.1
21	3	2015	0.0
20	3	2015	0.0
19	3	2015	0.0
18	3	2015	0.0
17	3	2015	0.0
16	3	2015	0.0
15	3	2015	0.0
14	3	2015	0.0
13	3	2015	0.0
12	3	2015	0.0
11	3	2015	0.0
10	3	2015	0.0
9	3	2015	0.0
8	3	2015	0.0
7	3	2015	0.0
6	3	2015	0.0
5	3	2015	0.0
4	3	2015	0.0
3	3	2015	0.0
2	3	2015	0.0
1	3	2015	13.6
28	2	2015	0.0
27	2	2015	0.0
26	2	2015	0.0
25	2	2015	7.3
24	2	2015	0.0
23	2	2015	0.0
22	2	2015	0.0
21	2	2015	0.0
20	2	2015	0.0
19	2	2015	0.0
18	2	2015	0.0
17	2	2015	0.0
16	2	2015	0.0
15	2	2015	0.0
14	2	2015	0.0
13	2	2015	0.0
12	2	2015	0.0
11	2	2015	26.1
10	2	2015	0.0
9	2	2015	9.9
8	2	2015	18.7
7	2	2015	10.1
6	2	2015	13.5
5	2	2015	8.1
4	2	2015	0.0
3	2	2015	0.0
2	2	2015	0.0
1	2	2015	0.0
31	1	2015	0.0
30	1	2015	0.0
29	1	2015	0.0
28	1	2015	0.0
27	1	2015	0.0
26	1	2015	0.0
25	1	2015	0.0
24	1	2015	16.1
23	1	2015	0.0
22	1	2015	0.0
21	1	2015	0.0
20	1	2015	0.0
19	1	2015	0.0
18	1	2015	0.0
17	1	2015	0.0
16	1	2015	0.0
15	1	2015	0.0
14	1	2015	0.0
13	1	2015	0.0
12	1	2015	0.0
11	1	2015	0.0
10	1	2015	0.0
9	1	2015	0.0
8	1	2015	0.0
7	1	2015	0.0
6	1	2015	0.0
5	1	2015	0.0
4	1	2015	0.0
3	1	2015	0.0
2	1	2015	0.0
1	1	2015	0.0
31	12	2014	0.0
30	12	2014	8.0
29	12	2014	0.0
28	12	2014	0.0
27	12	2014	0.0
26	12	2014	3.0
25	12	2014	0.0
24	12	2014	0.0
23	12	2014	0.0
22	12	2014	6.8
21	12	2014	15.3
20	12	2014	10.0
19	12	2014	0.1
18	12	2014	0.0
17	12	2014	5.8
16	12	2014	61.0
15	12	2014	8.5
14	12	2014	0.5
13	12	2014	0.0
12	12	2014	0.0
11	12	2014	0.0
10	12	2014	0.0
9	12	2014	84.2
8	12	2014	0.0
7	12	2014	0.0
6	12	2014	0.0
5	12	2014	0.0
4	12	2014	0.0
3	12	2014	0.0
2	12	2014	4.2
1	12	2014	0.0
30	11	2014	0.0
29	11	2014	0.0
28	11	2014	0.0
27	11	2014	0.0
26	11	2014	26.9
25	11	2014	0.0
24	11	2014	0.0
23	11	2014	0.0
22	11	2014	0.0
21	11	2014	0.0
20	11	2014	0.0
19	11	2014	0.0
18	11	2014	0.0
17	11	2014	0.0
16	11	2014	78.7
15	11	2014	40.6
14	11	2014	0.2
13	11	2014	0.0
12	11	2014	0.0
11	11	2014	40.9
10	11	2014	18.0
9	11	2014	0.0
8	11	2014	0.0
7	11	2014	0.0
6	11	2014	0.0
5	11	2014	0.0
4	11	2014	0.0
3	11	2014	0.0
2	11	2014	0.0
1	11	2014	0.0
31	10	2014	25.1
30	10	2014	105.0
29	10	2014	5.9
28	10	2014	6.8
27	10	2014	11.3
26	10	2014	0.0
25	10	2014	0.0
24	10	2014	0.0
23	10	2014	0.0
22	10	2014	0.0
21	10	2014	0.0
20	10	2014	0.0
19	10	2014	0.0
18	10	2014	0.0
17	10	2014	0.0
16	10	2014	0.0
15	10	2014	0.0
14	10	2014	0.0
13	10	2014	0.0
12	10	2014	0.0
11	10	2014	0.0
10	10	2014	0.0
9	10	2014	0.0
8	10	2014	0.0
7	10	2014	0.0
6	10	2014	0.0
5	10	2014	0.0
4	10	2014	0.0
3	10	2014	0.0
2	10	2014	0.0
1	10	2014	0.0
30	9	2014	0.0
29	9	2014	0.0
28	9	2014	0.0
27	9	2014	0.0
26	9	2014	0.0
25	9	2014	0.0
24	9	2014	0.0
23	9	2014	0.0
22	9	2014	0.0
21	9	2014	0.0
20	9	2014	0.0
19	9	2014	0.0
18	9	2014	0.0
17	9	2014	0.0
16	9	2014	0.0
15	9	2014	0.0
14	9	2014	0.0
13	9	2014	0.0
12	9	2014	0.0
11	9	2014	0.0
10	9	2014	0.0
9	9	2014	0.0
8	9	2014	0.0
7	9	2014	0.0
6	9	2014	0.0
5	9	2014	0.0
4	9	2014	0.0
3	9	2014	0.0
2	9	2014	0.0
1	9	2014	0.0
31	8	2014	0.0
30	8	2014	0.0
29	8	2014	0.0
28	8	2014	0.0
27	8	2014	0.0
26	8	2014	0.0
25	8	2014	0.0
24	8	2014	0.0
23	8	2014	0.0
22	8	2014	0.0
21	8	2014	0.0
20	8	2014	0.0
19	8	2014	0.0
18	8	2014	0.0
17	8	2014	0.0
16	8	2014	0.0
15	8	2014	0.0
14	8	2014	0.0
13	8	2014	0.0
12	8	2014	0.0
11	8	2014	0.0
10	8	2014	0.0
9	8	2014	0.0
8	8	2014	0.0
7	8	2014	0.0
6	8	2014	0.0
5	8	2014	0.0
4	8	2014	0.0
3	8	2014	0.0
2	8	2014	0.0
1	8	2014	0.0
31	7	2014	0.0
30	7	2014	0.0
29	7	2014	0.0
28	7	2014	0.0
27	7	2014	0.0
26	7	2014	0.0
25	7	2014	0.0
24	7	2014	0.0
23	7	2014	0.0
22	7	2014	0.0
21	7	2014	0.0
20	7	2014	0.0
19	7	2014	0.0
18	7	2014	0.0
17	7	2014	0.0
16	7	2014	0.0
15	7	2014	0.0
14	7	2014	0.0
13	7	2014	0.0
12	7	2014	0.0
11	7	2014	0.0
10	7	2014	0.0
9	7	2014	0.0
8	7	2014	0.0
7	7	2014	0.0
6	7	2014	0.0
5	7	2014	0.0
4	7	2014	0.0
3	7	2014	0.0
2	7	2014	0.0
1	7	2014	0.0
30	6	2014	0.0
29	6	2014	0.0
28	6	2014	0.0
27	6	2014	0.0
26	6	2014	0.0
25	6	2014	0.0
24	6	2014	0.0
23	6	2014	0.0
22	6	2014	0.0
21	6	2014	0.0
20	6	2014	0.0
19	6	2014	0.0
18	6	2014	0.0
17	6	2014	5.5
16	6	2014	2.0
15	6	2014	0.1
14	6	2014	0.0
13	6	2014	0.0
12	6	2014	0.0
11	6	2014	0.0
10	6	2014	0.0
9	6	2014	0.0
8	6	2014	0.0
7	6	2014	0.0
6	6	2014	0.0
5	6	2014	0.0
4	6	2014	0.0
3	6	2014	0.0
2	6	2014	0.0
1	6	2014	0.0
31	5	2014	0.0
30	5	2014	0.0
29	5	2014	5.0
28	5	2014	0.0
27	5	2014	0.0
26	5	2014	0.0
25	5	2014	0.0
24	5	2014	0.0
23	5	2014	0.0
22	5	2014	0.0
21	5	2014	0.0
20	5	2014	0.0
19	5	2014	0.0
18	5	2014	0.0
17	5	2014	0.0
16	5	2014	0.0
15	5	2014	0.0
14	5	2014	0.0
13	5	2014	0.0
12	5	2014	0.0
11	5	2014	0.0
10	5	2014	0.0
9	5	2014	0.0
8	5	2014	0.0
7	5	2014	0.0
6	5	2014	0.0
5	5	2014	0.0
4	5	2014	0.0
3	5	2014	0.0
2	5	2014	0.0
1	5	2014	0.0
30	4	2014	0.0
29	4	2014	0.0
28	4	2014	0.0
27	4	2014	0.0
26	4	2014	0.0
25	4	2014	0.0
24	4	2014	0.0
23	4	2014	0.0
22	4	2014	0.0
21	4	2014	0.0
20	4	2014	0.0
19	4	2014	0.0
18	4	2014	0.0
17	4	2014	0.0
16	4	2014	0.0
15	4	2014	0.0
14	4	2014	0.0
13	4	2014	0.0
12	4	2014	0.0
11	4	2014	0.0
10	4	2014	0.0
9	4	2014	0.0
8	4	2014	0.0
7	4	2014	0.0
6	4	2014	0.0
5	4	2014	28.9
4	4	2014	0.0
3	4	2014	0.0
2	4	2014	0.0
1	4	2014	0.0
31	3	2014	0.0
30	3	2014	0.0
29	3	2014	0.0
28	3	2014	0.0
27	3	2014	0.0
26	3	2014	0.0
25	3	2014	8.2
24	3	2014	0.0
23	3	2014	0.0
22	3	2014	0.0
21	3	2014	0.0
20	3	2014	0.0
19	3	2014	0.0
18	3	2014	0.0
17	3	2014	0.0
16	3	2014	0.0
15	3	2014	0.0
14	3	2014	0.0
13	3	2014	0.0
12	3	2014	0.0
11	3	2014	0.0
10	3	2014	17.5
9	3	2014	12.5
8	3	2014	0.0
7	3	2014	0.0
6	3	2014	0.0
5	3	2014	0.0
4	3	2014	0.0
3	3	2014	0.1
2	3	2014	2.4
1	3	2014	0.0
28	2	2014	0.0
27	2	2014	0.0
26	2	2014	0.0
25	2	2014	0.0
24	2	2014	0.0
23	2	2014	0.0
22	2	2014	0.0
21	2	2014	2.2
20	2	2014	0.0
19	2	2014	0.0
18	2	2014	0.0
17	2	2014	0.0
16	2	2014	0.0
15	2	2014	0.0
14	2	2014	0.0
13	2	2014	0.0
12	2	2014	0.0
11	2	2014	0.0
10	2	2014	0.0
9	2	2014	0.0
8	2	2014	0.0
7	2	2014	0.0
6	2	2014	0.0
5	2	2014	0.9
4	2	2014	0.0
3	2	2014	0.0
2	2	2014	0.0
1	2	2014	0.0
31	1	2014	0.0
30	1	2014	7.0
29	1	2014	0.0
28	1	2014	0.0
27	1	2014	0.0
26	1	2014	0.0
25	1	2014	0.0
24	1	2014	0.0
23	1	2014	0.0
22	1	2014	0.0
21	1	2014	18.4
20	1	2014	0.0
19	1	2014	0.0
18	1	2014	0.0
17	1	2014	0.0
16	1	2014	0.0
15	1	2014	0.0
14	1	2014	0.0
13	1	2014	0.0
12	1	2014	0.0
11	1	2014	0.0
10	1	2014	0.0
9	1	2014	0.0
8	1	2014	0.0
7	1	2014	0.0
6	1	2014	0.0
5	1	2014	0.0
4	1	2014	0.0
3	1	2014	0.0
2	1	2014	0.0
1	1	2014	0.0
31	12	2013	0.0
30	12	2013	0.0
29	12	2013	0.1
28	12	2013	0.0
27	12	2013	0.2
26	12	2013	10.2
25	12	2013	0.3
24	12	2013	19.0
23	12	2013	27.8
22	12	2013	51.0
21	12	2013	19.3
20	12	2013	0.2
19	12	2013	25.6
18	12	2013	20.0
17	12	2013	23.5
16	12	2013	12.1
15	12	2013	0.5
14	12	2013	10.3
13	12	2013	18.1
12	12	2013	38.2
11	12	2013	22.8
10	12	2013	0.5
9	12	2013	89.1
8	12	2013	51.4
7	12	2013	0.3
6	12	2013	67.6
5	12	2013	0.0
4	12	2013	0.0
3	12	2013	0.0
2	12	2013	0.0
1	12	2013	0.0
30	11	2013	0.5
29	11	2013	33.1
28	11	2013	14.0
27	11	2013	38.3
26	11	2013	16.8
25	11	2013	0.0
24	11	2013	0.0
23	11	2013	0.0
22	11	2013	0.0
21	11	2013	0.0
20	11	2013	0.0
19	11	2013	0.0
18	11	2013	0.0
17	11	2013	0.0
16	11	2013	0.0
15	11	2013	0.0
14	11	2013	0.0
13	11	2013	0.0
12	11	2013	0.0
11	11	2013	0.0
10	11	2013	0.1
9	11	2013	5.2
8	11	2013	19.7
7	11	2013	6.1
6	11	2013	0.1
5	11	2013	0.0
4	11	2013	0.0
3	11	2013	0.0
2	11	2013	0.0
1	11	2013	0.0
31	10	2013	0.0
30	10	2013	0.0
29	10	2013	0.0
28	10	2013	0.0
27	10	2013	0.0
26	10	2013	0.0
25	10	2013	0.0
24	10	2013	0.0
23	10	2013	0.0
22	10	2013	0.0
21	10	2013	0.0
20	10	2013	11.1
19	10	2013	2.2
18	10	2013	24.3
17	10	2013	0.0
16	10	2013	0.0
15	10	2013	0.0
14	10	2013	0.0
13	10	2013	0.0
12	10	2013	0.0
11	10	2013	0.0
10	10	2013	0.0
9	10	2013	4.2
8	10	2013	0.0
7	10	2013	5.4
6	10	2013	0.0
5	10	2013	0.0
4	10	2013	0.0
3	10	2013	12.5
2	10	2013	0.0
1	10	2013	0.0
30	9	2013	0.0
29	9	2013	0.0
28	9	2013	0.0
27	9	2013	0.0
26	9	2013	0.0
25	9	2013	0.0
24	9	2013	0.0
23	9	2013	0.0
22	9	2013	0.0
21	9	2013	0.0
20	9	2013	0.0
19	9	2013	0.0
18	9	2013	0.0
17	9	2013	0.0
16	9	2013	0.0
15	9	2013	0.0
14	9	2013	0.0
13	9	2013	0.0
12	9	2013	1.7
11	9	2013	0.0
10	9	2013	0.0
9	9	2013	0.0
8	9	2013	0.0
7	9	2013	0.0
6	9	2013	0.0
5	9	2013	0.0
4	9	2013	0.0
3	9	2013	0.1
2	9	2013	0.0
1	9	2013	0.0
31	8	2013	0.0
30	8	2013	0.0
29	8	2013	6.1
28	8	2013	0.0
27	8	2013	0.0
26	8	2013	0.0
25	8	2013	0.0
24	8	2013	0.0
23	8	2013	0.0
22	8	2013	0.1
21	8	2013	0.3
20	8	2013	0.0
19	8	2013	0.0
18	8	2013	0.0
17	8	2013	0.0
16	8	2013	0.0
15	8	2013	0.0
14	8	2013	0.0
13	8	2013	0.0
12	8	2013	0.0
11	8	2013	0.0
10	8	2013	0.0
9	8	2013	0.0
8	8	2013	1.3
7	8	2013	0.0
6	8	2013	0.0
5	8	2013	0.0
4	8	2013	0.0
3	8	2013	0.0
2	8	2013	0.0
1	8	2013	0.0
31	7	2013	0.0
30	7	2013	0.0
29	7	2013	0.0
28	7	2013	0.0
27	7	2013	0.0
26	7	2013	0.0
25	7	2013	0.0
24	7	2013	0.0
23	7	2013	0.0
22	7	2013	0.0
21	7	2013	0.0
20	7	2013	0.0
19	7	2013	0.0
18	7	2013	0.0
17	7	2013	0.0
16	7	2013	0.0
15	7	2013	0.0
14	7	2013	0.0
13	7	2013	0.0
12	7	2013	0.0
11	7	2013	0.0
10	7	2013	0.0
9	7	2013	0.0
8	7	2013	0.0
7	7	2013	0.0
6	7	2013	0.0
5	7	2013	0.0
4	7	2013	0.0
3	7	2013	0.0
2	7	2013	0.0
1	7	2013	0.0
30	6	2013	0.0
29	6	2013	0.0
28	6	2013	0.0
27	6	2013	0.0
26	6	2013	0.0
25	6	2013	0.0
24	6	2013	0.0
23	6	2013	0.0
22	6	2013	0.0
21	6	2013	0.0
20	6	2013	0.0
19	6	2013	0.0
18	6	2013	0.0
17	6	2013	0.0
16	6	2013	0.0
15	6	2013	0.0
14	6	2013	0.0
13	6	2013	0.0
12	6	2013	0.0
11	6	2013	0.0
10	6	2013	0.0
9	6	2013	8.8
8	6	2013	0.0
7	6	2013	0.0
6	6	2013	0.0
5	6	2013	0.0
4	6	2013	0.0
3	6	2013	0.0
2	6	2013	0.0
1	6	2013	0.0
31	5	2013	3.9
30	5	2013	0.0
29	5	2013	0.0
28	5	2013	0.0
27	5	2013	0.0
26	5	2013	0.0
25	5	2013	0.0
24	5	2013	0.0
23	5	2013	0.0
22	5	2013	0.0
21	5	2013	0.0
20	5	2013	0.0
19	5	2013	0.0
18	5	2013	0.0
17	5	2013	0.0
16	5	2013	0.0
15	5	2013	0.0
14	5	2013	0.0
13	5	2013	0.0
12	5	2013	0.0
11	5	2013	0.0
10	5	2013	0.0
9	5	2013	9.6
8	5	2013	0.0
7	5	2013	0.0
6	5	2013	0.0
5	5	2013	0.0
4	5	2013	0.0
3	5	2013	0.0
2	5	2013	0.0
1	5	2013	0.0
30	4	2013	0.0
29	4	2013	0.0
28	4	2013	0.0
27	4	2013	0.0
26	4	2013	0.0
25	4	2013	0.0
24	4	2013	0.0
23	4	2013	0.0
22	4	2013	0.0
21	4	2013	0.0
20	4	2013	0.0
19	4	2013	0.0
18	4	2013	0.0
17	4	2013	14.8
16	4	2013	0.0
15	4	2013	0.0
14	4	2013	0.0
13	4	2013	0.0
12	4	2013	0.0
11	4	2013	0.0
10	4	2013	0.0
9	4	2013	0.0
8	4	2013	3.2
7	4	2013	0.1
6	4	2013	1.3
5	4	2013	0.0
4	4	2013	0.0
3	4	2013	0.0
2	4	2013	0.0
1	4	2013	0.0
31	3	2013	0.0
30	3	2013	0.0
29	3	2013	0.0
28	3	2013	0.0
27	3	2013	4.9
26	3	2013	4.5
25	3	2013	0.0
24	3	2013	0.3
23	3	2013	0.0
22	3	2013	2.8
21	3	2013	0.0
20	3	2013	0.0
19	3	2013	0.0
18	3	2013	0.0
17	3	2013	0.0
16	3	2013	0.0
15	3	2013	0.0
14	3	2013	0.0
13	3	2013	0.0
12	3	2013	1.9
11	3	2013	0.0
10	3	2013	0.0
9	3	2013	0.0
8	3	2013	0.0
7	3	2013	6.0
6	3	2013	0.0
5	3	2013	0.0
4	3	2013	0.0
3	3	2013	0.0
2	3	2013	0.0
1	3	2013	9.5
28	2	2013	0.2
27	2	2013	0.0
26	2	2013	0.0
25	2	2013	0.0
24	2	2013	0.0
23	2	2013	0.0
22	2	2013	0.0
21	2	2013	0.0
20	2	2013	0.0
19	2	2013	0.0
18	2	2013	0.0
17	2	2013	0.0
16	2	2013	0.0
15	2	2013	0.0
14	2	2013	0.0
13	2	2013	0.0
12	2	2013	0.0
11	2	2013	0.0
10	2	2013	0.0
9	2	2013	0.0
8	2	2013	0.0
7	2	2013	0.0
6	2	2013	0.0
5	2	2013	0.0
4	2	2013	0.0
3	2	2013	0.0
2	2	2013	0.0
1	2	2013	0.0
31	1	2013	0.0
30	1	2013	0.0
29	1	2013	0.0
28	1	2013	13.2
27	1	2013	0.0
26	1	2013	4.1
25	1	2013	10.5
24	1	2013	18.7
23	1	2013	0.0
22	1	2013	0.0
21	1	2013	1.7
20	1	2013	0.0
19	1	2013	115.5
18	1	2013	6.8
17	1	2013	9.4
16	1	2013	2.0
15	1	2013	0.0
14	1	2013	0.0
13	1	2013	4.4
12	1	2013	0.0
11	1	2013	0.0
10	1	2013	0.0
9	1	2013	0.0
8	1	2013	0.0
7	1	2013	0.0
6	1	2013	0.0
5	1	2013	0.0
4	1	2013	0.0
3	1	2013	0.0
2	1	2013	0.0
1	1	2013	0.0
