dia	mes	ano	vazao
31	12	2021	594.555
30	12	2021	674.776
29	12	2021	674.776
28	12	2021	674.776
27	12	2021	674.776
26	12	2021	674.776
25	12	2021	674.776
24	12	2021	674.776
23	12	2021	674.776
22	12	2021	648.218
21	12	2021	344.605
20	12	2021	547.752
19	12	2021	21.338
18	12	2021	33.287
17	12	2021	41.603
16	12	2021	44.332
15	12	2021	47.156
14	12	2021	51.872
13	12	2021	68.904
12	12	2021	655.404
11	12	2021	431.151
10	12	2021	255.358
9	12	2021	358.3
8	12	2021	41.068
7	12	2021	44.332
6	12	2021	49.484
5	12	2021	52.479
4	12	2021	64.74
3	12	2021	73.21
2	12	2021	7.101
1	12	2021	7.911
30	11	2021	9.004
29	11	2021	10.189
28	11	2021	11.206
27	11	2021	12.285
26	11	2021	13.429
25	11	2021	14.026
24	11	2021	14.952
23	11	2021	15.917
22	11	2021	17.964
21	11	2021	16.92
20	11	2021	2.483
19	11	2021	1.011
18	11	2021	1.444
17	11	2021	3.911
16	11	2021	7.703
15	11	2021	12.285
14	11	2021	14.952
13	11	2021	18.681
12	11	2021	22.959
11	11	2021	28.765
10	11	2021	56.834
9	11	2021	110.999
9	10	2021	0.001
8	10	2021	0.001
7	10	2021	0.001
6	10	2021	0.003
5	10	2021	0.003
4	10	2021	0.019
3	10	2021	0.036
2	10	2021	0.051
1	10	2021	0.07
30	9	2021	0.08
29	9	2021	0.131
28	9	2021	0.178
27	9	2021	0.233
26	9	2021	0.321
25	9	2021	0.397
24	9	2021	0.453
23	9	2021	0.513
22	9	2021	0.577
21	9	2021	0.646
20	9	2021	0.72
19	9	2021	0.72
18	9	2021	0.797
17	9	2021	0.879
16	9	2021	0.966
15	9	2021	1.058
14	9	2021	1.154
13	9	2021	1.255
12	9	2021	1.444
11	9	2021	1.624
10	9	2021	1.817
9	9	2021	0.131
8	9	2021	
7	9	2021	
6	9	2021	
5	9	2021	
4	9	2021	
3	9	2021	
2	9	2021	
1	9	2021	
28	8	2021	0.001
27	8	2021	0.003
26	8	2021	0.003
25	8	2021	0.003
24	8	2021	0.007
23	8	2021	0.007
22	8	2021	0.014
21	8	2021	0.014
20	8	2021	0.024
19	8	2021	0.036
18	8	2021	0.036
17	8	2021	0.07
16	8	2021	0.051
15	8	2021	0.051
14	8	2021	0.051
13	8	2021	0.07
12	8	2021	0.07
11	8	2021	0.07
10	8	2021	0.092
9	8	2021	0.117
8	8	2021	0.117
7	8	2021	0.146
6	8	2021	0.178
5	8	2021	0.178
4	8	2021	0.178
3	8	2021	0.178
2	8	2021	0.001
1	8	2021	0.001
31	7	2021	0.001
30	7	2021	0.003
29	7	2021	0.003
28	7	2021	0.003
27	7	2021	0.003
26	7	2021	0.003
25	7	2021	0.007
24	7	2021	0.007
23	7	2021	0.014
22	7	2021	0.014
21	7	2021	0.024
20	7	2021	0.024
19	7	2021	0.014
18	7	2021	0.024
17	7	2021	0.036
16	7	2021	0.036
15	7	2021	0.051
14	7	2021	0.051
13	7	2021	0.051
12	7	2021	0.07
11	7	2021	0.07
10	7	2021	0.092
9	7	2021	0.117
8	7	2021	0.117
7	7	2021	0.146
6	7	2021	0.178
5	7	2021	0.178
4	7	2021	0.178
3	7	2021	0.178
2	7	2021	0.178
1	7	2021	0.214
30	6	2021	0.214
29	6	2021	0.214
28	6	2021	0.214
27	6	2021	0.254
26	6	2021	0.254
25	6	2021	0.298
24	6	2021	0.298
23	6	2021	0.345
22	6	2021	0.345
21	6	2021	0.345
20	6	2021	0.397
19	6	2021	0.397
18	6	2021	0.453
17	6	2021	0.453
16	6	2021	0.453
15	6	2021	0.513
14	6	2021	0.577
13	6	2021	0.577
12	6	2021	0.577
1	5	2021	
30	4	2021	
29	4	2021	
28	4	2021	
27	4	2021	
26	4	2021	0.001
25	4	2021	0.003
24	4	2021	0.003
23	4	2021	0.007
22	4	2021	0.019
21	4	2021	0.024
20	4	2021	0.043
19	4	2021	0.051
18	4	2021	0.07
17	4	2021	0.07
16	4	2021	0.092
15	4	2021	0.117
14	4	2021	0.131
13	4	2021	0.146
12	4	2021	0.195
11	4	2021	0.345
10	4	2021	0.482
9	4	2021	0.611
8	4	2021	0.758
7	4	2021	0.922
6	4	2021	1.105
5	4	2021	1.307
4	4	2021	1.444
3	4	2021	1.817
2	4	2021	2.246
1	4	2021	2.736
31	3	2021	3.29
30	3	2021	3.911
29	3	2021	4.602
28	3	2021	5.313
27	3	2021	5.988
26	3	2021	6.716
25	3	2021	7.499
24	3	2021	8.337
23	3	2021	8.778
22	3	2021	9.703
21	3	2021	10.689
20	3	2021	11.737
19	3	2021	12.849
18	3	2021	13.725
17	3	2021	14.639
16	3	2021	15.917
15	3	2021	17.264
14	3	2021	18.681
13	3	2021	19.792
12	3	2021	20.556
11	3	2021	21.736
10	3	2021	22.546
9	3	2021	22.959
8	3	2021	23.798
7	3	2021	25.093
6	3	2021	26.889
5	3	2021	28.765
4	3	2021	29.733
3	3	2021	31.733
2	3	2021	33.816
1	3	2021	35.929
28	2	2021	38.968
27	2	2021	49.484
26	2	2021	34.35
25	2	2021	15.917
24	2	2021	17.264
23	2	2021	19.417
22	2	2021	22.546
21	2	2021	24.225
20	2	2021	26.432
19	2	2021	28.765
18	2	2021	31.733
17	2	2021	34.35
16	2	2021	46.584
15	2	2021	49.484
14	2	2021	56.834
13	2	2021	77.658
12	2	2021	262.608
11	2	2021	283.496
10	2	2021	515.596
9	2	2021	626.919
8	2	2021	58.758
7	2	2021	62.042
6	2	2021	67.501
5	2	2021	0.104
4	2	2021	0.161
3	2	2021	0.233
2	2	2021	0.321
1	2	2021	0.424
31	1	2021	1.307
30	1	2021	1.444
29	1	2021	1.817
28	1	2021	2.363
27	1	2021	2.246
26	1	2021	2.483
25	1	2021	3.005
24	1	2021	3.591
23	1	2021	4.247
22	1	2021	4.976
21	1	2021	5.644
20	1	2021	6.345
19	1	2021	7.101
18	1	2021	7.911
17	1	2021	29.247
16	1	2021	3.911
15	1	2021	4.602
14	1	2021	5.17
13	1	2021	5.988
12	1	2021	6.716
11	1	2021	7.499
10	1	2021	8.337
9	1	2021	8.778
8	1	2021	9.703
7	1	2021	10.689
6	1	2021	11.737
5	1	2021	12.849
4	1	2021	14.026
3	1	2021	15.269
2	1	2021	16.581
1	1	2021	17.964
31	12	2020	19.417
30	12	2020	20.944
29	12	2020	22.546
28	12	2020	24.225
27	12	2020	25.981
26	12	2020	27.817
25	12	2020	29.733
24	12	2020	31.733
23	12	2020	33.816
22	12	2020	35.929
21	12	2020	39.487
20	12	2020	0.371
19	12	2020	0.545
18	12	2020	0.682
17	12	2020	1.204
16	12	2020	1.719
15	12	2020	3.145
14	12	2020	5.313
13	12	2020	8.122
12	12	2020	19.047
11	12	2020	35.435
10	12	2020	77.658
9	12	2020	674.776
8	12	2020	
7	12	2020	0.002
6	12	2020	0.005
5	12	2020	0.014
4	12	2020	0.029
3	12	2020	0.06
2	12	2020	0.131
1	12	2020	0.233
30	11	2020	0.371
29	11	2020	0.482
28	11	2020	0.611
27	11	2020	0.72
26	11	2020	0.838
25	11	2020	1.011
24	11	2020	1.204
23	11	2020	1.36
22	11	2020	2.024
21	11	2020	19.792
20	11	2020	62.042
19	11	2020	0.146
18	11	2020	0.321
17	11	2020	0.424
16	11	2020	0.545
15	11	2020	1.058
14	11	2020	1.719
13	11	2020	3.005
12	11	2020	4.423
11	11	2020	7.499
10	11	2020	15.269
9	11	2020	19.417
8	11	2020	20.556
7	11	2020	21.736
6	11	2020	23.376
5	11	2020	25.093
4	11	2020	26.889
3	11	2020	28.765
2	11	2020	29.247
1	11	2020	29.247
31	10	2020	29.247
30	10	2020	29.247
29	10	2020	38.968
28	10	2020	59.407
27	10	2020	19.792
26	10	2020	26.432
25	10	2020	0.06
24	10	2020	0.092
23	10	2020	0.117
22	10	2020	0.117
21	10	2020	0.146
20	10	2020	0.146
19	10	2020	0.178
18	10	2020	0.178
17	10	2020	0.178
16	10	2020	0.178
15	10	2020	0.178
14	10	2020	0.214
13	10	2020	0.214
12	10	2020	0.214
11	10	2020	0.254
10	10	2020	0.275
9	10	2020	0.254
8	10	2020	0.254
7	10	2020	0.298
6	10	2020	0.345
5	10	2020	0.321
4	10	2020	0.397
3	10	2020	0.482
2	10	2020	0.577
1	10	2020	0.646
30	9	2020	0.646
29	9	2020	0.646
28	9	2020	0.72
27	9	2020	0.72
26	9	2020	0.797
25	9	2020	0.879
24	9	2020	0.966
23	9	2020	1.058
22	9	2020	1.154
21	9	2020	1.255
20	9	2020	1.255
19	9	2020	1.36
18	9	2020	1.533
17	9	2020	1.533
16	9	2020	1.719
15	9	2020	1.919
14	9	2020	0.178
13	9	2020	0.178
12	9	2020	0.178
11	9	2020	0.178
10	9	2020	0.178
9	9	2020	0.178
8	9	2020	0.178
7	9	2020	0.178
6	9	2020	0.178
5	9	2020	0.178
4	9	2020	0.178
3	9	2020	0.178
2	9	2020	0.178
1	9	2020	0.178
31	8	2020	0.178
30	8	2020	0.178
29	8	2020	0.178
28	8	2020	0.178
27	8	2020	0.178
26	8	2020	0.195
25	8	2020	0.214
24	8	2020	0.233
23	8	2020	0.254
22	8	2020	0.321
21	8	2020	0.397
20	8	2020	0.345
19	8	2020	0.254
18	8	2020	0.254
17	8	2020	0.298
16	8	2020	0.321
15	8	2020	0.345
14	8	2020	0.397
13	8	2020	0.397
12	8	2020	0.397
11	8	2020	0.397
10	8	2020	0.397
9	8	2020	0.397
8	8	2020	0.453
7	8	2020	0.453
6	8	2020	0.453
5	8	2020	0.453
4	8	2020	0.453
3	8	2020	0.482
2	8	2020	0.513
1	8	2020	0.513
31	7	2020	0.513
30	7	2020	0.545
29	7	2020	0.577
28	7	2020	0.577
27	7	2020	
26	7	2020	
25	7	2020	
24	7	2020	
23	7	2020	
22	7	2020	
21	7	2020	
20	7	2020	
19	7	2020	
18	7	2020	
17	7	2020	
16	7	2020	
15	7	2020	
14	7	2020	
13	7	2020	
12	7	2020	
11	7	2020	
10	7	2020	
9	7	2020	
8	7	2020	
7	7	2020	
6	7	2020	
5	7	2020	
4	7	2020	
3	7	2020	
2	7	2020	
1	7	2020	
30	6	2020	
29	6	2020	
28	6	2020	
27	6	2020	
26	6	2020	
25	6	2020	
24	6	2020	0.002
23	6	2020	0.003
22	6	2020	0.007
21	6	2020	0.014
20	6	2020	0.024
19	6	2020	0.036
18	6	2020	0.051
17	6	2020	0.07
16	6	2020	0.092
15	6	2020	0.117
14	6	2020	0.161
13	6	2020	0.195
12	6	2020	0.275
11	6	2020	0.371
10	6	2020	0.482
9	6	2020	0.611
8	6	2020	
7	6	2020	
6	6	2020	
5	6	2020	
4	6	2020	
3	6	2020	
2	6	2020	
1	6	2020	
31	5	2020	
30	5	2020	
29	5	2020	
28	5	2020	
27	5	2020	
26	5	2020	
25	5	2020	
24	5	2020	
23	5	2020	0.005
22	5	2020	0.019
21	5	2020	0.036
20	5	2020	0.06
19	5	2020	0.104
18	5	2020	0.195
17	5	2020	0.275
16	5	2020	0.321
15	5	2020	
14	5	2020	
13	5	2020	
12	5	2020	
11	5	2020	
10	5	2020	
9	5	2020	
8	5	2020	
7	5	2020	
6	5	2020	
5	5	2020	
4	5	2020	
3	5	2020	
2	5	2020	
1	5	2020	
30	4	2020	
29	4	2020	
28	4	2020	
27	4	2020	0.002
26	4	2020	0.01
25	4	2020	0.029
24	4	2020	0.06
23	4	2020	0.104
22	4	2020	0.161
21	4	2020	0.233
20	4	2020	0.321
19	4	2020	0.424
18	4	2020	0.545
17	4	2020	0.682
16	4	2020	0.797
15	4	2020	1.011
14	4	2020	1.204
13	4	2020	1.444
12	4	2020	1.817
11	4	2020	16.92
10	4	2020	37.431
9	4	2020	7.101
8	4	2020	0.043
7	4	2020	0.08
6	4	2020	0.131
5	4	2020	0.195
4	4	2020	0.275
3	4	2020	0.397
2	4	2020	0.545
1	4	2020	0.682
31	3	2020	1.154
30	3	2020	1.307
29	3	2020	1.817
28	3	2020	3.911
27	3	2020	8.337
26	3	2020	9.703
25	3	2020	10.689
24	3	2020	11.737
23	3	2020	13.137
22	3	2020	10.437
21	3	2020	5.988
20	3	2020	6.716
19	3	2020	9.703
18	3	2020	12.285
17	3	2020	13.429
16	3	2020	18.32
15	3	2020	75.416
14	3	2020	89.405
13	3	2020	182.824
12	3	2020	354.849
11	3	2020	
10	3	2020	
9	3	2020	344.605
8	3	2020	280.459
7	3	2020	84.598
6	3	2020	92.69
5	3	2020	68.201
4	3	2020	71.759
3	3	2020	74.677
2	3	2020	88.594
1	3	2020	102.057
29	2	2020	271.453
28	2	2020	349.707
27	2	2020	1.444
26	2	2020	2.024
25	2	2020	3.005
24	2	2020	4.602
23	2	2020	5.988
22	2	2020	6.716
21	2	2020	7.499
20	2	2020	8.337
19	2	2020	12.565
18	2	2020	5.814
17	2	2020	1.444
16	2	2020	1.817
15	2	2020	2.246
14	2	2020	2.736
13	2	2020	3.29
12	2	2020	3.911
11	2	2020	4.602
10	2	2020	5.313
9	2	2020	5.988
8	2	2020	6.716
7	2	2020	7.499
6	2	2020	8.337
5	2	2020	9.233
4	2	2020	10.189
3	2	2020	11.206
2	2	2020	12.285
1	2	2020	13.429
31	1	2020	19.047
30	1	2020	27.35
29	1	2020	29.247
28	1	2020	56.834
27	1	2020	13.137
26	1	2020	6.529
25	1	2020	7.298
24	1	2020	7.298
23	1	2020	8.556
22	1	2020	11.47
21	1	2020	
20	1	2020	
19	1	2020	
18	1	2020	
17	1	2020	0.024
16	1	2020	0.036
15	1	2020	0.07
14	1	2020	0.513
13	1	2020	4.077
12	1	2020	14.952
11	1	2020	14.952
10	1	2020	15.591
9	1	2020	16.247
8	1	2020	16.247
7	1	2020	16.92
6	1	2020	17.611
5	1	2020	18.32
4	1	2020	19.047
3	1	2020	19.792
2	1	2020	19.792
1	1	2020	20.556
31	12	2019	1.919
30	12	2019	3.29
29	12	2019	3.911
28	12	2019	4.247
27	12	2019	4.787
26	12	2019	7.101
25	12	2019	8.556
24	12	2019	11.47
23	12	2019	13.429
22	12	2019	15.591
21	12	2019	15.917
20	12	2019	16.92
19	12	2019	19.047
18	12	2019	20.556
17	12	2019	24.656
16	12	2019	28.765
15	12	2019	35.929
14	12	2019	38.452
13	12	2019	39.487
12	12	2019	40.538
11	12	2019	41.068
10	12	2019	42.141
9	12	2019	43.229
8	12	2019	44.889
7	12	2019	45.45
6	12	2019	50.67
5	12	2019	65.424
4	12	2019	75.416
3	12	2019	70.324
2	12	2019	29.247
1	12	2019	29.247
30	11	2019	39.487
29	11	2019	62.042
28	11	2019	93.521
27	11	2019	179.243
26	11	2019	210.261
25	11	2019	382.965
24	11	2019	0.001
23	11	2019	0.003
22	11	2019	0.003
21	11	2019	0.005
20	11	2019	0.007
19	11	2019	0.014
18	11	2019	0.019
17	11	2019	0.029
16	11	2019	0.043
15	11	2019	0.051
14	11	2019	0.07
13	11	2019	0.092
12	11	2019	0.117
11	11	2019	0.161
10	11	2019	0.214
9	11	2019	0.275
8	11	2019	0.371
7	11	2019	0.424
6	11	2019	0.453
5	11	2019	0.482
4	11	2019	0.513
3	11	2019	0.577
2	11	2019	0.577
1	11	2019	0.577
31	10	2019	0.577
30	10	2019	0.611
29	10	2019	0.545
28	10	2019	0.371
27	10	2019	0.275
26	10	2019	0.254
25	10	2019	0.275
24	10	2019	0.298
23	10	2019	0.298
22	10	2019	0.321
21	10	2019	0.397
20	10	2019	0.453
19	10	2019	0.482
18	10	2019	0.513
17	10	2019	0.577
16	10	2019	0.577
15	10	2019	0.577
14	10	2019	0.646
13	10	2019	0.646
12	10	2019	0.72
11	10	2019	0.72
10	10	2019	0.758
9	10	2019	0.797
8	10	2019	0.797
7	10	2019	0.797
6	10	2019	0.879
5	10	2019	0.879
4	10	2019	0.966
3	10	2019	0.966
2	10	2019	1.058
1	10	2019	1.154
30	9	2019	1.154
29	9	2019	1.307
28	9	2019	1.533
27	9	2019	1.817
26	9	2019	2.024
25	9	2019	2.483
24	9	2019	3.005
23	9	2019	3.591
22	9	2019	4.247
21	9	2019	4.787
20	9	2019	5.313
19	9	2019	5.644
18	9	2019	5.644
17	9	2019	4.787
16	9	2019	0.007
15	9	2019	0.007
14	9	2019	0.014
13	9	2019	0.014
12	9	2019	0.014
11	9	2019	0.019
10	9	2019	0.024
9	9	2019	0.036
8	9	2019	0.043
7	9	2019	0.051
6	9	2019	0.07
5	9	2019	0.07
4	9	2019	0.08
3	9	2019	0.131
2	9	2019	0.233
1	9	2019	0.321
31	8	2019	
30	8	2019	
29	8	2019	
28	8	2019	
27	8	2019	
26	8	2019	
25	8	2019	
24	8	2019	
23	8	2019	
22	8	2019	
21	8	2019	
20	8	2019	
19	8	2019	0.003
18	8	2019	0.003
17	8	2019	0.007
16	8	2019	0.024
15	8	2019	0.051
14	8	2019	0.092
13	8	2019	0.146
12	8	2019	0.178
11	8	2019	0.178
10	8	2019	0.254
9	8	2019	0.298
8	8	2019	0.345
7	8	2019	0.397
6	8	2019	0.453
5	8	2019	0.513
4	8	2019	0.513
3	8	2019	0.577
2	8	2019	0.646
1	8	2019	0.72
31	7	2019	0.233
30	7	2019	0.036
29	7	2019	0.0
28	7	2019	0.0
27	7	2019	0.0
26	7	2019	0.0
25	7	2019	0.0
24	7	2019	0.0
23	7	2019	0.0
22	7	2019	0.0
21	7	2019	0.0
20	7	2019	0.0
19	7	2019	0.0
18	7	2019	0.0
17	7	2019	0.0
16	7	2019	0.0
15	7	2019	0.0
14	7	2019	0.0
13	7	2019	0.0
12	7	2019	0.0
11	7	2019	0.0
10	7	2019	0.0
9	7	2019	0.0
8	7	2019	0.0
7	7	2019	0.0
6	7	2019	0.0
5	7	2019	0.0
4	7	2019	0.0
3	7	2019	0.0
2	7	2019	0.0
1	7	2019	0.0
30	6	2019	
29	6	2019	
28	6	2019	
27	6	2019	
26	6	2019	
25	6	2019	0.005
24	6	2019	0.019
23	6	2019	0.043
22	6	2019	0.08
21	6	2019	0.146
20	6	2019	0.178
19	6	2019	0.214
18	6	2019	0.254
17	6	2019	0.321
16	6	2019	0.482
15	6	2019	0.646
14	6	2019	0.577
13	6	2019	0.482
12	6	2019	0.233
11	6	2019	0.146
10	6	2019	0.08
9	6	2019	0.007
8	6	2019	0.014
7	6	2019	0.024
6	6	2019	0.092
5	6	2019	0.117
4	6	2019	0.131
3	6	2019	
2	6	2019	
1	6	2019	
31	5	2019	
30	5	2019	
29	5	2019	
28	5	2019	
27	5	2019	
26	5	2019	
25	5	2019	
24	5	2019	
23	5	2019	
22	5	2019	
21	5	2019	
20	5	2019	
19	5	2019	
18	5	2019	
17	5	2019	0.005
16	5	2019	0.019
15	5	2019	0.043
14	5	2019	0.08
13	5	2019	0.131
12	5	2019	0.195
11	5	2019	0.275
10	5	2019	0.371
9	5	2019	0.482
8	5	2019	0.611
7	5	2019	0.758
6	5	2019	0.922
5	5	2019	1.105
4	5	2019	1.307
3	5	2019	1.624
2	5	2019	2.024
1	5	2019	2.483
30	4	2019	2.736
29	4	2019	3.005
28	4	2019	3.591
27	4	2019	4.247
26	4	2019	4.976
25	4	2019	5.644
24	4	2019	6.345
23	4	2019	7.101
22	4	2019	7.911
21	4	2019	8.778
20	4	2019	9.703
19	4	2019	10.689
18	4	2019	11.737
17	4	2019	12.849
16	4	2019	13.725
15	4	2019	14.639
14	4	2019	15.917
13	4	2019	18.681
12	4	2019	44.332
11	4	2019	0.545
10	4	2019	0.611
9	4	2019	0.72
8	4	2019	0.838
7	4	2019	1.011
6	4	2019	1.204
5	4	2019	1.444
4	4	2019	1.817
3	4	2019	2.868
2	4	2019	4.602
1	4	2019	13.429
31	3	2019	26.889
30	3	2019	28.765
29	3	2019	31.733
28	3	2019	34.946
27	3	2019	63.384
26	3	2019	1.293
25	3	2019	3.432
24	3	2019	6.079
23	3	2019	23.497
22	3	2019	1.216
21	3	2019	15.868
20	3	2019	110.999
19	3	2019	
18	3	2019	
17	3	2019	
16	3	2019	
15	3	2019	
14	3	2019	
13	3	2019	
12	3	2019	0.011
11	3	2019	0.034
10	3	2019	0.066
9	3	2019	0.109
8	3	2019	0.161
7	3	2019	0.222
6	3	2019	0.292
5	3	2019	0.351
4	3	2019	0.371
3	3	2019	6.633
2	3	2019	10.786
1	3	2019	18.167
28	2	2019	19.406
27	2	2019	19.832
26	2	2019	5.073
25	2	2019	5.728
24	2	2019	6.444
23	2	2019	7.225
22	2	2019	9.234
21	2	2019	14.122
20	2	2019	21.152
19	2	2019	35.435
18	2	2019	18.986
17	2	2019	0.086
16	2	2019	0.133
15	2	2019	0.222
14	2	2019	0.292
13	2	2019	0.371
12	2	2019	0.414
11	2	2019	0.506
10	2	2019	0.65
9	2	2019	0.873
8	2	2019	1.141
7	2	2019	0.206
6	2	2019	
5	2	2019	
4	2	2019	
3	2	2019	0.011
2	2	2019	0.034
1	2	2019	0.076
31	1	2019	0.086
30	1	2019	
29	1	2019	
28	1	2019	
27	1	2019	
26	1	2019	
25	1	2019	0.004
24	1	2019	0.021
23	1	2019	0.049
22	1	2019	0.086
21	1	2019	0.133
20	1	2019	0.19
19	1	2019	0.256
18	1	2019	0.331
17	1	2019	0.414
16	1	2019	0.506
15	1	2019	0.65
14	1	2019	0.873
13	1	2019	1.141
12	1	2019	1.458
11	1	2019	1.827
10	1	2019	2.252
9	1	2019	2.736
8	1	2019	1.928
7	1	2019	1.002
6	1	2019	1.293
5	1	2019	1.636
4	1	2019	2.032
3	1	2019	2.486
2	1	2019	4.475
1	1	2019	5.902
31	12	2018	6.633
30	12	2018	4.619
29	12	2018	11.631
28	12	2018	6.079
27	12	2018	11.344
26	12	2018	0.109
25	12	2018	0.161
24	12	2018	0.222
23	12	2018	0.292
22	12	2018	0.371
21	12	2018	0.459
20	12	2018	0.555
19	12	2018	0.757
18	12	2018	1.002
17	12	2018	1.293
16	12	2018	1.636
15	12	2018	2.032
14	12	2018	2.736
13	12	2018	6.26
12	12	2018	27.64
11	12	2018	5.902
10	12	2018	18.167
9	12	2018	30.491
8	12	2018	3.432
7	12	2018	6.079
6	12	2018	13.465
5	12	2018	33.553
4	12	2018	147.673
3	12	2018	1.216
2	12	2018	0.506
1	12	2018	0.392
30	11	2018	0.121
29	11	2018	0.133
28	11	2018	0.161
27	11	2018	0.206
26	11	2018	0.292
25	11	2018	0.371
24	11	2018	0.506
23	11	2018	0.65
22	11	2018	0.873
21	11	2018	1.141
20	11	2018	1.293
19	11	2018	2.486
18	11	2018	3.432
17	11	2018	4.196
16	11	2018	4.767
15	11	2018	5.393
14	11	2018	6.079
13	11	2018	42.683
12	11	2018	58.113
11	11	2018	11.923
10	11	2018	2.032
9	11	2018	3.002
8	11	2018	1.545
7	11	2018	6.633
6	11	2018	2.486
5	11	2018	3.141
4	11	2018	4.767
3	11	2018	8.524
2	11	2018	11.344
1	11	2018	15.506
31	10	2018	64.7403
30	10	2018	29.113
29	10	2018	
28	10	2018	
27	10	2018	
26	10	2018	
25	10	2018	
24	10	2018	
23	10	2018	
22	10	2018	
21	10	2018	
20	10	2018	
19	10	2018	
18	10	2018	
17	10	2018	
16	10	2018	
15	10	2018	
14	10	2018	
13	10	2018	
12	10	2018	
11	10	2018	
10	10	2018	
9	10	2018	
8	10	2018	
7	10	2018	
6	10	2018	
5	10	2018	
4	10	2018	
3	10	2018	
2	10	2018	
1	10	2018	
31	8	2018	
30	8	2018	
29	8	2018	
28	8	2018	
27	8	2018	
26	8	2018	
25	8	2018	
24	8	2018	
23	8	2018	
22	8	2018	0.0
21	8	2018	0.0
20	8	2018	0.0
19	8	2018	0.002
18	8	2018	0.002
17	8	2018	0.005
16	8	2018	0.008
15	8	2018	0.008
14	8	2018	0.016
13	8	2018	0.036
12	8	2018	0.043
11	8	2018	0.095
10	8	2018	0.142
9	8	2018	0.162
8	8	2018	0.261
7	8	2018	0.361
6	8	2018	0.488
5	8	2018	0.742
4	8	2018	1.005
3	8	2018	1.311
2	8	2018	1.481
1	8	2018	0.683
31	7	2018	0.868
30	7	2018	1.005
29	7	2018	1.311
28	7	2018	1.662
27	7	2018	2.058
26	7	2018	1.394
25	7	2018	0.488
24	7	2018	0.142
23	7	2018	
22	7	2018	
21	7	2018	
20	7	2018	
19	7	2018	
18	7	2018	
17	7	2018	0.0
16	7	2018	0.0
15	7	2018	0.0
14	7	2018	0.001
13	7	2018	0.002
12	7	2018	0.005
11	7	2018	0.006
10	7	2018	0.008
9	7	2018	0.013
8	7	2018	0.016
7	7	2018	0.02
6	7	2018	0.03
5	7	2018	0.03
4	7	2018	0.036
3	7	2018	0.06
2	7	2018	0.07
1	7	2018	0.082
30	6	2018	0.06
29	6	2018	0.0
28	6	2018	0.0
27	6	2018	0.0
26	6	2018	0.0
25	6	2018	0.001
24	6	2018	0.008
23	6	2018	0.02
22	6	2018	1.23
21	6	2018	4.118
20	6	2018	4.754
19	6	2018	5.441
18	6	2018	6.179
17	6	2018	6.968
16	6	2018	7.808
15	6	2018	6.766
14	6	2018	
13	6	2018	
12	6	2018	
11	6	2018	
10	6	2018	
9	6	2018	
8	6	2018	
7	6	2018	
6	6	2018	
5	6	2018	
4	6	2018	
3	6	2018	
2	6	2018	
1	6	2018	
1	5	2018	
30	4	2018	
29	4	2018	
28	4	2018	
27	4	2018	
26	4	2018	
25	4	2018	
24	4	2018	
23	4	2018	
22	4	2018	
21	4	2018	0.0
20	4	2018	0.003
19	4	2018	0.016
18	4	2018	0.036
17	4	2018	0.06
16	4	2018	0.06
15	4	2018	0.07
14	4	2018	0.082
13	4	2018	0.109
12	4	2018	0.109
11	4	2018	0.142
10	4	2018	0.183
9	4	2018	0.233
8	4	2018	0.233
7	4	2018	0.025
6	4	2018	0.0
5	4	2018	
4	4	2018	
3	4	2018	
2	4	2018	
1	4	2018	
31	3	2018	
30	3	2018	
29	3	2018	
28	3	2018	
27	3	2018	
26	3	2018	
25	3	2018	0.0
24	3	2018	0.013
23	3	2018	0.325
22	3	2018	3.391
21	3	2018	4.272
20	3	2018	5.621
19	3	2018	8.473
18	3	2018	16.455
17	3	2018	17.783
16	3	2018	19.167
15	3	2018	20.976
14	3	2018	27.369
13	3	2018	38.9677
12	3	2018	42.1412
11	3	2018	44.3322
10	3	2018	46.5837
9	3	2018	49.4835
8	3	2018	46.5837
7	3	2018	40.5376
6	3	2018	54.3221
5	3	2018	56.8336
4	3	2018	3.53
3	3	2018	4.118
2	3	2018	4.754
1	3	2018	5.621
28	2	2018	6.567
27	2	2018	7.381
26	2	2018	8.248
25	2	2018	9.647
24	2	2018	22.488
23	2	2018	25.272
22	2	2018	29.113
21	2	2018	43.2292
20	2	2018	45.4504
19	2	2018	49.4835
18	2	2018	62.0425
17	2	2018	76.1594
16	2	2018	89.4049
15	2	2018	110.999
14	2	2018	134.139
13	2	2018	148.744
12	2	2018	193.796
11	2	2018	200.042
10	2	2018	248.218
9	2	2018	277.439
8	2	2018	280.459
7	2	2018	234.269
6	2	2018	
5	2	2018	
4	2	2018	
3	2	2018	
2	2	2018	56.8336
1	2	2018	39.4872
31	1	2018	63.3836
30	1	2018	0.361
29	1	2018	0.573
28	1	2018	0.804
27	1	2018	0.935
26	1	2018	1.077
25	1	2018	1.23
24	1	2018	1.394
23	1	2018	1.57
22	1	2018	1.757
21	1	2018	1.955
20	1	2018	1.955
19	1	2018	2.165
18	1	2018	2.165
17	1	2018	2.386
16	1	2018	2.386
15	1	2018	2.62
14	1	2018	2.865
13	1	2018	3.122
12	1	2018	3.673
11	1	2018	5.265
10	1	2018	1.394
9	1	2018	2.865
8	1	2018	3.673
7	1	2018	4.272
6	1	2018	7.173
5	1	2018	11.97
4	1	2018	30.006
3	1	2018	
2	1	2018	
1	1	2018	
31	12	2017	
30	12	2017	
29	12	2017	
28	12	2017	
27	12	2017	
26	12	2017	
25	12	2017	
24	12	2017	
23	12	2017	
22	12	2017	
21	12	2017	
20	12	2017	
19	12	2017	
18	12	2017	
17	12	2017	
16	12	2017	1.394
15	12	2017	7.173
14	12	2017	25.684
13	12	2017	50.6702
12	12	2017	85.3892
11	12	2017	130.117
10	12	2017	185.232
9	12	2017	210.261
8	12	2017	434.986
7	12	2017	161.918
6	12	2017	8.026
5	12	2017	13.671
4	12	2017	30.006
3	12	2017	37.4315
2	12	2017	33.729
1	12	2017	29.113
30	11	2017	2.274
29	11	2017	2.386
28	11	2017	2.62
27	11	2017	2.865
26	11	2017	3.255
25	11	2017	3.818
24	11	2017	4.43
23	11	2017	5.092
22	11	2017	12.245
21	11	2017	14.568
20	11	2017	15.812
19	11	2017	17.112
18	11	2017	19.167
17	11	2017	20.976
16	11	2017	23.66
15	11	2017	25.272
14	11	2017	27.369
13	11	2017	29.558
12	11	2017	35.4353
11	11	2017	46.0151
10	11	2017	47.7322
9	11	2017	56.8336
8	11	2017	130.117
7	11	2017	5.265
6	11	2017	
5	11	2017	
4	11	2017	
3	11	2017	
2	11	2017	
1	11	2017	
31	10	2017	
30	10	2017	
29	10	2017	
28	10	2017	0.683
27	10	2017	
26	10	2017	
25	10	2017	
24	10	2017	
23	10	2017	
22	10	2017	
21	10	2017	
20	10	2017	
19	10	2017	
18	10	2017	
17	10	2017	
16	10	2017	
15	10	2017	
14	10	2017	
13	10	2017	
12	10	2017	
11	10	2017	
10	10	2017	
9	10	2017	
8	10	2017	
7	10	2017	
6	10	2017	0.0
5	10	2017	0.0
4	10	2017	0.0
3	10	2017	0.0
2	10	2017	0.0
1	10	2017	0.0
30	9	2017	0.0
29	9	2017	0.002
28	9	2017	0.006
27	9	2017	0.016
26	9	2017	0.036
25	9	2017	0.07
24	9	2017	0.125
23	9	2017	0.207
22	9	2017	0.325
21	9	2017	0.361
20	9	2017	0.627
19	9	2017	
18	9	2017	
17	9	2017	
16	9	2017	
15	9	2017	
14	9	2017	
13	9	2017	
12	9	2017	
11	9	2017	
10	9	2017	0.0
9	9	2017	0.0
8	9	2017	0.0
7	9	2017	0.0
6	9	2017	0.001
5	9	2017	0.002
4	9	2017	0.003
3	9	2017	0.008
2	9	2017	0.013
1	9	2017	0.016
31	8	2017	0.016
30	8	2017	0.013
29	8	2017	0.02
28	8	2017	0.03
27	8	2017	0.051
26	8	2017	0.06
25	8	2017	0.06
24	8	2017	0.082
23	8	2017	0.082
22	8	2017	0.095
21	8	2017	0.109
20	8	2017	0.162
19	8	2017	0.233
18	8	2017	0.291
17	8	2017	0.325
16	8	2017	0.619
15	8	2017	0.223
14	8	2017	
13	8	2017	
12	8	2017	
11	8	2017	
10	8	2017	
9	8	2017	
8	8	2017	
7	8	2017	
6	8	2017	
5	8	2017	
4	8	2017	0.0
3	8	2017	0.0
2	8	2017	0.001
1	8	2017	0.001
31	7	2017	0.001
30	7	2017	0.001
29	7	2017	0.001
28	7	2017	0.001
27	7	2017	0.002
26	7	2017	0.002
25	7	2017	0.005
24	7	2017	0.005
23	7	2017	0.007
22	7	2017	0.01
21	7	2017	0.01
20	7	2017	0.01
19	7	2017	0.021
18	7	2017	0.026
17	7	2017	0.026
16	7	2017	0.031
15	7	2017	0.038
14	7	2017	0.038
13	7	2017	0.052
12	7	2017	0.052
11	7	2017	0.052
10	7	2017	0.061
9	7	2017	0.071
8	7	2017	0.071
7	7	2017	0.071
6	7	2017	0.093
5	7	2017	0.093
4	7	2017	0.119
3	7	2017	0.119
2	7	2017	0.119
1	7	2017	0.119
30	6	2017	0.061
29	6	2017	0.081
28	6	2017	0.093
27	6	2017	0.119
26	6	2017	0.119
25	6	2017	0.133
24	6	2017	0.203
23	6	2017	0.292
22	6	2017	0.133
21	6	2017	0.119
20	6	2017	0.119
19	6	2017	0.165
18	6	2017	0.245
17	6	2017	0.345
16	6	2017	0.469
15	6	2017	0.619
14	6	2017	0.796
13	6	2017	1.003
12	6	2017	1.243
11	6	2017	1.444
10	6	2017	1.59
9	6	2017	1.697
8	6	2017	1.697
7	6	2017	1.885
6	6	2017	2.414
5	6	2017	2.905
4	6	2017	3.314
3	6	2017	3.76
2	6	2017	4.246
1	6	2017	4.772
31	5	2017	0.021
30	5	2017	0.045
29	5	2017	0.081
28	5	2017	0.165
27	5	2017	0.245
26	5	2017	0.345
25	5	2017	0.469
24	5	2017	0.619
23	5	2017	0.796
22	5	2017	1.003
21	5	2017	1.243
20	5	2017	1.516
19	5	2017	1.885
18	5	2017	
17	5	2017	
16	5	2017	
15	5	2017	
14	5	2017	
13	5	2017	
12	5	2017	
11	5	2017	0.0
10	5	2017	0.004
9	5	2017	0.013
8	5	2017	0.031
7	5	2017	0.061
6	5	2017	0.119
5	5	2017	0.165
4	5	2017	0.245
3	5	2017	0.345
2	5	2017	0.469
1	5	2017	0.619
30	4	2017	0.704
29	4	2017	0.896
28	4	2017	1.119
27	4	2017	1.375
26	4	2017	1.608
25	4	2017	14.754
24	4	2017	62.0425
23	4	2017	14.151
22	4	2017	15.061
21	4	2017	16.329
20	4	2017	18.35
19	4	2017	20.518
18	4	2017	22.048
17	4	2017	24.471
16	4	2017	26.173
15	4	2017	27.947
14	4	2017	29.792
13	4	2017	31.711
12	4	2017	33.704
11	4	2017	35.9288
10	4	2017	37.9398
9	4	2017	40.0105
8	4	2017	42.1412
7	4	2017	44.3322
6	4	2017	46.5837
5	4	2017	48.8959
4	4	2017	51.2692
3	4	2017	53.7038
2	4	2017	56.1999
1	4	2017	58.7578
31	3	2017	61.3778
30	3	2017	67.5007
29	3	2017	406.67
28	3	2017	1.516
27	3	2017	
26	3	2017	
25	3	2017	
24	3	2017	
23	3	2017	
22	3	2017	
21	3	2017	
20	3	2017	
19	3	2017	
18	3	2017	
17	3	2017	
16	3	2017	
15	3	2017	
14	3	2017	
13	3	2017	
12	3	2017	
11	3	2017	
10	3	2017	0.001
9	3	2017	0.004
8	3	2017	0.013
7	3	2017	0.031
6	3	2017	0.061
5	3	2017	0.105
4	3	2017	0.183
3	3	2017	0.292
2	3	2017	0.436
1	3	2017	0.469
28	2	2017	44.3322
27	2	2017	45.4504
26	2	2017	48.3121
25	2	2017	54.3221
24	2	2017	71.0395
23	2	2017	77.6579
22	2	2017	86.9834
21	2	2017	101.185
20	2	2017	117.503
19	2	2017	134.139
18	2	2017	153.068
17	2	2017	180.432
16	2	2017	195.036
15	2	2017	210.261
14	2	2017	222.088
13	2	2017	248.218
12	2	2017	262.608
11	2	2017	434.986
10	2	2017	
9	2	2017	267.011
8	2	2017	277.439
7	2	2017	265.539
6	2	2017	231.531
5	2	2017	67.5007
4	2	2017	67.5007
3	2	2017	45.4504
2	2	2017	8.291
1	2	2017	8.948
31	1	2017	19.779
30	1	2017	20.895
29	1	2017	27.947
28	1	2017	30.743
27	1	2017	33.199
26	1	2017	35.9288
25	1	2017	38.4519
24	1	2017	41.0684
23	1	2017	44.3322
22	1	2017	46.5837
21	1	2017	49.4835
20	1	2017	53.7038
19	1	2017	56.1999
18	1	2017	58.7578
17	1	2017	76.1594
16	1	2017	99.4535
15	1	2017	128.131
14	1	2017	149.818
13	1	2017	68.9044
12	1	2017	12.712
11	1	2017	13.564
10	1	2017	14.451
9	1	2017	15.687
8	1	2017	16.986
7	1	2017	18.35
6	1	2017	19.779
5	1	2017	20.147
4	1	2017	20.895
3	1	2017	20.895
2	1	2017	22.048
1	1	2017	23.646
31	12	2016	25.313
30	12	2016	27.051
29	12	2016	28.86
28	12	2016	38.9677
27	12	2016	48.8959
26	12	2016	60.06
25	12	2016	73.9414
24	12	2016	83.811
23	12	2016	92.6898
22	12	2016	123.238
21	12	2016	128.131
20	12	2016	160.796
19	12	2016	150.897
18	12	2016	191.327
17	12	2016	173.362
16	12	2016	205.117
15	12	2016	231.531
14	12	2016	248.218
13	12	2016	281.975
12	12	2016	277.439
11	12	2016	19.779
10	12	2016	21.659
9	12	2016	23.646
8	12	2016	26.173
7	12	2016	28.401
6	12	2016	49.4835
5	12	2016	140.298
4	12	2016	83.811
3	12	2016	102.057
2	12	2016	123.238
1	12	2016	167.587
30	11	2016	181.626
29	11	2016	186.442
28	11	2016	201.304
27	11	2016	211.558
26	11	2016	220.757
25	11	2016	234.269
24	11	2016	0.66
23	11	2016	8.079
22	11	2016	13.856
21	11	2016	91.8625
20	11	2016	104.697
19	11	2016	109.178
18	11	2016	142.384
17	11	2016	146.607
16	11	2016	248.218
15	11	2016	285.021
14	11	2016	0.392
13	11	2016	0.361
12	11	2016	0.305
11	11	2016	0.086
10	11	2016	0.097
9	11	2016	0.123
8	11	2016	0.172
7	11	2016	0.075
6	11	2016	0.024
5	11	2016	0.035
4	11	2016	0.056
3	11	2016	0.086
2	11	2016	0.11
1	11	2016	0.172
31	10	2016	0.332
30	10	2016	0.496
29	10	2016	0.662
28	10	2016	0.863
27	10	2016	1.263
26	10	2016	2.055
25	10	2016	2.54
24	10	2016	3.385
23	10	2016	4.379
22	10	2016	5.327
21	10	2016	5.737
20	10	2016	6.166
19	10	2016	6.614
18	10	2016	7.32
17	10	2016	8.071
16	10	2016	9.329
15	10	2016	10.134
14	10	2016	10.979
13	10	2016	11.863
12	10	2016	12.553
11	10	2016	16.626
10	10	2016	16.903
9	10	2016	17.183
8	10	2016	18.329
7	10	2016	20.13
6	10	2016	22.031
5	10	2016	24.376
4	10	2016	29.88
3	10	2016	36.9268
2	10	2016	34.9456
1	10	2016	38.9677
30	9	2016	41.6029
29	9	2016	44.3322
28	9	2016	46.5837
27	9	2016	9.929
26	9	2016	
25	9	2016	
24	9	2016	
23	9	2016	
22	9	2016	
21	9	2016	0.0
20	9	2016	0.0
19	9	2016	0.0
18	9	2016	0.001
17	9	2016	0.001
16	9	2016	0.002
15	9	2016	0.002
14	9	2016	0.004
13	9	2016	0.01
12	9	2016	0.013
11	9	2016	0.02
10	9	2016	0.035
9	9	2016	0.041
8	9	2016	0.075
7	9	2016	0.041
6	9	2016	0.02
5	9	2016	0.392
4	9	2016	0.535
3	9	2016	0.617
2	9	2016	0.361
1	9	2016	0.279
31	8	2016	0.075
30	8	2016	0.056
29	8	2016	0.041
28	8	2016	0.041
27	8	2016	0.041
26	8	2016	0.041
25	8	2016	0.041
24	8	2016	0.041
23	8	2016	0.041
22	8	2016	0.041
21	8	2016	0.041
20	8	2016	0.041
19	8	2016	0.041
18	8	2016	0.056
17	8	2016	0.075
16	8	2016	0.075
15	8	2016	0.097
14	8	2016	0.123
13	8	2016	0.123
12	8	2016	0.154
11	8	2016	0.19
10	8	2016	0.19
9	8	2016	0.232
8	8	2016	0.279
7	8	2016	0.279
6	8	2016	0.279
5	8	2016	0.279
4	8	2016	0.279
3	8	2016	
2	8	2016	
1	8	2016	
31	7	2016	
30	7	2016	
29	7	2016	
28	7	2016	
27	7	2016	
26	7	2016	
25	7	2016	
24	7	2016	0.0
23	7	2016	0.001
22	7	2016	0.001
21	7	2016	0.003
20	7	2016	0.004
19	7	2016	0.013
18	7	2016	0.02
17	7	2016	0.03
16	7	2016	0.049
15	7	2016	0.075
14	7	2016	0.123
13	7	2016	0.154
12	7	2016	0.172
11	7	2016	0.21
10	7	2016	0.279
9	7	2016	0.361
8	7	2016	0.496
7	7	2016	0.662
6	7	2016	0.809
5	7	2016	0.919
4	7	2016	0.919
3	7	2016	0.919
2	7	2016	0.919
1	7	2016	0.919
30	6	2016	0.977
29	6	2016	1.18
28	6	2016	1.63
27	6	2016	1.835
26	6	2016	2.17
25	6	2016	2.29
24	6	2016	2.54
23	6	2016	2.944
22	6	2016	3.087
21	6	2016	1.18
20	6	2016	1.349
19	6	2016	1.18
18	6	2016	0.255
17	6	2016	0.305
16	6	2016	0.392
15	6	2016	0.496
14	6	2016	0.662
13	6	2016	0.919
12	6	2016	1.038
11	6	2016	1.102
10	6	2016	1.18
9	6	2016	1.349
8	6	2016	1.731
7	6	2016	2.29
6	6	2016	2.671
5	6	2016	2.944
4	6	2016	3.385
3	6	2016	3.863
2	6	2016	4.379
1	6	2016	0.008
31	5	2016	0.003
30	5	2016	0.006
29	5	2016	0.008
28	5	2016	0.004
27	5	2016	0.001
26	5	2016	0.006
25	5	2016	0.0
24	5	2016	
23	5	2016	0.001
22	5	2016	0.001
21	5	2016	0.003
20	5	2016	0.006
19	5	2016	0.008
18	5	2016	0.013
17	5	2016	0.016
16	5	2016	0.02
15	5	2016	0.03
14	5	2016	0.049
13	5	2016	0.086
12	5	2016	0.11
11	5	2016	0.172
10	5	2016	0.21
9	5	2016	0.279
8	5	2016	0.361
7	5	2016	0.425
6	5	2016	0.305
5	5	2016	
4	5	2016	
3	5	2016	
2	5	2016	0.0
1	5	2016	0.001
30	4	2016	0.001
29	4	2016	0.004
28	4	2016	0.008
27	4	2016	0.01
26	4	2016	0.02
25	4	2016	0.049
24	4	2016	0.056
23	4	2016	0.075
22	4	2016	0.11
21	4	2016	0.123
20	4	2016	0.172
19	4	2016	0.232
18	4	2016	0.279
17	4	2016	0.305
16	4	2016	0.496
15	4	2016	0.535
14	4	2016	0.758
13	4	2016	0.977
12	4	2016	0.024
11	4	2016	0.075
10	4	2016	0.123
9	4	2016	0.19
8	4	2016	0.305
7	4	2016	0.425
6	4	2016	0.255
5	4	2016	0.086
4	4	2016	0.008
3	4	2016	0.008
2	4	2016	0.008
1	4	2016	0.008
31	3	2016	0.004
30	3	2016	0.006
29	3	2016	0.008
28	3	2016	0.008
27	3	2016	0.01
26	3	2016	0.02
25	3	2016	0.02
24	3	2016	0.035
23	3	2016	0.11
22	3	2016	0.305
21	3	2016	0.361
20	3	2016	0.46
19	3	2016	0.575
18	3	2016	0.11
17	3	2016	0.01
16	3	2016	0.03
15	3	2016	0.035
14	3	2016	0.008
13	3	2016	0.008
12	3	2016	0.008
11	3	2016	0.008
10	3	2016	0.008
9	3	2016	0.008
8	3	2016	0.008
7	3	2016	0.008
6	3	2016	0.013
5	3	2016	0.024
4	3	2016	0.041
3	3	2016	0.086
2	3	2016	0.154
1	3	2016	0.279
31	1	2016	0.02
30	1	2016	2.17
29	1	2016	23.354
28	1	2016	50.6702
27	1	2016	63.3836
26	1	2016	120.352
25	1	2016	50.6702
24	1	2016	161.918
23	1	2016	223.424
22	1	2016	434.986
21	1	2016	210.261
20	1	2016	185.232
19	1	2016	63.3836
18	1	2016	63.3836
17	1	2016	63.3836
16	1	2016	63.3836
15	1	2016	
14	1	2016	
13	1	2016	
12	1	2016	
11	1	2016	
10	1	2016	
9	1	2016	17.183
8	1	2016	50.6702
7	1	2016	
6	1	2016	
5	1	2016	
4	1	2016	
3	1	2016	
2	1	2016	
1	1	2016	
31	12	2015	
30	12	2015	
29	12	2015	
28	12	2015	
27	12	2015	
26	12	2015	
25	12	2015	
24	12	2015	
23	12	2015	
22	12	2015	
21	12	2015	
20	12	2015	
19	12	2015	
18	12	2015	
17	12	2015	
16	12	2015	
15	12	2015	
14	12	2015	
13	12	2015	
12	12	2015	
11	12	2015	
10	12	2015	
9	12	2015	0.02
8	12	2015	2.17
7	12	2015	20.13
6	12	2015	5.327
5	12	2015	
4	12	2015	
3	12	2015	
2	12	2015	0.279
1	12	2015	2.17
30	11	2015	6.614
29	11	2015	12.09
28	11	2015	12.09
27	11	2015	12.09
26	11	2015	223.424
25	11	2015	12.09
24	11	2015	0.279
23	11	2015	0.279
22	11	2015	0.02
21	11	2015	
20	11	2015	
19	11	2015	
18	11	2015	
17	11	2015	
16	11	2015	
15	11	2015	
14	11	2015	
13	11	2015	
12	11	2015	
11	11	2015	
10	11	2015	
9	11	2015	
8	11	2015	
7	11	2015	
6	11	2015	
5	11	2015	
4	11	2015	
3	11	2015	
2	11	2015	
1	11	2015	
31	10	2015	
30	10	2015	
29	10	2015	
28	10	2015	
27	10	2015	
26	10	2015	
25	10	2015	
24	10	2015	
23	10	2015	
22	10	2015	
21	10	2015	
20	10	2015	
19	10	2015	
18	10	2015	
17	10	2015	
16	10	2015	
15	10	2015	
14	10	2015	
13	10	2015	
12	10	2015	
11	10	2015	
10	10	2015	
9	10	2015	
8	10	2015	
7	10	2015	
6	10	2015	
5	10	2015	
4	10	2015	
3	10	2015	
2	10	2015	
1	10	2015	
30	9	2015	
29	9	2015	
28	9	2015	
27	9	2015	
26	9	2015	
25	9	2015	
24	9	2015	
23	9	2015	
22	9	2015	
21	9	2015	
20	9	2015	
19	9	2015	
18	9	2015	
17	9	2015	
16	9	2015	
15	9	2015	
14	9	2015	
13	9	2015	
12	9	2015	
11	9	2015	
10	9	2015	
9	9	2015	
8	9	2015	
7	9	2015	
6	9	2015	
5	9	2015	
4	9	2015	
3	9	2015	
2	9	2015	
1	9	2015	
31	8	2015	
30	8	2015	
29	8	2015	
28	8	2015	
27	8	2015	
26	8	2015	
25	8	2015	0.176
24	8	2015	0.176
23	8	2015	1.145
22	8	2015	2.805
21	8	2015	4.379
20	8	2015	7.566
19	8	2015	
18	8	2015	
17	8	2015	
16	8	2015	
15	8	2015	
14	8	2015	
13	8	2015	
12	8	2015	
11	8	2015	
10	8	2015	
9	8	2015	
8	8	2015	
7	8	2015	
6	8	2015	
5	8	2015	
4	8	2015	
3	8	2015	
2	8	2015	
1	8	2015	
31	7	2015	
30	7	2015	
29	7	2015	
28	7	2015	
27	7	2015	
26	7	2015	
25	7	2015	
24	7	2015	
23	7	2015	
22	7	2015	
21	7	2015	
20	7	2015	
19	7	2015	
18	7	2015	
17	7	2015	
16	7	2015	
15	7	2015	
14	7	2015	
13	7	2015	
12	7	2015	
11	7	2015	
10	7	2015	
9	7	2015	
8	7	2015	
7	7	2015	
6	7	2015	
5	7	2015	
4	7	2015	
3	7	2015	
2	7	2015	
1	7	2015	
30	6	2015	
29	6	2015	
28	6	2015	
27	6	2015	
26	6	2015	
25	6	2015	
24	6	2015	
23	6	2015	
22	6	2015	
21	6	2015	
20	6	2015	
19	6	2015	
18	6	2015	
17	6	2015	
16	6	2015	
15	6	2015	
14	6	2015	
13	6	2015	
12	6	2015	
11	6	2015	
10	6	2015	
9	6	2015	
8	6	2015	
7	6	2015	
6	6	2015	0.001
5	6	2015	0.001
4	6	2015	0.001
3	6	2015	0.001
2	6	2015	0.014
1	6	2015	0.014
31	5	2015	0.01
30	5	2015	0.014
29	5	2015	0.014
28	5	2015	0.014
27	5	2015	
26	5	2015	
25	5	2015	
24	5	2015	
23	5	2015	
22	5	2015	
21	5	2015	
20	5	2015	
19	5	2015	
18	5	2015	
17	5	2015	
16	5	2015	
15	5	2015	
14	5	2015	
13	5	2015	
12	5	2015	
11	5	2015	
10	5	2015	
9	5	2015	
8	5	2015	
7	5	2015	
6	5	2015	
5	5	2015	0.003
4	5	2015	0.003
3	5	2015	0.005
2	5	2015	0.007
1	5	2015	0.015
30	4	2015	0.015
29	4	2015	0.015
28	4	2015	0.015
27	4	2015	0.015
26	4	2015	0.015
25	4	2015	0.015
24	4	2015	0.015
23	4	2015	0.015
22	4	2015	0.015
21	4	2015	0.051
20	4	2015	0.292
19	4	2015	0.456
18	4	2015	0.619
17	4	2015	0.867
16	4	2015	1.167
15	4	2015	1.303
14	4	2015	1.849
13	4	2015	3.54
12	4	2015	5.128
11	4	2015	6.614
10	4	2015	8.377
9	4	2015	9.727
8	4	2015	10.551
7	4	2015	0.003
6	4	2015	0.003
5	4	2015	0.007
4	4	2015	0.015
3	4	2015	0.015
2	4	2015	0.042
1	4	2015	0.292
31	3	2015	0.353
30	3	2015	0.762
29	3	2015	2.214
28	3	2015	2.805
27	3	2015	5.327
26	3	2015	20.13
25	3	2015	0.762
24	3	2015	
23	3	2015	
22	3	2015	
21	3	2015	
20	3	2015	
19	3	2015	0.001
18	3	2015	0.001
17	3	2015	0.007
16	3	2015	0.007
15	3	2015	0.015
14	3	2015	0.02
13	3	2015	0.073
12	3	2015	0.086
11	3	2015	0.086
10	3	2015	
9	3	2015	
8	3	2015	
7	3	2015	
6	3	2015	
5	3	2015	
4	3	2015	
3	3	2015	
2	3	2015	
1	3	2015	
28	2	2015	
27	2	2015	
26	2	2015	
25	2	2015	
24	2	2015	
23	2	2015	
22	2	2015	
21	2	2015	
20	2	2015	
19	2	2015	
18	2	2015	
17	2	2015	
16	2	2015	
15	2	2015	
14	2	2015	
13	2	2015	0.534
12	2	2015	1.681
11	2	2015	8.941
10	2	2015	14.506
9	2	2015	15.811
8	2	2015	43.7788
7	2	2015	22.687
6	2	2015	16.626
5	2	2015	0.42
4	2	2015	0.42
3	2	2015	0.42
2	2	2015	0.42
1	2	2015	0.494
31	1	2015	0.42
30	1	2015	0.42
29	1	2015	0.42
28	1	2015	0.494
27	1	2015	0.494
26	1	2015	0.456
25	1	2015	0.494
24	1	2015	0.494
23	1	2015	0.576
22	1	2015	0.576
21	1	2015	0.534
20	1	2015	0.576
19	1	2015	0.576
18	1	2015	0.665
17	1	2015	0.665
16	1	2015	0.665
15	1	2015	0.665
14	1	2015	0.712
13	1	2015	0.867
12	1	2015	0.814
11	1	2015	0.867
10	1	2015	0.867
9	1	2015	0.867
8	1	2015	1.103
7	1	2015	1.103
6	1	2015	1.103
5	1	2015	1.374
4	1	2015	1.374
3	1	2015	1.681
2	1	2015	2.027
1	1	2015	2.312
31	12	2014	1.712
30	12	2014	1.911
29	12	2014	2.125
28	12	2014	2.857
27	12	2014	3.133
26	12	2014	3.425
25	12	2014	4.061
24	12	2014	4.768
23	12	2014	18.146
22	12	2014	27.7
21	12	2014	18.146
20	12	2014	18.146
19	12	2014	29.554
18	12	2014	136.722
17	12	2014	182.186
16	12	2014	172.429
15	12	2014	3.734
14	12	2014	2.354
13	12	2014	2.857
12	12	2014	2.857
11	12	2014	3.734
10	12	2014	4.405
9	12	2014	5.55
8	12	2014	2.598
7	12	2014	2.857
6	12	2014	2.857
5	12	2014	3.133
4	12	2014	3.425
3	12	2014	3.734
2	12	2014	4.061
1	12	2014	4.768
30	11	2014	5.97
29	11	2014	40.032
28	11	2014	9.158
27	11	2014	3.425
26	11	2014	3.425
25	11	2014	2.354
24	11	2014	2.354
23	11	2014	2.598
22	11	2014	2.857
21	11	2014	2.857
20	11	2014	3.425
19	11	2014	4.768
18	11	2014	8.3
17	11	2014	18.844
16	11	2014	57.793
15	11	2014	10.07
14	11	2014	14.308
13	11	2014	6.871
12	11	2014	5.15
11	11	2014	27.7
10	11	2014	19.559
9	11	2014	0.916
8	11	2014	0.916
7	11	2014	0.916
6	11	2014	0.916
5	11	2014	0.916
4	11	2014	1.119
3	11	2014	1.526
2	11	2014	5.15
1	11	2014	12.068
31	10	2014	3.425
30	10	2014	1.228
29	10	2014	0.576
28	10	2014	0.377
27	10	2014	0.269
26	10	2014	0.222
25	10	2014	0.222
24	10	2014	0.222
23	10	2014	0.18
22	10	2014	0.18
21	10	2014	0.18
20	10	2014	0.18
19	10	2014	0.18
18	10	2014	0.18
17	10	2014	0.18
16	10	2014	0.18
15	10	2014	0.222
14	10	2014	0.222
13	10	2014	0.222
12	10	2014	0.222
11	10	2014	0.222
10	10	2014	0.222
9	10	2014	0.269
8	10	2014	0.222
7	10	2014	0.269
6	10	2014	0.269
5	10	2014	0.269
4	10	2014	0.32
3	10	2014	0.269
2	10	2014	0.269
1	10	2014	0.32
30	9	2014	0.32
29	9	2014	0.32
28	9	2014	0.32
27	9	2014	0.32
26	9	2014	0.438
25	9	2014	0.377
24	9	2014	0.377
23	9	2014	0.438
22	9	2014	0.438
21	9	2014	0.438
20	9	2014	0.377
19	9	2014	0.377
18	9	2014	0.377
17	9	2014	0.32
16	9	2014	0.18
15	9	2014	0.143
14	9	2014	0.143
13	9	2014	0.18
12	9	2014	0.18
11	9	2014	0.18
10	9	2014	0.18
9	9	2014	0.222
8	9	2014	0.269
7	9	2014	0.269
6	9	2014	0.269
5	9	2014	0.269
4	9	2014	0.269
3	9	2014	0.269
2	9	2014	0.269
1	9	2014	0.222
31	8	2014	0.222
30	8	2014	0.222
29	8	2014	0.222
28	8	2014	0.222
27	8	2014	0.222
26	8	2014	0.269
25	8	2014	0.269
24	8	2014	0.222
23	8	2014	0.222
22	8	2014	0.222
21	8	2014	0.222
20	8	2014	0.222
19	8	2014	0.222
18	8	2014	0.222
17	8	2014	0.269
16	8	2014	0.269
15	8	2014	0.269
14	8	2014	0.18
13	8	2014	0.18
12	8	2014	0.222
11	8	2014	0.269
10	8	2014	0.269
9	8	2014	0.269
8	8	2014	0.269
7	8	2014	0.269
6	8	2014	0.32
5	8	2014	0.269
4	8	2014	0.269
3	8	2014	0.222
2	8	2014	0.222
1	8	2014	0.269
31	7	2014	0.269
30	7	2014	0.269
29	7	2014	0.269
28	7	2014	0.269
27	7	2014	0.269
26	7	2014	0.269
25	7	2014	0.269
24	7	2014	0.269
23	7	2014	0.222
22	7	2014	0.269
21	7	2014	0.269
20	7	2014	0.269
19	7	2014	0.269
18	7	2014	0.32
17	7	2014	0.32
16	7	2014	0.377
15	7	2014	0.377
14	7	2014	0.377
13	7	2014	0.18
12	7	2014	0.11
11	7	2014	0.11
10	7	2014	0.143
9	7	2014	0.143
8	7	2014	0.143
7	7	2014	0.18
6	7	2014	0.11
5	7	2014	0.143
4	7	2014	0.18
3	7	2014	0.18
2	7	2014	0.18
1	7	2014	0.222
30	6	2014	0.222
29	6	2014	0.222
28	6	2014	0.269
27	6	2014	0.32
26	6	2014	0.377
25	6	2014	0.653
24	6	2014	0.653
23	6	2014	0.736
22	6	2014	0.736
21	6	2014	0.736
20	6	2014	0.823
19	6	2014	0.823
18	6	2014	0.916
17	6	2014	1.015
16	6	2014	1.228
15	6	2014	1.343
14	6	2014	1.119
13	6	2014	0.823
12	6	2014	0.736
11	6	2014	0.653
10	6	2014	0.653
9	6	2014	0.653
8	6	2014	0.653
7	6	2014	0.736
6	6	2014	0.823
5	6	2014	0.823
4	6	2014	0.653
3	6	2014	0.576
2	6	2014	0.505
1	6	2014	0.505
31	5	2014	0.505
30	5	2014	0.505
29	5	2014	0.505
28	5	2014	0.505
27	5	2014	0.438
26	5	2014	0.377
25	5	2014	0.377
24	5	2014	0.377
23	5	2014	0.377
22	5	2014	0.377
21	5	2014	0.32
20	5	2014	0.377
19	5	2014	0.377
18	5	2014	0.377
17	5	2014	0.505
16	5	2014	0.505
15	5	2014	0.377
14	5	2014	0.269
13	5	2014	0.269
12	5	2014	0.269
11	5	2014	0.32
10	5	2014	0.32
9	5	2014	0.269
8	5	2014	0.269
7	5	2014	0.377
6	5	2014	0.32
5	5	2014	0.32
4	5	2014	0.32
3	5	2014	0.269
2	5	2014	0.143
1	5	2014	0.059
30	4	2014	0.059
29	4	2014	0.059
28	4	2014	0.059
27	4	2014	0.059
26	4	2014	0.059
25	4	2014	0.059
24	4	2014	0.082
23	4	2014	0.082
22	4	2014	0.11
21	4	2014	0.11
20	4	2014	0.11
19	4	2014	0.143
18	4	2014	0.143
17	4	2014	0.143
16	4	2014	0.143
15	4	2014	0.18
14	4	2014	0.18
13	4	2014	0.18
12	4	2014	0.18
11	4	2014	0.269
10	4	2014	0.269
9	4	2014	0.505
8	4	2014	0.653
7	4	2014	0.823
6	4	2014	1.526
5	4	2014	141.814
4	4	2014	0.916
3	4	2014	1.015
2	4	2014	1.228
1	4	2014	0.823
31	3	2014	0.823
30	3	2014	0.653
29	3	2014	0.653
28	3	2014	0.505
27	3	2014	0.505
26	3	2014	0.505
25	3	2014	0.576
24	3	2014	0.653
23	3	2014	0.653
22	3	2014	0.653
21	3	2014	0.653
20	3	2014	0.736
19	3	2014	0.823
18	3	2014	0.823
17	3	2014	1.015
16	3	2014	1.119
15	3	2014	1.228
14	3	2014	1.343
13	3	2014	1.526
12	3	2014	2.125
11	3	2014	8.722
10	3	2014	168.31
9	3	2014	1.119
8	3	2014	0.653
7	3	2014	0.653
6	3	2014	0.653
5	3	2014	0.653
4	3	2014	0.736
3	3	2014	0.916
2	3	2014	1.119
1	3	2014	1.015
28	2	2014	0.377
27	2	2014	0.377
26	2	2014	0.438
25	2	2014	0.505
24	2	2014	0.505
23	2	2014	0.653
22	2	2014	0.653
21	2	2014	0.916
20	2	2014	2.354
19	2	2014	14.308
18	2	2014	0.18
17	2	2014	0.269
16	2	2014	0.222
15	2	2014	0.222
14	2	2014	0.269
13	2	2014	0.269
12	2	2014	0.269
11	2	2014	0.269
10	2	2014	0.269
9	2	2014	0.269
8	2	2014	0.32
7	2	2014	0.269
6	2	2014	0.32
5	2	2014	0.32
4	2	2014	0.377
3	2	2014	0.377
2	2	2014	0.377
1	2	2014	0.438
31	1	2014	0.438
30	1	2014	0.505
29	1	2014	0.438
28	1	2014	0.438
27	1	2014	0.505
26	1	2014	0.505
25	1	2014	0.505
24	1	2014	0.505
23	1	2014	0.505
22	1	2014	0.576
21	1	2014	0.576
20	1	2014	0.576
19	1	2014	0.653
18	1	2014	0.653
17	1	2014	0.653
16	1	2014	0.653
15	1	2014	0.823
14	1	2014	0.916
13	1	2014	1.228
12	1	2014	3.425
11	1	2014	6.871
10	1	2014	5.15
9	1	2014	3.425
8	1	2014	1.526
7	1	2014	1.015
6	1	2014	1.228
5	1	2014	1.526
4	1	2014	1.526
3	1	2014	2.598
2	1	2014	4.768
1	1	2014	21.81
31	12	2013	25.924
30	12	2013	29.554
29	12	2013	30.51
28	12	2013	36.671
27	12	2013	44.816
26	12	2013	31.486
25	12	2013	34.535
24	12	2013	35.593
23	12	2013	62.438
22	12	2013	229.298
21	12	2013	674.279
20	12	2013	202.298
19	12	2013	83.378
18	12	2013	52.664
17	12	2013	13.725
16	12	2013	31.486
15	12	2013	9.607
14	12	2013	6.254
13	12	2013	11.04
12	12	2013	44.816
11	12	2013	10.07
10	12	2013	15.522
9	12	2013	40.032
8	12	2013	0.385
7	12	2013	0.385
6	12	2013	0.696
5	12	2013	1.89
4	12	2013	0.452
3	12	2013	0.526
2	12	2013	0.696
1	12	2013	0.898
30	11	2013	1.012
29	11	2013	18.844
28	11	2013	14.907
27	11	2013	2.264
26	11	2013	0.526
25	11	2013	0.385
24	11	2013	0.385
23	11	2013	0.385
22	11	2013	0.385
21	11	2013	0.452
20	11	2013	0.526
19	11	2013	0.526
18	11	2013	0.526
17	11	2013	0.607
16	11	2013	0.793
15	11	2013	0.793
14	11	2013	1.266
13	11	2013	1.719
12	11	2013	2.683
11	11	2013	8.3
10	11	2013	32.482
9	11	2013	112.323
8	11	2013	11.04
7	11	2013	19.559
6	11	2013	0.385
5	11	2013	0.385
4	11	2013	0.385
3	11	2013	0.385
2	11	2013	0.325
1	11	2013	0.325
31	10	2013	0.325
30	10	2013	0.325
29	10	2013	0.325
28	10	2013	0.325
27	10	2013	0.385
26	10	2013	0.385
25	10	2013	0.385
24	10	2013	0.452
23	10	2013	0.526
22	10	2013	0.696
21	10	2013	0.696
20	10	2013	0.696
19	10	2013	0.793
18	10	2013	10.548
17	10	2013	1.134
16	10	2013	0.696
15	10	2013	0.793
14	10	2013	0.385
13	10	2013	0.385
12	10	2013	0.452
11	10	2013	0.452
10	10	2013	0.526
9	10	2013	0.696
8	10	2013	0.526
7	10	2013	0.385
6	10	2013	0.385
5	10	2013	0.325
4	10	2013	0.325
3	10	2013	0.271
2	10	2013	0.325
1	10	2013	0.271
30	9	2013	0.271
29	9	2013	0.271
28	9	2013	0.271
27	9	2013	0.271
26	9	2013	0.271
25	9	2013	0.224
24	9	2013	0.224
23	9	2013	0.224
22	9	2013	0.224
21	9	2013	0.224
20	9	2013	0.271
19	9	2013	0.271
18	9	2013	0.271
17	9	2013	0.271
16	9	2013	0.325
15	9	2013	0.325
14	9	2013	0.325
13	9	2013	0.325
12	9	2013	0.271
11	9	2013	0.271
10	9	2013	0.271
9	9	2013	0.271
8	9	2013	0.385
7	9	2013	0.607
6	9	2013	0.696
5	9	2013	0.607
4	9	2013	0.526
3	9	2013	0.385
2	9	2013	0.271
1	9	2013	0.271
31	8	2013	0.271
30	8	2013	0.526
29	8	2013	1.012
28	8	2013	0.607
27	8	2013	0.526
26	8	2013	0.526
25	8	2013	0.452
24	8	2013	0.452
23	8	2013	0.385
22	8	2013	0.325
21	8	2013	0.385
20	8	2013	0.452
19	8	2013	0.452
18	8	2013	0.385
17	8	2013	0.385
16	8	2013	0.385
15	8	2013	0.385
14	8	2013	0.325
13	8	2013	0.325
12	8	2013	0.325
11	8	2013	0.385
10	8	2013	0.385
9	8	2013	0.452
8	8	2013	0.385
7	8	2013	0.385
6	8	2013	0.325
5	8	2013	0.325
4	8	2013	0.526
3	8	2013	0.385
2	8	2013	0.087
1	8	2013	0.032
31	7	2013	0.021
30	7	2013	0.021
29	7	2013	0.013
28	7	2013	0.003
27	7	2013	0.0
26	7	2013	0.0
25	7	2013	0.0
24	7	2013	0.0
23	7	2013	0.0
22	7	2013	0.0
21	7	2013	0.001
20	7	2013	0.003
19	7	2013	0.003
18	7	2013	0.003
17	7	2013	0.003
16	7	2013	0.003
15	7	2013	0.003
14	7	2013	0.013
13	7	2013	0.007
12	7	2013	0.007
11	7	2013	0.007
10	7	2013	0.013
9	7	2013	0.013
8	7	2013	0.013
7	7	2013	0.021
6	7	2013	0.013
5	7	2013	0.013
4	7	2013	0.013
3	7	2013	0.021
2	7	2013	0.021
1	7	2013	0.032
30	6	2013	0.032
29	6	2013	0.032
28	6	2013	0.032
27	6	2013	0.032
26	6	2013	0.021
25	6	2013	0.021
24	6	2013	0.021
23	6	2013	0.032
22	6	2013	0.032
21	6	2013	0.032
20	6	2013	0.032
19	6	2013	0.021
18	6	2013	0.032
17	6	2013	0.032
16	6	2013	0.065
15	6	2013	0.114
14	6	2013	0.145
13	6	2013	0.182
12	6	2013	0.224
11	6	2013	0.224
10	6	2013	0.271
9	6	2013	0.271
8	6	2013	0.385
7	6	2013	0.385
6	6	2013	0.271
5	6	2013	0.271
4	6	2013	0.182
3	6	2013	0.182
2	6	2013	0.271
1	6	2013	0.271
31	5	2013	0.271
30	5	2013	0.385
29	5	2013	0.452
28	5	2013	0.452
27	5	2013	0.526
26	5	2013	0.526
25	5	2013	0.271
24	5	2013	0.021
23	5	2013	0.003
22	5	2013	0.003
21	5	2013	0.003
20	5	2013	0.007
19	5	2013	0.013
18	5	2013	0.013
17	5	2013	0.032
16	5	2013	0.065
15	5	2013	0.065
14	5	2013	0.065
13	5	2013	0.065
12	5	2013	0.065
11	5	2013	0.065
10	5	2013	0.087
9	5	2013	0.087
8	5	2013	0.114
7	5	2013	0.114
6	5	2013	0.114
5	5	2013	0.182
4	5	2013	0.182
3	5	2013	0.182
2	5	2013	0.224
1	5	2013	0.224
30	4	2013	0.271
29	4	2013	0.325
28	4	2013	0.325
27	4	2013	0.325
26	4	2013	0.385
25	4	2013	0.385
24	4	2013	0.385
23	4	2013	0.452
22	4	2013	0.452
21	4	2013	0.452
20	4	2013	0.526
19	4	2013	0.526
18	4	2013	0.607
17	4	2013	0.607
16	4	2013	0.696
15	4	2013	0.696
14	4	2013	0.793
13	4	2013	0.898
12	4	2013	0.793
11	4	2013	2.264
10	4	2013	12.605
9	4	2013	2.91
8	4	2013	1.266
7	4	2013	0.271
6	4	2013	0.325
5	4	2013	0.271
4	4	2013	0.271
3	4	2013	0.271
2	4	2013	0.325
1	4	2013	0.526
31	3	2013	0.696
30	3	2013	0.898
29	3	2013	0.898
28	3	2013	0.898
27	3	2013	0.696
26	3	2013	0.898
25	3	2013	0.526
24	3	2013	0.271
23	3	2013	0.526
22	3	2013	0.325
21	3	2013	0.224
20	3	2013	0.271
19	3	2013	0.271
18	3	2013	0.385
17	3	2013	0.452
16	3	2013	0.526
15	3	2013	0.607
14	3	2013	0.696
13	3	2013	2.264
12	3	2013	7.465
11	3	2013	0.385
10	3	2013	0.224
9	3	2013	0.224
8	3	2013	0.182
7	3	2013	0.224
6	3	2013	0.271
5	3	2013	0.271
4	3	2013	0.325
3	3	2013	0.452
2	3	2013	0.526
1	3	2013	0.607
28	2	2013	0.696
27	2	2013	0.452
26	2	2013	0.385
25	2	2013	0.385
24	2	2013	0.385
23	2	2013	0.385
22	2	2013	0.385
21	2	2013	0.385
20	2	2013	0.385
19	2	2013	0.385
18	2	2013	0.452
17	2	2013	0.452
16	2	2013	0.452
15	2	2013	0.452
14	2	2013	0.526
13	2	2013	0.526
12	2	2013	0.696
11	2	2013	0.898
10	2	2013	0.898
9	2	2013	1.134
8	2	2013	2.072
7	2	2013	3.663
6	2	2013	1.89
5	2	2013	0.898
4	2	2013	0.696
3	2	2013	0.898
2	2	2013	1.134
1	2	2013	1.719
31	1	2013	3.94
30	1	2013	3.94
29	1	2013	4.532
28	1	2013	7.899
27	1	2013	13.157
26	1	2013	10.548
25	1	2013	5.178
24	1	2013	9.158
23	1	2013	19.559
22	1	2013	9.158
21	1	2013	4.848
20	1	2013	87.619
19	1	2013	2.91
18	1	2013	3.94
17	1	2013	4.532
16	1	2013	0.696
15	1	2013	0.898
14	1	2013	1.012
13	1	2013	3.4
12	1	2013	0.526
11	1	2013	0.526
10	1	2013	0.452
9	1	2013	0.385
8	1	2013	0.385
7	1	2013	0.385
6	1	2013	0.325
5	1	2013	0.385
4	1	2013	0.385
3	1	2013	0.452
2	1	2013	0.385
1	1	2013	0.385
