created_at,user_id,user_email,article_id,key,value
2024-07-14T21:46:46.928Z,287032,wfilho@ice.ufjf.br,33388112,included,1
2024-07-14T21:47:18.696Z,287032,wfilho@ice.ufjf.br,33388112,"""Feature Importance analysis""",1
2024-07-14T21:48:54.558Z,287032,wfilho@ice.ufjf.br,33388113,included,1
2024-07-14T21:50:56.525Z,287032,wfilho@ice.ufjf.br,33388114,included,1
2024-07-14T21:58:19.816Z,287032,wfilho@ice.ufjf.br,33388119,included,1
2024-07-14T21:59:54.141Z,287032,wfilho@ice.ufjf.br,33388121,"""Preenchendo dados faltantes de chuva""",1
2024-07-14T21:59:59.534Z,287032,wfilho@ice.ufjf.br,33388121,included,1
2024-07-14T22:01:25.549Z,287032,wfilho@ice.ufjf.br,33388123,included,1
2024-07-14T22:02:46.350Z,287032,wfilho@ice.ufjf.br,33388124,included,1
2024-07-14T22:04:29.400Z,287032,wfilho@ice.ufjf.br,33388126,included,1
2024-07-14T22:07:18.274Z,287032,wfilho@ice.ufjf.br,33388130,"""Inundação""",1
2024-07-14T22:07:21.705Z,287032,wfilho@ice.ufjf.br,33388130,included,1
2024-07-15T02:38:45.361Z,287032,wfilho@ice.ufjf.br,33388132,"""Técnicas para preenchimento de dados faltantes""",1
2024-07-15T02:38:45.955Z,287032,wfilho@ice.ufjf.br,33388132,included,1
2024-07-15T02:39:09.074Z,287032,wfilho@ice.ufjf.br,33388134,included,1
2024-07-15T02:39:32.366Z,287032,wfilho@ice.ufjf.br,33388135,included,1
2024-07-15T02:41:37.302Z,287032,wfilho@ice.ufjf.br,33388136,included,1
2024-07-15T02:42:36.961Z,287032,wfilho@ice.ufjf.br,33388137,included,1
2024-07-15T22:33:39.817Z,287032,wfilho@ice.ufjf.br,33388139,"""Alocação de recursos hídricos""",1
2024-07-15T22:33:41.778Z,287032,wfilho@ice.ufjf.br,33388139,included,1
2024-07-15T22:35:14.517Z,287032,wfilho@ice.ufjf.br,33388140,included,1
2024-07-15T22:41:44.141Z,287032,wfilho@ice.ufjf.br,33388142,included,1
2024-07-15T22:45:43.486Z,287032,wfilho@ice.ufjf.br,33388145,"""Plnjmnto de demanda de água em cidades""",1
2024-07-15T22:45:44.857Z,287032,wfilho@ice.ufjf.br,33388145,included,1
2024-07-15T22:49:19.711Z,287032,wfilho@ice.ufjf.br,33388150,included,1
2024-07-15T22:50:51.914Z,287032,wfilho@ice.ufjf.br,33388151,included,1
2024-07-15T22:52:46.887Z,287032,wfilho@ice.ufjf.br,33388152,included,1
2024-07-16T00:07:59.534Z,287032,wfilho@ice.ufjf.br,33388154,included,1
2024-07-16T02:00:00.520Z,287032,wfilho@ice.ufjf.br,33388177,included,1
2024-07-16T02:11:25.351Z,287032,wfilho@ice.ufjf.br,33388196,"""Nível de barragem""",1
2024-07-16T02:11:25.351Z,287032,wfilho@ice.ufjf.br,33388196,"""Prever nível de barragem""",1
2024-07-16T02:11:26.106Z,287032,wfilho@ice.ufjf.br,33388196,included,1
2024-07-16T02:18:41.906Z,287032,wfilho@ice.ufjf.br,33388212,included,1
2024-07-16T02:45:01.591Z,287032,wfilho@ice.ufjf.br,33388286,included,1
2024-07-16T03:34:23.252Z,287032,wfilho@ice.ufjf.br,33388370,included,1
2024-07-16T03:39:31.065Z,287032,wfilho@ice.ufjf.br,33388394,included,1
2024-07-16T13:41:41.494Z,287032,wfilho@ice.ufjf.br,33388361,"""Apresenta panorama geral""",1
2024-07-16T13:41:43.536Z,287032,wfilho@ice.ufjf.br,33388361,included,1
2024-07-16T13:45:48.733Z,287032,wfilho@ice.ufjf.br,33388365,included,1
2024-07-16T13:46:28.603Z,287032,wfilho@ice.ufjf.br,33388365,"""Material antigo""",1
2024-07-16T13:56:20.483Z,287032,wfilho@ice.ufjf.br,33388389,"""Material antigo""",1
2024-07-16T13:56:28.441Z,287032,wfilho@ice.ufjf.br,33388389,included,1
2024-07-16T13:59:27.592Z,287032,wfilho@ice.ufjf.br,33388453,"""Material antigo""",1
2024-07-16T13:59:49.422Z,287032,wfilho@ice.ufjf.br,33388453,"""Panorama geral""",1
2024-07-16T13:59:53.276Z,287032,wfilho@ice.ufjf.br,33388453,included,1
2024-07-16T14:01:44.220Z,287032,wfilho@ice.ufjf.br,33388452,included,1
2024-07-16T14:12:34.016Z,287032,wfilho@ice.ufjf.br,33388392,included,1
2024-07-16T14:23:39.964Z,287032,wfilho@ice.ufjf.br,33388404,"""Apresenta panorama geral""",1
2024-07-16T14:23:39.964Z,287032,wfilho@ice.ufjf.br,33388404,"""Panorama geral""",1
2024-07-16T14:23:39.964Z,287032,wfilho@ice.ufjf.br,33388404,"""Inundação""",1
2024-07-16T14:23:40.997Z,287032,wfilho@ice.ufjf.br,33388404,included,1
2024-07-17T00:32:51.596Z,287032,wfilho@ice.ufjf.br,33388414,"""Apresenta panorama geral""",1
2024-07-17T00:32:55.048Z,287032,wfilho@ice.ufjf.br,33388414,included,1
2024-07-17T01:04:32.639Z,287032,wfilho@ice.ufjf.br,33388421,included,1
2024-07-17T01:29:03.062Z,287032,wfilho@ice.ufjf.br,33388436,"""el nino""",1
2024-07-17T01:29:03.996Z,287032,wfilho@ice.ufjf.br,33388436,included,1
2024-07-17T02:46:36.068Z,287032,wfilho@ice.ufjf.br,33388455,included,1
2024-07-18T03:00:29.238Z,287032,wfilho@ice.ufjf.br,33388112,"""SALVO""",1
2024-07-18T03:03:13.704Z,287032,wfilho@ice.ufjf.br,33388113,"""SALVO""",1
2024-07-18T03:05:36.383Z,287032,wfilho@ice.ufjf.br,33388114,"""SALVO""",1
2024-07-18T03:10:59.408Z,287032,wfilho@ice.ufjf.br,33388119,"""SALVO""",1
2024-07-18T03:16:19.501Z,287032,wfilho@ice.ufjf.br,33388121,"""SALVO""",1
2024-07-18T03:22:43.061Z,287032,wfilho@ice.ufjf.br,33388123,"""SALVO""",1
2024-07-18T03:25:10.265Z,287032,wfilho@ice.ufjf.br,33388124,"""SALVO""",1
2024-07-18T03:26:26.712Z,287032,wfilho@ice.ufjf.br,33388452,"""Material antigo""",1
2024-07-18T03:26:31.365Z,287032,wfilho@ice.ufjf.br,33388370,"""Material antigo""",1
2024-07-18T03:28:41.071Z,287032,wfilho@ice.ufjf.br,33388365,"""SALVO""",1
2024-07-18T03:30:24.825Z,287032,wfilho@ice.ufjf.br,33388453,"""SALVO""",1
2024-07-18T03:34:22.731Z,287032,wfilho@ice.ufjf.br,33388389,"""SALVO""",1
2024-07-18T03:37:00.985Z,287032,wfilho@ice.ufjf.br,33388452,"""SALVO""",1
2024-07-19T00:09:49.226Z,287032,wfilho@ice.ufjf.br,33388370,"""SALVO""",1
2024-07-19T00:25:22.704Z,287032,wfilho@ice.ufjf.br,35340500,included,1
2024-07-19T00:27:38.995Z,287032,wfilho@ice.ufjf.br,35340500,"""SALVO""",1
2024-07-19T00:35:00.424Z,287032,wfilho@ice.ufjf.br,33388130,"""SALVO""",1
2024-07-19T00:39:46.558Z,287032,wfilho@ice.ufjf.br,33388436,"""SALVO""",1
2024-07-19T00:43:39.547Z,287032,wfilho@ice.ufjf.br,33388135,"""SALVO""",1
2024-07-19T00:46:41.100Z,287032,wfilho@ice.ufjf.br,33388152,"""SALVO""",1
2024-07-19T00:50:36.618Z,287032,wfilho@ice.ufjf.br,33388150,"""SALVO""",1
2024-07-25T12:06:46.005Z,287032,wfilho@ice.ufjf.br,33388126,"""SALVO""",1
2024-07-25T12:08:24.542Z,287032,wfilho@ice.ufjf.br,33388132,"""SALVO""",1
2024-07-25T12:10:16.572Z,287032,wfilho@ice.ufjf.br,33388134,"""SALVO""",1
2024-07-25T12:11:53.703Z,287032,wfilho@ice.ufjf.br,33388136,"""SALVO""",1
2024-07-25T12:13:33.882Z,287032,wfilho@ice.ufjf.br,33388137,"""SALVO""",1
2024-07-25T12:42:47.421Z,287032,wfilho@ice.ufjf.br,33388139,"""SALVO""",1
2024-07-25T12:44:08.878Z,287032,wfilho@ice.ufjf.br,33388140,"""SALVO""",1
2024-07-25T12:45:32.728Z,287032,wfilho@ice.ufjf.br,33388142,"""SALVO""",1
2024-07-25T12:48:41.107Z,287032,wfilho@ice.ufjf.br,33388145,"""SALVO""",1
2024-07-25T12:51:46.906Z,287032,wfilho@ice.ufjf.br,33388151,"""SALVO""",1
2024-07-25T12:53:10.068Z,287032,wfilho@ice.ufjf.br,33388154,"""SALVO""",1
2024-07-25T12:56:08.834Z,287032,wfilho@ice.ufjf.br,33388177,"""SALVO""",1
2024-07-25T12:58:19.158Z,287032,wfilho@ice.ufjf.br,33388196,"""SALVO""",1
2024-07-25T12:59:58.025Z,287032,wfilho@ice.ufjf.br,33388212,"""SALVO""",1
2024-07-25T13:01:09.002Z,287032,wfilho@ice.ufjf.br,33388286,"""SALVO""",1
2024-07-25T13:02:08.853Z,287032,wfilho@ice.ufjf.br,33388361,"""SALVO""",1
2024-07-25T13:03:14.243Z,287032,wfilho@ice.ufjf.br,33388392,"""SALVO""",1
2024-07-25T13:11:14.346Z,287032,wfilho@ice.ufjf.br,33388394,"""SALVO""",1
2024-07-25T13:13:47.901Z,287032,wfilho@ice.ufjf.br,33388404,"""SALVO""",1
2024-07-25T13:15:00.922Z,287032,wfilho@ice.ufjf.br,33388414,"""SALVO""",1
2024-07-25T13:16:22.120Z,287032,wfilho@ice.ufjf.br,33388421,"""SALVO""",1
2024-07-25T13:19:39.525Z,287032,wfilho@ice.ufjf.br,33388455,"""SALVO""",1
2024-08-11T23:41:31.493Z,287032,wfilho@ice.ufjf.br,39677094,"""Sazonalidade demonstrada""",1
2024-08-11T23:41:33.146Z,287032,wfilho@ice.ufjf.br,39677094,included,1
2024-08-11T23:42:10.901Z,287032,wfilho@ice.ufjf.br,39677094,"""SALVO""",1
