data	ct_56425000
2023-01-31	282.0
2023-01-30	306.0
2023-01-29	336.0
2023-01-28	370.0
2023-01-27	438.0
2023-01-26	498.0
2023-01-25	410.0
2023-01-24	316.0
2023-01-23	348.0
2023-01-22	315.0
2023-01-21	328.0
2023-01-20	330.0
2023-01-19	298.0
2023-01-18	266.0
2023-01-17	272.0
2023-01-16	288.0
2023-01-15	328.0
2023-01-14	392.0
2023-01-13	438.0
2023-01-12	530.0
2023-01-11	588.0
2023-01-10	598.0
2023-01-09	624.0
2023-01-08	640.0
2023-01-07	538.0
2023-01-06	372.0
2023-01-05	315.0
2023-01-04	384.0
2023-01-03	350.0
2023-01-02	250.0
2023-01-01	248.0
2022-12-31	240.0
2022-12-30	259.0
2022-12-29	274.0
2022-12-28	259.0
2022-12-27	290.0
2022-12-26	245.0
2022-12-25	325.0
2022-12-24	368.0
2022-12-23	417.0
2022-12-22	458.0
2022-12-21	332.0
2022-12-20	193.0
2022-12-19	191.0
2022-12-18	188.0
2022-12-17	197.0
2022-12-16	214.0
2022-12-15	227.0
2022-12-14	253.0
2022-12-13	268.0
2022-12-12	204.0
2022-12-11	235.0
2022-12-10	257.0
2022-12-09	250.0
2022-12-08	251.0
2022-12-07	186.0
2022-12-06	196.0
2022-12-05	208.0
2022-12-04	212.0
2022-12-03	255.0
2022-12-02	262.0
2022-12-01	270.0
2022-10-31	163.0
2022-10-30	156.0
2022-10-29	166.0
2022-10-28	179.0
2022-10-27	199.0
2022-10-26	225.0
2022-10-25	212.0
2022-10-24	164.0
2022-10-23	145.0
2022-10-22	138.0
2022-10-21	135.0
2022-10-20	132.0
2022-10-19	131.0
2022-10-18	131.0
2022-10-17	133.0
2022-10-16	134.0
2022-10-15	136.0
2022-10-14	138.0
2022-10-13	139.0
2022-10-12	141.0
2022-10-11	148.0
2022-10-10	158.0
2022-10-09	188.0
2022-10-08	207.0
2022-10-07	220.0
2022-10-06	240.0
2022-10-05	217.0
2022-10-04	169.0
2022-10-03	158.0
2022-10-02	157.0
2022-10-01	157.0
2022-09-30	143.0
2022-09-29	141.0
2022-09-28	138.0
2022-09-27	145.0
2022-09-26	139.0
2022-09-25	133.0
2022-09-24	128.0
2022-09-23	132.0
2022-09-22	130.0
2022-09-21	126.0
2022-09-20	125.0
2022-09-19	125.0
2022-09-18	135.0
2022-09-17	129.0
2022-09-16	127.0
2022-09-15	126.0
2022-09-14	125.0
2022-09-13	126.0
2022-09-12	126.0
2022-09-11	124.0
2022-09-10	126.0
2022-09-09	126.0
2022-09-08	126.0
2022-09-07	126.0
2022-09-06	126.0
2022-09-05	127.0
2022-09-04	128.0
2022-09-03	128.0
2022-09-02	129.0
2022-09-01	129.0
2022-08-31	129.0
2022-08-30	130.0
2022-08-29	131.0
2022-08-28	135.0
2022-08-27	146.0
2022-08-26	144.0
2022-08-25	133.0
2022-08-24	129.0
2022-08-23	128.0
2022-08-22	129.0
2022-08-21	130.0
2022-08-20	131.0
2022-08-19	132.0
2022-08-18	133.0
2022-08-17	133.0
2022-08-16	135.0
2022-08-15	135.0
2022-08-14	136.0
2022-08-13	137.0
2022-08-12	137.0
2022-08-11	138.0
2022-08-10	139.0
2022-08-09	141.0
2022-08-08	140.0
2022-08-07	140.0
2022-08-06	141.0
2022-08-05	141.0
2022-08-04	141.0
2022-08-03	142.0
2022-08-02	142.0
2022-08-01	142.0
2022-07-31	143.0
2022-07-30	144.0
2022-07-29	144.0
2022-07-28	144.0
2022-07-27	144.0
2022-07-26	144.0
2022-07-25	145.0
2022-07-24	146.0
2022-07-23	146.0
2022-07-22	145.0
2022-07-21	145.0
2022-07-20	146.0
2022-07-19	147.0
2022-07-18	146.0
2022-07-17	147.0
2022-07-16	147.0
2022-07-15	148.0
2022-07-14	148.0
2022-07-13	149.0
2022-07-12	150.0
2022-07-11	152.0
2022-07-10	151.0
2022-07-09	151.0
2022-07-08	151.0
2022-07-07	152.0
2022-07-06	150.0
2022-07-05	150.0
2022-07-04	151.0
2022-07-03	147.0
2022-07-02	145.0
2022-07-01	145.0
2022-06-30	142.0
2022-06-29	144.0
2022-06-28	144.0
2022-06-27	146.0
2022-06-26	146.0
2022-06-25	148.0
2022-06-24	150.0
2022-06-23	148.0
2022-06-22	152.0
2022-06-21	150.0
2022-06-20	152.0
2022-06-19	150.0
2022-06-18	154.0
2022-06-17	154.0
2022-06-16	155.0
2022-06-15	155.0
2022-06-14	156.0
2022-06-13	158.0
2022-06-12	158.0
2022-06-11	160.0
2022-06-10	160.0
2022-06-09	164.0
2022-06-08	162.0
2022-06-07	166.0
2022-06-06	168.0
2022-06-05	166.0
2022-06-04	170.0
2022-06-03	174.0
2022-06-02	170.0
2022-06-01	170.0
2022-05-31	171.0
2022-05-30	170.0
2022-05-29	171.0
2022-05-28	171.0
2022-05-27	173.0
2022-05-26	175.0
2022-05-25	173.0
2022-05-24	175.0
2022-05-23	173.0
2022-05-22	172.0
2022-05-21	176.0
2022-05-20	182.0
2022-05-19	189.0
2022-05-18	190.0
2022-05-17	182.0
2022-05-16	180.0
2022-05-15	179.0
2022-05-14	177.0
2022-05-13	178.0
2022-05-12	180.0
2022-05-11	182.0
2022-05-10	195.0
2022-05-09	213.0
2022-05-08	234.0
2022-05-07	238.0
2022-05-06	218.0
2022-05-05	187.0
2022-05-04	187.0
2022-05-03	189.0
2022-05-02	190.0
2022-05-01	192.0
2022-04-30	207.0
2022-04-29	205.0
2022-04-28	206.0
2022-04-27	203.0
2022-04-26	205.0
2022-04-25	205.0
2022-04-24	207.0
2022-04-23	210.0
2022-04-22	211.0
2022-04-21	214.0
2022-04-20	221.0
2022-04-19	224.0
2022-04-18	235.0
2022-04-17	260.0
2022-04-16	251.0
2022-04-15	229.0
2022-04-14	212.0
2022-04-13	214.0
2022-04-12	217.0
2022-04-11	227.0
2022-04-10	232.0
2022-04-09	214.0
2022-04-08	212.0
2022-04-07	221.0
2022-04-06	238.0
2022-04-05	227.0
2022-04-04	225.0
2022-04-03	220.0
2022-04-02	221.0
2022-04-01	212.0
2022-03-31	211.0
2022-03-30	209.0
2022-03-29	207.0
2022-03-28	210.0
2022-03-27	212.0
2022-03-26	211.0
2022-03-25	214.0
2022-03-24	217.0
2022-03-23	224.0
2022-03-22	227.0
2022-03-21	224.0
2022-03-20	215.0
2022-03-19	212.0
2022-03-18	213.0
2022-03-17	216.0
2022-03-16	219.0
2022-03-15	223.0
2022-03-14	226.0
2022-03-13	228.0
2022-03-12	232.0
2022-03-11	233.0
2022-03-10	237.0
2022-03-09	241.0
2022-03-08	243.0
2022-03-07	246.0
2022-03-06	251.0
2022-03-05	256.0
2022-03-04	260.0
2022-03-03	262.0
2022-03-02	268.0
2022-03-01	274.0
2022-02-28	282.0
2022-02-27	287.0
2022-02-26	296.0
2022-02-25	323.0
2022-02-24	367.0
2022-02-23	385.0
2022-02-22	445.0
2022-02-21	490.0
2022-02-20	509.0
2022-02-19	499.0
2022-02-18	446.0
2022-02-17	384.0
2022-02-16	367.0
2022-02-15	345.0
2022-02-14	385.0
2022-02-13	426.0
2022-02-12	493.0
2022-02-11	475.0
2022-02-10	398.0
2022-02-09	380.0
2022-02-08	371.0
2022-02-07	382.0
2022-02-06	330.0
2022-02-05	291.0
2022-02-04	273.0
2022-02-03	273.0
2022-02-02	256.0
2022-02-01	239.0
2022-01-31	239.0
2022-01-30	234.0
2022-01-29	226.0
2022-01-28	225.0
2022-01-27	231.0
2022-01-26	237.0
2022-01-25	247.0
2022-01-24	256.0
2022-01-23	270.0
2022-01-22	286.0
2022-01-21	298.0
2022-01-20	311.0
2022-01-19	320.0
2022-01-18	327.0
2022-01-17	345.0
2022-01-16	392.0
2022-01-15	487.0
2022-01-14	586.0
2022-01-13	702.0
2022-01-12	820.0
2022-01-11	809.0
2022-01-10	882.0
2022-01-09	760.0
2022-01-08	480.0
2022-01-07	349.0
2022-01-06	333.0
2022-01-05	355.0
2022-01-04	351.0
2022-01-03	376.0
2022-01-02	383.0
2022-01-01	345.0
2021-12-31	390.0
2021-12-30	254.0
2021-12-29	198.0
2021-12-28	192.0
2021-12-27	195.0
2021-12-26	213.0
2021-12-25	230.0
2021-12-24	214.0
2021-12-23	209.0
2021-12-22	224.0
2021-12-21	246.0
2021-12-20	276.0
2021-12-19	262.0
2021-12-18	270.0
2021-12-17	284.0
2021-12-16	327.0
2021-12-15	302.0
2021-12-14	204.0
2021-12-13	194.0
2021-12-12	212.0
2021-12-11	244.0
2021-12-10	234.0
2021-12-09	206.0
2021-12-08	227.0
2021-12-07	206.0
2021-12-06	234.0
2021-12-05	258.0
2021-12-04	248.0
2021-12-03	215.0
2021-12-02	202.0
2021-12-01	214.0
2021-11-30	205.0
2021-11-29	272.0
2021-11-28	236.0
2021-11-27	159.0
2021-11-26	155.0
2021-11-25	164.0
2021-11-24	183.0
2021-11-23	202.0
2021-11-22	196.0
2021-11-21	177.0
2021-11-20	168.0
2021-11-19	161.0
2021-11-18	166.0
2021-11-17	174.0
2021-11-16	198.0
2021-11-15	212.0
2021-11-14	233.0
2021-11-13	263.0
2021-11-12	264.0
2021-11-11	324.0
2021-11-10	182.0
2021-11-09	209.0
2021-11-08	199.0
2021-11-07	167.0
2021-11-06	188.0
2021-11-05	236.0
2021-11-04	246.0
2021-11-03	275.0
2021-11-02	281.0
2021-11-01	157.0
2021-10-31	151.0
2021-10-30	149.0
2021-10-29	144.0
2021-10-28	142.0
2021-10-27	150.0
2021-10-26	152.0
2021-10-25	166.0
2021-10-24	178.0
2021-10-23	200.0
2021-10-22	230.0
2021-10-21	266.0
2021-10-20	240.0
2021-10-19	218.0
2021-10-18	180.0
2021-10-17	175.0
2021-10-16	188.0
2021-10-15	200.0
2021-10-14	268.0
2021-10-13	307.0
2021-10-12	244.0
2021-10-11	160.0
2021-10-10	140.0
2021-10-09	134.0
2021-10-08	148.0
2021-10-07	164.0
2021-10-06	168.0
2021-10-05	164.0
2021-10-04	148.0
2021-10-03	107.0
2021-10-02	102.0
2021-10-01	104.0
2021-09-30	95.0
2021-09-29	98.0
2021-09-28	93.0
2021-09-27	96.0
2021-09-26	97.0
2021-09-25	91.0
2021-09-24	97.0
2021-09-23	101.0
2021-09-22	104.0
2021-09-21	105.0
2021-09-20	104.0
2021-09-19	106.0
2021-09-18	108.0
2021-09-17	108.0
2021-09-16	109.0
2021-09-15	110.0
2021-09-14	111.0
2021-09-13	112.0
2021-09-12	112.0
2021-09-11	113.0
2021-09-10	114.0
2021-09-09	111.0
2021-09-08	110.0
2021-09-07	112.0
2021-09-06	112.0
2021-09-05	112.0
2021-09-04	113.0
2021-09-03	115.0
2021-09-02	113.0
2021-09-01	114.0
2021-08-31	112.0
2021-08-30	110.0
2021-08-29	110.0
2021-08-28	106.0
2021-08-27	112.0
2021-08-26	111.0
2021-08-25	110.0
2021-08-24	116.0
2021-08-23	118.0
2021-08-22	116.0
2021-08-21	115.0
2021-08-20	116.0
2021-08-19	115.0
2021-08-18	116.0
2021-08-17	116.0
2021-08-16	114.0
2021-08-15	114.0
2021-08-14	112.0
2021-08-13	112.0
2021-08-12	113.0
2021-08-11	112.0
2021-08-10	113.0
2021-08-09	112.0
2021-08-08	112.0
2021-08-07	114.0
2021-08-06	114.0
2021-08-05	112.0
2021-08-04	112.0
2021-08-03	114.0
2021-08-02	114.0
2021-08-01	115.0
2021-06-30	126.0
2021-06-29	127.0
2021-06-28	127.0
2021-06-27	129.0
2021-06-26	129.0
2021-06-25	129.0
2021-06-24	128.0
2021-06-23	129.0
2021-06-22	129.0
2021-06-21	124.0
2021-06-20	127.0
2021-06-19	128.0
2021-06-18	129.0
2021-06-17	131.0
2021-06-16	134.0
2021-06-15	133.0
2021-06-14	134.0
2021-06-13	135.0
2021-06-12	135.0
2021-06-11	135.0
2021-06-10	133.0
2021-06-09	133.0
2021-06-08	137.0
2021-06-07	137.0
2021-06-06	133.0
2021-06-05	131.0
2021-06-04	133.0
2021-06-03	135.0
2021-06-02	140.0
2021-06-01	137.0
2021-05-31	135.0
2021-05-30	134.0
2021-05-29	136.0
2021-05-28	135.0
2021-05-27	134.0
2021-05-26	132.0
2021-05-25	130.0
2021-05-24	130.0
2021-05-23	131.0
2021-05-22	130.0
2021-05-21	128.0
2021-05-20	126.0
2021-05-19	126.0
2021-05-18	130.0
2021-05-17	132.0
2021-05-16	133.0
2021-05-15	133.0
2021-05-14	135.0
2021-05-13	133.0
2021-05-12	133.0
2021-05-11	135.0
2021-05-10	137.0
2021-05-09	139.0
2021-05-08	140.0
2021-05-07	143.0
2021-05-06	145.0
2021-05-05	148.0
2021-05-04	147.0
2021-05-03	145.0
2021-05-02	141.0
2021-05-01	139.0
2021-04-30	139.0
2021-04-29	140.0
2021-04-28	143.0
2021-04-27	141.0
2021-04-26	143.0
2021-04-25	147.0
2021-04-24	152.0
2021-04-23	155.0
2021-04-22	159.0
2021-04-21	161.0
2021-04-20	155.0
2021-04-19	143.0
2021-04-18	142.0
2021-04-17	145.0
2021-04-16	147.0
2021-04-15	145.0
2021-04-14	145.0
2021-04-13	146.0
2021-04-12	148.0
2021-04-11	148.0
2021-04-10	148.0
2021-04-09	147.0
2021-04-08	157.0
2021-04-07	157.0
2021-04-06	165.0
2021-04-05	179.0
2021-04-04	172.0
2021-04-03	173.0
2021-04-02	175.0
2021-04-01	176.0
2021-03-31	165.0
2021-03-30	154.0
2021-03-29	155.0
2021-03-28	157.0
2021-03-27	159.0
2021-03-26	160.0
2021-03-25	161.0
2021-03-24	164.0
2021-03-23	163.0
2021-03-22	167.0
2021-03-21	174.0
2021-03-20	173.0
2021-03-19	182.0
2021-03-18	187.0
2021-03-17	196.0
2021-03-16	219.0
2021-03-15	234.0
2021-03-14	244.0
2021-03-13	219.0
2021-03-12	251.0
2021-03-11	296.0
2021-03-10	231.0
2021-03-09	203.0
2021-03-08	183.0
2021-03-07	179.0
2021-03-06	177.0
2021-03-05	182.0
2021-03-04	188.0
2021-03-03	191.0
2021-03-02	196.0
2021-03-01	208.0
2021-02-28	220.0
2021-02-27	280.0
2021-02-26	306.0
2021-02-25	340.0
2021-02-24	358.0
2021-02-23	368.0
2021-02-22	280.0
2021-02-21	304.0
2021-02-20	362.0
2021-02-19	398.0
2021-02-18	382.0
2021-02-17	282.0
2021-02-16	198.0
2021-02-15	182.0
2021-02-14	192.0
2021-02-13	201.0
2021-02-12	213.0
2021-02-11	230.0
2021-02-10	240.0
2021-02-09	230.0
2021-02-08	230.0
2021-02-07	184.0
2021-02-06	146.0
2021-02-05	144.0
2021-02-04	142.0
2021-02-03	141.0
2021-02-02	138.0
2021-02-01	140.0
2021-01-31	142.0
2021-01-30	140.0
2021-01-29	142.0
2021-01-28	144.0
2021-01-27	149.0
2021-01-26	153.0
2021-01-25	154.0
2021-01-24	157.0
2021-01-23	165.0
2021-01-22	168.0
2021-01-21	176.0
2021-01-20	179.0
2021-01-19	184.0
2021-01-18	192.0
2021-01-17	199.0
2021-01-16	208.0
2021-01-15	213.0
2021-01-14	215.0
2021-01-13	222.0
2021-01-12	230.0
2021-01-11	235.0
2021-01-10	241.0
2021-01-09	266.0
2021-01-08	292.0
2021-01-07	308.0
2021-01-06	335.0
2021-01-05	354.0
2021-01-04	368.0
2021-01-03	265.0
2021-01-02	169.0
2021-01-01	165.0
2020-12-31	162.0
2020-12-30	159.0
2020-12-29	149.0
2020-12-28	156.0
2020-12-27	162.0
2020-12-26	165.0
2020-12-25	171.0
2020-12-24	185.0
2020-12-23	196.0
2020-12-22	224.0
2020-12-21	228.0
2020-12-20	201.0
2020-12-19	175.0
2020-12-18	174.0
2020-12-17	176.0
2020-12-16	182.0
2020-12-15	190.0
2020-12-14	219.0
2020-12-13	248.0
2020-12-12	275.0
2020-12-11	327.0
2020-12-10	288.0
2020-12-09	197.0
2020-12-08	191.0
2020-12-07	193.0
2020-12-06	193.0
2020-12-05	188.0
2020-12-04	178.0
2020-12-03	155.0
2020-12-02	139.0
2020-12-01	135.0
2020-11-30	135.0
2020-11-29	140.0
2020-11-28	144.0
2020-11-27	149.0
2020-11-26	150.0
2020-11-25	155.0
2020-11-24	154.0
2020-11-23	165.0
2020-11-22	170.0
2020-11-21	178.0
2020-11-20	190.0
2020-11-19	210.0
2020-11-18	225.0
2020-11-17	209.0
2020-11-16	212.0
2020-11-15	190.0
2020-11-14	169.0
2020-11-13	134.0
2020-11-12	125.0
2020-11-11	118.0
2020-11-10	127.0
2020-11-09	133.0
2020-11-08	138.0
2020-11-07	141.0
2020-11-06	147.0
2020-11-05	153.0
2020-11-04	164.0
2020-11-03	175.0
2020-11-02	183.0
2020-11-01	172.0
2020-10-31	187.0
2020-10-30	178.0
2020-10-29	172.0
2020-10-28	175.0
2020-10-27	185.0
2020-10-26	192.0
2020-10-25	137.0
2020-10-24	134.0
2020-10-23	129.0
2020-10-22	128.0
2020-10-21	127.0
2020-10-20	127.0
2020-10-19	124.0
2020-10-18	127.0
2020-10-17	132.0
2020-10-16	129.0
2020-10-15	123.0
2020-10-14	123.0
2020-10-13	122.0
2020-10-12	116.0
2020-10-11	119.0
2020-10-10	115.0
2020-10-09	110.0
2020-10-08	107.0
2020-10-07	103.0
2020-10-06	103.0
2020-10-05	102.0
2020-10-04	103.0
2020-10-03	108.0
2020-10-02	112.0
2020-10-01	114.0
2020-09-30	112.0
2020-09-29	115.0
2020-09-28	120.0
2020-09-27	129.0
2020-09-26	123.0
2020-09-25	114.0
2020-09-24	104.0
2020-09-23	103.0
2020-09-22	106.0
2020-09-21	105.0
2020-09-20	108.0
2020-09-19	107.0
2020-09-18	109.0
2020-09-17	110.0
2020-09-16	111.0
2020-09-15	111.0
2020-09-14	116.0
2020-09-13	117.0
2020-09-12	121.0
2020-09-11	122.0
2020-09-10	124.0
2020-09-09	124.0
2020-09-08	124.0
2020-09-07	127.0
2020-09-06	127.0
2020-09-05	127.0
2020-09-04	125.0
2020-09-03	127.0
2020-09-02	126.0
2020-09-01	128.0
2020-08-31	127.0
2020-08-30	130.0
2020-08-29	136.0
2020-08-28	136.0
2020-08-27	134.0
2020-08-26	138.0
2020-08-25	138.0
2020-08-24	144.0
2020-08-23	140.0
2020-08-22	134.0
2020-08-21	130.0
2020-08-20	128.0
2020-08-19	130.0
2020-08-18	128.0
2020-08-17	126.0
2020-08-16	126.0
2020-08-15	128.0
2020-08-14	129.0
2020-08-13	132.0
2020-08-12	134.0
2020-08-11	135.0
2020-08-10	138.0
2020-08-09	140.0
2020-08-08	138.0
2020-08-07	136.0
2020-08-06	138.0
2020-08-05	136.0
2020-08-04	134.0
2020-08-03	136.0
2020-08-02	135.0
2020-08-01	137.0
2020-07-31	135.0
2020-07-30	136.0
2020-07-29	137.0
2020-07-28	139.0
2020-07-27	138.0
2020-07-26	141.0
2020-07-25	139.0
2020-07-24	138.0
2020-07-23	137.0
2020-07-22	140.0
2020-07-21	139.0
2020-07-20	140.0
2020-07-19	142.0
2020-07-18	141.0
2020-07-17	144.0
2020-07-16	140.0
2020-07-15	142.0
2020-07-14	143.0
2020-07-13	142.0
2020-07-12	142.0
2020-07-11	141.0
2020-07-10	142.0
2020-07-09	144.0
2020-07-08	144.0
2020-07-07	146.0
2020-07-06	149.0
2020-07-05	147.0
2020-07-04	152.0
2020-07-03	156.0
2020-07-02	154.0
2020-07-01	148.0
2020-06-30	149.0
2020-06-29	149.0
2020-06-28	151.0
2020-06-27	151.0
2020-06-26	152.0
2020-06-25	150.0
2020-06-24	151.0
2020-06-23	156.0
2020-06-22	160.0
2020-06-21	160.0
2020-06-20	155.0
2020-06-19	153.0
2020-06-18	155.0
2020-06-17	156.0
2020-06-16	158.0
2020-06-15	161.0
2020-06-14	161.0
2020-06-13	165.0
2020-06-12	161.0
2020-06-11	158.0
2020-06-10	153.0
2020-06-09	152.0
2020-06-08	153.0
2020-06-07	153.0
2020-06-06	159.0
2020-06-05	163.0
2020-06-04	168.0
2020-06-03	173.0
2020-06-02	176.0
2020-06-01	176.0
2020-05-31	175.0
2020-05-30	173.0
2020-05-29	169.0
2020-05-28	174.0
2020-05-27	177.0
2020-05-26	182.0
2020-05-25	183.0
2020-05-24	176.0
2020-05-23	176.0
2020-05-22	179.0
2020-05-21	183.0
2020-05-20	187.0
2020-05-19	192.0
2020-05-18	184.0
2020-05-17	189.0
2020-05-16	191.0
2020-05-15	181.0
2020-05-14	177.0
2020-05-13	176.0
2020-05-12	175.0
2020-05-11	182.0
2020-05-10	185.0
2020-05-09	182.0
2020-05-08	177.0
2020-05-07	175.0
2020-05-06	175.0
2020-05-05	178.0
2020-05-04	177.0
2020-05-03	177.0
2020-05-02	180.0
2020-05-01	181.0
2020-04-30	182.0
2020-04-29	184.0
2020-04-28	187.0
2020-04-27	190.0
2020-04-26	190.0
2020-04-25	189.0
2020-04-24	194.0
2020-04-23	195.0
2020-04-22	199.0
2020-04-21	201.0
2020-04-20	203.0
2020-04-19	207.0
2020-04-18	209.0
2020-04-17	214.0
2020-04-16	214.0
2020-04-15	235.0
2020-04-14	242.0
2020-04-13	250.0
2020-04-12	257.0
2020-04-11	254.0
2020-04-10	264.0
2020-04-09	237.0
2020-04-08	222.0
2020-04-07	211.0
2020-04-06	216.0
2020-04-05	217.0
2020-04-04	226.0
2020-04-03	262.0
2020-04-02	255.0
2020-04-01	213.0
2020-03-31	206.0
2020-03-30	208.0
2020-03-29	214.0
2020-03-28	216.0
2020-03-27	220.0
2020-03-26	232.0
2020-03-25	238.0
2020-03-24	268.0
2020-03-23	352.0
2020-03-22	316.0
2020-03-21	244.0
2020-03-20	236.0
2020-03-19	220.0
2020-03-18	220.0
2020-03-17	222.0
2020-03-16	228.0
2020-03-15	228.0
2020-03-14	232.0
2020-03-13	240.0
2020-03-12	246.0
2020-03-11	248.0
2020-03-10	308.0
2020-03-09	371.0
2020-03-08	408.0
2020-03-07	430.0
2020-03-06	440.0
2020-03-05	448.0
2020-03-04	460.0
2020-03-03	454.0
2020-03-02	452.0
2020-03-01	460.0
2020-02-29	444.0
2020-02-28	370.0
2020-02-27	236.0
2020-02-26	206.0
2020-02-25	226.0
2020-02-24	236.0
2020-02-23	234.0
2020-02-22	224.0
2020-02-21	214.0
2020-02-20	222.0
2020-02-19	232.0
2020-02-18	256.0
2020-02-17	278.0
2020-02-16	280.0
2020-02-15	482.0
2020-02-14	602.0
2020-02-13	392.0
2020-02-12	241.0
2020-02-11	230.0
2020-02-10	238.0
2020-02-09	238.0
2020-02-08	260.0
2020-02-07	242.0
2020-02-06	242.0
2020-02-05	266.0
2020-02-04	268.0
2020-02-03	248.0
2020-02-02	246.0
2020-02-01	262.0
2020-01-31	301.0
2020-01-30	307.0
2020-01-29	323.0
2020-01-28	518.0
2020-01-27	657.0
2020-01-26	737.0
2020-01-25	574.0
2020-01-24	332.0
2020-01-23	197.0
2020-01-22	242.0
2020-01-21	226.0
2020-01-20	191.0
2020-01-19	212.0
2020-01-18	231.0
2020-01-17	199.0
2020-01-16	191.0
2020-01-15	197.0
2020-01-14	165.0
2020-01-13	166.0
2020-01-12	180.0
2020-01-11	198.0
2020-01-10	199.0
2020-01-09	219.0
2020-01-08	242.0
2020-01-07	280.0
2020-01-06	274.0
2020-01-05	201.0
2020-01-04	199.0
2020-01-03	147.0
2020-01-02	132.0
2020-01-01	135.0
2019-12-31	138.0
2019-12-30	146.0
2019-12-29	148.0
2019-12-28	158.0
2019-12-27	182.0
2019-12-26	220.0
2019-12-25	194.0
2019-12-24	206.0
2019-12-23	166.0
2019-12-22	158.0
2019-12-21	146.0
2019-12-20	156.0
2019-12-19	164.0
2019-12-18	174.0
2019-12-17	182.0
2019-12-16	204.0
2019-12-15	254.0
2019-12-14	304.0
2019-12-13	326.0
2019-12-12	232.0
2019-12-11	186.0
2019-12-10	214.0
2019-12-09	244.0
2019-12-08	205.0
2019-12-07	190.0
2019-12-06	197.0
2019-12-05	220.0
2019-12-04	260.0
2019-12-03	285.0
2019-12-02	308.0
2019-12-01	240.0
2019-11-30	169.0
2019-11-29	140.0
2019-11-28	144.0
2019-11-27	162.0
2019-11-26	165.0
2019-11-25	164.0
2019-11-24	190.0
2019-11-23	167.0
2019-11-22	158.0
2019-11-21	175.0
2019-11-20	178.0
2019-11-19	170.0
2019-11-18	161.0
2019-11-17	162.0
2019-11-16	132.0
2019-11-15	124.0
2019-11-14	138.0
2019-11-13	136.0
2019-11-12	121.0
2019-11-11	122.0
2019-11-10	120.0
2019-11-09	113.0
2019-11-08	112.0
2019-11-07	108.0
2019-11-06	112.0
2019-11-05	115.0
2019-11-04	122.0
2019-11-03	122.0
2019-11-02	109.0
2019-11-01	109.0
2019-10-31	109.0
2019-10-30	108.0
2019-10-29	108.0
2019-10-28	112.0
2019-10-27	99.0
2019-10-26	102.0
2019-10-25	102.0
2019-10-24	112.0
2019-10-23	108.0
2019-10-22	99.0
2019-10-21	96.0
2019-10-20	94.0
2019-10-19	93.0
2019-10-18	90.0
2019-10-17	96.0
2019-10-16	96.0
2019-10-15	97.0
2019-10-14	98.0
2019-10-13	99.0
2019-10-12	100.0
2019-10-11	100.0
2019-10-10	101.0
2019-10-09	99.0
2019-10-08	100.0
2019-10-07	104.0
2019-10-06	105.0
2019-10-05	106.0
2019-10-04	108.0
2019-10-03	112.0
2019-10-02	118.0
2019-10-01	128.0
2019-09-30	145.0
2019-09-29	128.0
2019-09-28	114.0
2019-09-27	101.0
2019-09-26	97.0
2019-09-25	95.0
2019-09-24	95.0
2019-09-23	95.0
2019-09-22	97.0
2019-09-21	95.0
2019-09-20	97.0
2019-09-19	95.0
2019-09-18	97.0
2019-09-17	96.0
2019-09-16	97.0
2019-09-15	98.0
2019-09-14	101.0
2019-09-13	103.0
2019-09-12	104.0
2019-09-11	104.0
2019-09-10	101.0
2019-09-09	101.0
2019-09-08	101.0
2019-09-07	101.0
2019-09-06	101.0
2019-09-05	101.0
2019-09-04	102.0
2019-09-03	102.0
2019-09-02	101.0
2019-09-01	102.0
2019-08-31	103.0
2019-08-30	102.0
2019-08-29	104.0
2019-08-28	105.0
2019-08-27	106.0
2019-08-26	109.0
2019-08-25	112.0
2019-08-24	113.0
2019-08-23	106.0
2019-08-22	101.0
2019-08-21	100.0
2019-08-20	100.0
2019-08-19	101.0
2019-08-18	101.0
2019-08-17	101.0
2019-08-16	100.0
2019-08-15	101.0
2019-08-14	101.0
2019-08-13	102.0
2019-08-12	104.0
2019-08-11	105.0
2019-08-10	108.0
2019-08-09	109.0
2019-08-08	106.0
2019-08-07	105.0
2019-08-06	104.0
2019-08-05	106.0
2019-08-04	106.0
2019-08-03	105.0
2019-08-02	104.0
2019-08-01	105.0
2019-07-31	105.0
2019-07-30	106.0
2019-07-29	105.0
2019-07-28	106.0
2019-07-27	106.0
2019-07-26	105.0
2019-07-25	104.0
2019-07-24	103.0
2019-07-23	105.0
2019-07-22	106.0
2019-07-21	106.0
2019-07-20	106.0
2019-07-19	106.0
2019-07-18	107.0
2019-07-17	107.0
2019-07-16	107.0
2019-07-15	108.0
2019-07-14	107.0
2019-07-13	107.0
2019-07-12	108.0
2019-07-11	108.0
2019-07-10	109.0
2019-07-09	108.0
2019-07-08	110.0
2019-07-07	111.0
2019-07-06	112.0
2019-07-05	112.0
2019-07-04	112.0
2019-07-03	112.0
2019-07-02	112.0
2019-07-01	114.0
2019-06-30	114.0
2019-06-29	114.0
2019-06-28	115.0
2019-06-27	116.0
2019-06-26	116.0
2019-06-25	118.0
2019-06-24	118.0
2019-06-23	118.0
2019-06-22	118.0
2019-06-21	117.0
2019-06-20	116.0
2019-06-19	120.0
2019-06-18	119.0
2019-06-17	120.0
2019-06-16	120.0
2019-06-15	120.0
2019-06-14	120.0
2019-06-13	120.0
2019-06-12	121.0
2019-06-11	121.0
2019-06-10	122.0
2019-06-09	122.0
2019-06-08	128.0
2019-06-07	126.0
2019-06-06	128.0
2019-06-05	128.0
2019-06-04	124.0
2019-06-03	126.0
2019-06-02	128.0
2019-06-01	126.0
2019-05-31	128.0
2019-05-30	129.0
2019-05-29	128.0
2019-05-28	130.0
2019-05-27	133.0
2019-05-26	136.0
2019-05-25	133.0
2019-05-24	138.0
2019-05-23	139.0
2019-05-22	141.0
2019-05-21	145.0
2019-05-20	148.0
2019-05-19	156.0
2019-05-18	182.0
2019-05-17	198.0
2019-05-16	150.0
2019-05-15	131.0
2019-05-14	135.0
2019-05-13	135.0
2019-05-12	138.0
2019-05-11	145.0
2019-05-10	135.0
2019-05-09	135.0
2019-05-08	135.0
2019-05-07	135.0
2019-05-06	136.0
2019-05-05	138.0
2019-05-04	149.0
2019-05-03	141.0
2019-05-02	142.0
2019-05-01	138.0
2019-04-30	139.0
2019-04-29	138.0
2019-04-28	138.0
2019-04-27	140.0
2019-04-26	142.0
2019-04-25	150.0
2019-04-24	151.0
2019-04-23	150.0
2019-04-22	151.0
2019-04-21	162.0
2019-04-20	174.0
2019-04-19	188.0
2019-04-18	201.0
2019-04-17	180.0
2019-04-16	166.0
2019-04-15	145.0
2019-04-14	133.0
2019-04-13	140.0
2019-04-12	160.0
2019-04-11	173.0
2019-04-10	195.0
2019-04-09	178.0
2019-04-08	177.0
2019-04-07	178.0
2019-04-06	166.0
2019-04-05	154.0
2019-04-04	143.0
2019-04-03	144.0
2019-04-02	136.0
2019-04-01	135.0
2019-03-31	138.0
2019-03-30	141.0
2019-03-29	147.0
2019-03-28	163.0
2019-03-27	159.0
2019-03-26	182.0
2019-03-25	188.0
2019-03-24	204.0
2019-03-23	226.0
2019-03-22	207.0
2019-03-21	197.0
2019-03-20	215.0
2019-03-19	208.0
2019-03-18	193.0
2019-03-17	205.0
2019-03-16	212.0
2019-03-15	159.0
2019-03-14	133.0
2019-03-13	154.0
2019-03-12	172.0
2019-03-11	163.0
2019-03-10	140.0
2019-03-09	138.0
2019-03-08	140.0
2019-03-07	146.0
2019-03-06	156.0
2019-03-05	171.0
2019-03-04	201.0
2019-03-03	188.0
2019-03-02	159.0
2019-03-01	151.0
2019-02-28	151.0
2019-02-27	141.0
2019-02-26	144.0
2019-02-25	148.0
2019-02-24	153.0
2019-02-23	163.0
2019-02-22	177.0
2019-02-21	199.0
2019-02-20	193.0
2019-02-19	192.0
2019-02-18	166.0
2019-02-17	150.0
2019-02-16	126.0
2019-02-15	127.0
2019-02-14	133.0
2019-02-13	140.0
2019-02-12	145.0
2019-02-11	152.0
2019-02-10	154.0
2019-02-09	143.0
2019-02-08	140.0
2019-02-07	125.0
2019-02-06	119.0
2019-02-05	118.0
2019-02-04	113.0
2019-02-03	113.0
2019-02-02	116.0
2019-02-01	119.0
2019-01-31	121.0
2019-01-30	121.0
2019-01-29	124.0
2019-01-28	124.0
2019-01-27	129.0
2019-01-26	126.0
2019-01-25	127.0
2019-01-24	129.0
2019-01-23	132.0
2019-01-22	131.0
2019-01-21	133.0
2019-01-20	136.0
2019-01-19	139.0
2019-01-18	138.0
2019-01-17	138.0
2019-01-16	140.0
2019-01-15	143.0
2019-01-14	145.0
2019-01-13	148.0
2019-01-12	150.0
2019-01-11	154.0
2019-01-10	156.0
2019-01-09	161.0
2019-01-08	171.0
2019-01-07	179.0
2019-01-06	196.0
2019-01-05	231.0
2019-01-04	238.0
2019-01-03	260.0
2019-01-02	279.0
2019-01-01	342.0
2018-12-31	321.0
2018-12-30	278.0
2018-12-29	233.0
2018-12-28	221.0
2018-12-27	172.0
2018-12-26	161.0
2018-12-25	153.0
2018-12-24	149.0
2018-12-23	153.0
2018-12-22	147.0
2018-12-21	141.0
2018-12-20	140.0
2018-12-19	141.0
2018-12-18	147.0
2018-12-17	150.0
2018-12-16	150.0
2018-12-15	150.0
2018-12-14	160.0
2018-12-13	183.0
2018-12-12	212.0
2018-12-11	234.0
2018-12-10	264.0
2018-12-09	270.0
2018-12-08	235.0
2018-12-07	205.0
2018-12-06	233.0
2018-12-05	241.0
2018-12-04	291.0
2018-12-03	267.0
2018-12-02	166.0
2018-12-01	153.0
2018-11-30	160.0
2018-11-29	158.0
2018-11-28	176.0
2018-11-27	194.0
2018-11-26	190.0
2018-11-25	220.0
2018-11-24	251.0
2018-11-23	267.0
2018-11-22	226.0
2018-11-21	182.0
2018-11-20	153.0
2018-11-19	150.0
2018-11-18	154.0
2018-11-17	147.0
2018-11-16	144.0
2018-11-15	150.0
2018-11-14	158.0
2018-11-13	178.0
2018-11-12	208.0
2018-11-11	234.0
2018-11-10	242.0
2018-11-09	178.0
2018-11-08	177.0
2018-11-07	186.0
2018-11-06	156.0
2018-11-05	158.0
2018-11-04	136.0
2018-11-03	146.0
2018-11-02	130.0
2018-11-01	131.0
2018-10-31	140.0
2018-10-30	144.0
2018-10-29	166.0
2018-10-28	168.0
2018-10-27	166.0
2018-10-26	140.0
2018-10-25	124.0
2018-10-24	130.0
2018-10-23	130.0
2018-10-22	136.0
2018-10-21	156.0
2018-10-20	146.0
2018-10-19	134.0
2018-10-18	140.0
2018-10-17	146.0
2018-10-16	116.0
2018-10-15	114.0
2018-10-14	110.0
2018-10-13	107.0
2018-10-12	108.0
2018-10-11	109.0
2018-10-10	111.0
2018-10-09	107.0
2018-10-08	111.0
2018-10-07	114.0
2018-10-06	112.0
2018-10-05	112.0
2018-10-04	114.0
2018-10-03	112.0
2018-10-02	114.0
2018-10-01	114.0
2018-09-30	112.0
2018-09-29	110.0
2018-09-28	112.0
2018-09-27	116.0
2018-09-26	120.0
2018-09-25	126.0
2018-09-24	132.0
2018-09-23	137.0
2018-09-22	130.0
2018-09-21	130.0
2018-09-20	132.0
2018-09-19	130.0
2018-09-18	132.0
2018-09-17	134.0
2018-09-16	112.0
2018-09-15	104.0
2018-09-14	104.0
2018-09-13	104.0
2018-09-12	98.0
2018-09-11	104.0
2018-09-10	106.0
2018-09-09	102.0
2018-09-08	106.0
2018-09-07	104.0
2018-09-06	104.0
2018-09-05	106.0
2018-09-04	106.0
2018-09-03	107.0
2018-09-02	108.0
2018-09-01	110.0
2018-08-31	112.0
2018-08-30	110.0
2018-08-29	111.0
2018-08-28	112.0
2018-08-27	114.0
2018-08-26	112.0
2018-08-25	114.0
2018-08-24	114.0
2018-08-23	116.0
2018-08-22	117.0
2018-08-21	118.0
2018-08-20	122.0
2018-08-19	122.0
2018-08-18	124.0
2018-08-17	116.0
2018-08-16	119.0
2018-08-15	122.0
2018-08-14	124.0
2018-08-13	130.0
2018-08-12	134.0
2018-08-11	138.0
2018-08-10	156.0
2018-08-09	152.0
2018-08-08	166.0
2018-08-07	164.0
2018-08-06	152.0
2018-08-05	134.0
2018-08-04	122.0
2018-08-03	118.0
2018-08-02	114.0
2018-08-01	112.0
2018-07-31	112.0
2018-07-30	112.0
2018-07-29	113.0
2018-07-28	114.0
2018-07-27	111.0
2018-07-26	112.0
2018-07-25	115.0
2018-07-24	112.0
2018-07-23	114.0
2018-07-22	114.0
2018-07-21	115.0
2018-07-20	115.0
2018-07-19	115.0
2018-07-18	115.0
2018-07-17	114.0
2018-07-16	116.0
2018-07-15	114.0
2018-07-14	114.0
2018-07-13	115.0
2018-07-12	115.0
2018-07-11	114.0
2018-07-10	115.0
2018-07-09	115.0
2018-07-08	116.0
2018-07-07	115.0
2018-07-06	116.0
2018-07-05	115.0
2018-07-04	116.0
2018-07-03	118.0
2018-07-02	119.0
2018-07-01	119.0
2018-06-30	119.0
2018-06-29	120.0
2018-06-28	120.0
2018-06-27	120.0
2018-06-26	120.0
2018-06-25	122.0
2018-06-24	122.0
2018-06-23	122.0
2018-06-22	123.0
2018-06-21	124.0
2018-06-20	124.0
2018-06-19	125.0
2018-06-18	126.0
2018-06-17	125.0
2018-06-16	127.0
2018-06-15	128.0
2018-06-14	129.0
2018-06-13	131.0
2018-06-12	133.0
2018-06-11	136.0
2018-06-10	130.0
2018-06-09	130.0
2018-06-08	130.0
2018-06-07	129.0
2018-06-06	128.0
2018-06-05	126.0
2018-06-04	132.0
2018-06-03	132.0
2018-06-02	133.0
2018-06-01	133.0
2018-05-31	132.0
2018-05-30	132.0
2018-05-29	132.0
2018-05-28	134.0
2018-05-27	134.0
2018-05-26	134.0
2018-05-25	136.0
2018-05-24	136.0
2018-05-23	138.0
2018-05-22	134.0
2018-05-21	136.0
2018-05-20	137.0
2018-05-19	136.0
2018-05-18	136.0
2018-05-17	136.0
2018-05-16	134.0
2018-05-15	134.0
2018-05-14	138.0
2018-05-13	138.0
2018-05-12	136.0
2018-05-11	140.0
2018-05-10	136.0
2018-05-09	136.0
2018-05-08	140.0
2018-05-07	138.0
2018-05-06	138.0
2018-05-05	142.0
2018-05-04	142.0
2018-05-03	140.0
2018-05-02	144.0
2018-05-01	146.0
2018-04-30	149.0
2018-04-29	149.0
2018-04-28	149.0
2018-04-27	150.0
2018-04-26	149.0
2018-04-25	151.0
2018-04-24	150.0
2018-04-23	151.0
2018-04-22	153.0
2018-04-21	156.0
2018-04-20	158.0
2018-04-19	157.0
2018-04-18	160.0
2018-04-17	162.0
2018-04-16	162.0
2018-04-15	164.0
2018-04-14	169.0
2018-04-13	173.0
2018-04-12	179.0
2018-04-11	186.0
2018-04-10	198.0
2018-04-09	223.0
2018-04-08	235.0
2018-04-07	258.0
2018-04-06	231.0
2018-04-05	217.0
2018-04-04	205.0
2018-04-03	168.0
2018-04-02	171.0
2018-04-01	174.0
2018-03-31	176.0
2018-03-30	184.0
2018-03-29	184.0
2018-03-28	186.0
2018-03-27	210.0
2018-03-26	240.0
2018-03-25	294.0
2018-03-24	338.0
2018-03-23	275.0
2018-03-22	240.0
2018-03-21	242.0
2018-03-20	262.0
2018-03-19	285.0
2018-03-18	298.0
2018-03-17	268.0
2018-03-16	270.0
2018-03-15	240.0
2018-03-14	294.0
2018-03-13	304.0
2018-03-12	276.0
2018-03-11	244.0
2018-03-10	246.0
2018-03-09	366.0
2018-03-08	240.0
2018-03-07	198.0
2018-03-06	196.0
2018-03-05	206.0
2018-03-04	220.0
2018-03-03	220.0
2018-03-02	228.0
2018-03-01	232.0
2018-02-28	144.0
2018-02-27	174.0
2018-02-26	188.0
2018-02-25	210.0
2018-02-24	232.0
2018-02-23	246.0
2018-02-22	201.0
2018-02-21	168.0
2018-02-20	130.0
2018-02-19	130.0
2018-02-18	128.0
2018-02-17	129.0
2018-02-16	136.0
2018-02-15	142.0
2018-02-14	146.0
2018-02-13	164.0
2018-02-12	170.0
2018-02-11	192.0
2018-02-10	198.0
2018-02-09	270.0
2018-02-08	280.0
2018-02-07	309.0
2018-02-06	356.0
2018-02-05	174.0
2018-02-04	165.0
2018-02-03	174.0
2018-02-02	185.0
2018-02-01	190.0
2018-01-31	138.0
2018-01-30	110.0
2018-01-29	104.0
2018-01-28	107.0
2018-01-27	107.0
2018-01-26	108.0
2018-01-25	110.0
2018-01-24	110.0
2018-01-23	110.0
2018-01-22	110.0
2018-01-21	109.0
2018-01-20	116.0
2018-01-19	117.0
2018-01-18	122.0
2018-01-17	128.0
2018-01-16	132.0
2018-01-15	136.0
2018-01-14	140.0
2018-01-13	132.0
2018-01-12	136.0
2018-01-11	146.0
2018-01-10	162.0
2018-01-09	196.0
2018-01-08	222.0
2018-01-07	232.0
2018-01-06	198.0
2018-01-05	176.0
2018-01-04	158.0
2018-01-03	145.0
2018-01-02	162.0
2018-01-01	175.0
2017-12-31	140.0
2017-12-30	128.0
2017-12-29	124.0
2017-12-28	124.0
2017-12-27	120.0
2017-12-26	116.0
2017-12-25	116.0
2017-12-24	120.0
2017-12-23	121.0
2017-12-22	134.0
2017-12-21	134.0
2017-12-20	158.0
2017-12-19	136.0
2017-12-18	138.0
2017-12-17	140.0
2017-12-16	148.0
2017-12-15	155.0
2017-12-14	172.0
2017-12-13	193.0
2017-12-12	186.0
2017-12-11	178.0
2017-12-10	188.0
2017-12-09	200.0
2017-12-08	238.0
2017-12-07	294.0
2017-12-06	366.0
2017-12-05	592.0
2017-12-04	272.0
2017-12-03	268.0
2017-12-02	184.0
2017-12-01	128.0
2017-11-30	132.0
2017-11-29	122.0
2017-11-28	121.0
2017-11-27	132.0
2017-11-26	141.0
2017-11-25	155.0
2017-11-24	174.0
2017-11-23	178.0
2017-11-22	172.0
2017-11-21	138.0
2017-11-20	96.0
2017-11-19	88.0
2017-11-18	91.0
2017-11-17	98.0
2017-11-16	96.0
2017-11-15	92.0
2017-11-14	92.0
2017-11-13	93.0
2017-11-12	90.0
2017-11-11	94.0
2017-11-10	93.0
2017-11-09	94.0
2017-11-08	104.0
2017-11-07	99.0
2017-11-06	94.0
2017-11-05	88.0
2017-11-04	90.0
2017-11-03	90.0
2017-11-02	96.0
2017-11-01	96.0
2017-10-31	104.0
2017-10-30	96.0
2017-10-29	94.0
2017-10-28	79.0
2017-10-27	74.0
2017-10-26	76.0
2017-10-25	73.0
2017-10-24	76.0
2017-10-23	76.0
2017-10-22	74.0
2017-10-21	75.0
2017-10-20	75.0
2017-10-19	75.0
2017-10-18	82.0
2017-10-17	83.0
2017-10-16	81.0
2017-10-15	80.0
2017-10-14	85.0
2017-10-13	87.0
2017-10-12	89.0
2017-10-11	90.0
2017-10-10	94.0
2017-10-09	99.0
2017-10-08	98.0
2017-10-07	94.0
2017-10-06	93.0
2017-10-05	94.0
2017-10-04	90.0
2017-10-03	89.0
2017-10-02	90.0
2017-10-01	86.0
2017-09-30	81.0
2017-09-29	81.0
2017-09-28	83.0
2017-09-27	81.0
2017-09-26	79.0
2017-09-25	81.0
2017-09-24	79.0
2017-09-23	82.0
2017-09-22	86.0
2017-09-21	84.0
2017-09-20	83.0
2017-09-19	85.0
2017-09-18	82.0
2017-09-17	84.0
2017-09-16	86.0
2017-09-15	85.0
2017-09-14	85.0
2017-09-13	86.0
2017-09-12	87.0
2017-09-11	88.0
2017-09-10	88.0
2017-09-09	88.0
2017-09-08	88.0
2017-09-07	90.0
2017-09-06	90.0
2017-09-05	90.0
2017-09-04	90.0
2017-09-03	90.0
2017-09-02	91.0
2017-09-01	91.0
2017-08-31	92.0
2017-08-30	93.0
2017-08-29	94.0
2017-08-28	94.0
2017-08-27	94.0
2017-08-26	95.0
2017-08-25	94.0
2017-08-24	93.0
2017-08-23	94.0
2017-08-22	95.0
2017-08-21	94.0
2017-08-20	95.0
2017-08-19	95.0
2017-08-18	96.0
2017-08-17	97.0
2017-08-16	98.0
2017-08-15	97.0
2017-08-14	97.0
2017-08-13	97.0
2017-08-12	97.0
2017-08-11	97.0
2017-08-10	98.0
2017-08-09	98.0
2017-08-08	98.0
2017-08-07	100.0
2017-08-06	100.0
2017-08-05	101.0
2017-08-04	101.0
2017-08-03	101.0
2017-08-02	100.0
2017-08-01	100.0
2017-07-31	100.0
2017-07-30	100.0
2017-07-29	100.0
2017-07-28	100.0
2017-07-27	101.0
2017-07-26	102.0
2017-07-25	102.0
2017-07-24	103.0
2017-07-23	104.0
2017-07-22	104.0
2017-07-21	105.0
2017-07-20	105.0
2017-07-19	105.0
2017-07-18	105.0
2017-07-17	105.0
2017-07-16	107.0
2017-07-15	108.0
2017-07-14	107.0
2017-07-13	107.0
2017-07-12	107.0
2017-07-11	105.0
2017-07-10	107.0
2017-07-09	106.0
2017-07-08	105.0
2017-07-07	105.0
2017-07-06	105.0
2017-07-05	106.0
2017-07-04	106.0
2017-07-03	107.0
2017-07-02	102.0
2017-07-01	108.0
2017-06-30	109.0
2017-06-29	110.0
2017-06-28	106.0
2017-06-27	106.0
2017-06-26	112.0
2017-06-25	108.0
2017-06-24	110.0
2017-06-23	112.0
2017-06-22	112.0
2017-06-21	114.0
2017-06-20	117.0
2017-06-19	123.0
2017-06-18	122.0
2017-06-17	119.0
2017-06-16	117.0
2017-06-15	124.0
2017-06-14	115.0
2017-06-13	108.0
2017-06-12	112.0
2017-06-11	108.0
2017-06-10	106.0
2017-06-09	103.0
2017-06-08	112.0
2017-06-07	111.0
2017-06-06	112.0
2017-06-05	114.0
2017-06-04	112.0
2017-06-03	117.0
2017-06-02	114.0
2017-06-01	112.0
2017-05-31	116.0
2017-05-30	115.0
2017-05-29	122.0
2017-05-28	123.0
2017-05-27	127.0
2017-05-26	128.0
2017-05-25	138.0
2017-05-24	146.0
2017-05-23	152.0
2017-05-22	125.0
2017-05-21	134.0
2017-05-20	111.0
2017-05-19	114.0
2017-05-18	108.0
2017-05-17	110.0
2017-05-16	113.0
2017-05-15	111.0
2017-05-14	110.0
2017-05-13	113.0
2017-05-12	114.0
2017-05-11	114.0
2017-05-10	114.0
2017-05-09	114.0
2017-05-08	115.0
2017-05-07	118.0
2017-05-06	116.0
2017-05-05	120.0
2017-05-04	120.0
2017-05-03	124.0
2017-05-02	126.0
2017-05-01	126.0
2017-04-30	134.0
2017-04-29	131.0
2017-04-28	121.0
2017-04-27	114.0
2017-04-26	116.0
2017-04-25	114.0
2017-04-24	117.0
2017-04-23	116.0
2017-04-22	116.0
2017-04-21	121.0
2017-04-20	119.0
2017-04-19	115.0
2017-04-18	114.0
2017-04-17	116.0
2017-04-16	116.0
2017-04-15	119.0
2017-04-14	126.0
2017-04-13	121.0
2017-04-12	114.0
2017-04-11	101.0
2017-04-10	112.0
2017-04-09	116.0
2017-04-08	116.0
2017-04-07	116.0
2017-04-06	119.0
2017-04-05	117.0
2017-04-04	120.0
2017-04-03	124.0
2017-04-02	127.0
2017-04-01	130.0
2017-03-31	127.0
2017-03-30	142.0
2017-03-29	156.0
2017-03-28	138.0
2017-03-27	123.0
2017-03-26	125.0
2017-03-25	134.0
2017-03-24	140.0
2017-03-23	145.0
2017-03-22	145.0
2017-03-21	159.0
2017-03-20	195.0
2017-03-19	119.0
2017-03-18	118.0
2017-03-17	119.0
2017-03-16	120.0
2017-03-15	125.0
2017-03-14	129.0
2017-03-13	142.0
2017-03-12	148.0
2017-03-11	146.0
2017-03-10	174.0
2017-03-09	130.0
2017-03-08	126.0
2017-03-07	126.0
2017-03-06	125.0
2017-03-05	132.0
2017-03-04	142.0
2017-03-03	144.0
2017-03-02	133.0
2017-03-01	118.0
2017-02-28	118.0
2017-02-27	116.0
2017-02-26	115.0
2017-02-25	116.0
2017-02-24	117.0
2017-02-23	121.0
2017-02-22	121.0
2017-02-21	123.0
2017-02-20	124.0
2017-02-19	123.0
2017-02-18	126.0
2017-02-17	127.0
2017-02-16	130.0
2017-02-15	130.0
2017-02-14	141.0
2017-02-13	151.0
2017-02-12	164.0
2017-02-11	177.0
2017-02-10	184.0
2017-02-09	197.0
2017-02-08	170.0
2017-02-07	159.0
2017-02-06	145.0
2017-02-05	138.0
2017-02-04	136.0
2017-02-03	126.0
2017-02-02	124.0
2017-02-01	128.0
2017-01-31	128.0
2017-01-30	121.0
2017-01-29	120.0
2017-01-28	124.0
2017-01-27	126.0
2017-01-26	128.0
2017-01-25	128.0
2017-01-24	128.0
2017-01-23	128.0
2017-01-22	136.0
2017-01-21	144.0
2017-01-20	155.0
2017-01-19	160.0
2017-01-18	174.0
2017-01-17	188.0
2017-01-16	208.0
2017-01-15	184.0
2017-01-14	152.0
2017-01-13	148.0
2017-01-12	142.0
2017-01-11	143.0
2017-01-10	132.0
2017-01-09	138.0
2017-01-08	136.0
2017-01-07	138.0
2017-01-06	137.0
2017-01-05	135.0
2017-01-04	142.0
2017-01-03	142.0
2017-01-02	143.0
2017-01-01	151.0
2016-12-31	151.0
2016-12-30	158.0
2016-12-29	162.0
2016-12-28	175.0
2016-12-27	176.0
2016-12-26	167.0
2016-12-25	167.0
2016-12-24	175.0
2016-12-23	190.0
2016-12-22	198.0
2016-12-21	205.0
2016-12-20	244.0
2016-12-19	271.0
2016-12-18	310.0
2016-12-17	390.0
2016-12-16	430.0
2016-12-15	386.0
2016-12-14	268.0
2016-12-13	261.0
2016-12-12	304.0
2016-12-11	249.0
2016-12-10	177.0
2016-12-09	168.0
2016-12-08	176.0
2016-12-07	203.0
2016-12-06	232.0
2016-12-05	195.0
2016-12-04	175.0
2016-12-03	201.0
2016-12-02	171.0
2016-12-01	201.0
2016-11-30	214.0
2016-11-29	130.0
2016-11-28	142.0
2016-11-27	172.0
2016-11-26	176.0
2016-11-25	171.0
2016-11-24	172.0
2016-11-23	142.0
2016-11-22	138.0
2016-11-21	152.0
2016-11-20	172.0
2016-11-19	192.0
2016-11-18	240.0
2016-11-17	242.0
2016-11-16	216.0
2016-11-15	172.0
2016-11-14	118.0
2016-11-13	107.0
2016-11-12	110.0
2016-11-11	110.0
2016-11-10	134.0
2016-11-09	112.0
2016-11-08	98.0
2016-11-07	94.0
2016-11-06	98.0
2016-11-05	93.0
2016-11-04	94.0
2016-11-03	93.0
2016-11-02	98.0
2016-11-01	96.0
2016-10-31	107.0
2016-10-30	106.0
2016-10-29	109.0
2016-10-28	104.0
2016-10-27	105.0
2016-10-26	111.0
2016-10-25	108.0
2016-10-24	105.0
2016-10-23	97.0
2016-10-22	104.0
2016-10-21	94.0
2016-10-20	103.0
2016-10-19	106.0
2016-10-18	100.0
2016-10-17	102.0
2016-10-16	105.0
2016-10-15	97.0
2016-10-14	104.0
2016-10-13	106.0
2016-10-12	110.0
2016-10-11	112.0
2016-10-10	115.0
2016-10-09	119.0
2016-10-08	124.0
2016-10-07	126.0
2016-10-06	109.0
2016-10-05	109.0
2016-10-04	100.0
2016-10-03	101.0
2016-10-02	108.0
2016-10-01	116.0
2016-09-30	115.0
2016-09-29	123.0
2016-09-28	134.0
2016-09-27	134.0
2016-09-26	114.0
2016-09-25	105.0
2016-09-24	96.0
2016-09-23	92.0
2016-09-22	97.0
2016-09-21	97.0
2016-09-20	93.0
2016-09-19	92.0
2016-09-18	92.0
2016-09-17	93.0
2016-09-16	91.0
2016-09-15	95.0
2016-09-14	95.0
2016-09-13	98.0
2016-09-12	100.0
2016-09-11	102.0
2016-09-10	94.0
2016-09-09	95.0
2016-09-08	99.0
2016-09-07	100.0
2016-09-06	102.0
2016-09-05	96.0
2016-09-04	97.0
2016-09-03	92.0
2016-09-02	96.0
2016-09-01	97.0
2016-08-31	97.0
2016-08-30	99.0
2016-08-29	102.0
2016-08-28	108.0
2016-08-27	101.0
2016-08-26	102.0
2016-08-25	104.0
2016-08-24	106.0
2016-08-23	105.0
2016-08-22	106.0
2016-08-21	107.0
2016-08-20	108.0
2016-08-19	110.0
2016-08-18	108.0
2016-08-17	107.0
2016-08-16	106.0
2016-08-15	105.0
2016-08-14	108.0
2016-08-13	107.0
2016-08-12	106.0
2016-08-11	106.0
2016-08-10	106.0
2016-08-09	108.0
2016-08-08	106.0
2016-08-07	108.0
2016-08-06	110.0
2016-08-05	108.0
2016-08-04	109.0
2016-08-03	110.0
2016-08-02	110.0
2016-08-01	109.0
2016-07-31	110.0
2016-07-30	111.0
2016-07-29	112.0
2016-07-28	112.0
2016-07-27	112.0
2016-07-26	112.0
2016-07-25	112.0
2016-07-24	113.0
2016-07-23	113.0
2016-07-22	111.0
2016-07-21	113.0
2016-07-20	112.0
2016-07-19	111.0
2016-07-18	112.0
2016-07-17	113.0
2016-07-16	113.0
2016-07-15	113.0
2016-07-14	113.0
2016-07-13	112.0
2016-07-12	114.0
2016-07-11	114.0
2016-07-10	116.0
2016-07-09	116.0
2016-07-08	117.0
2016-07-07	116.0
2016-07-06	117.0
2016-07-05	118.0
2016-07-04	118.0
2016-07-03	118.0
2016-07-02	126.0
2016-07-01	132.0
2016-06-30	124.0
2016-06-29	108.0
2016-06-28	105.0
2016-06-27	120.0
2016-06-26	124.0
2016-06-25	123.0
2016-06-24	121.0
2016-06-23	121.0
2016-06-22	121.0
2016-06-21	124.0
2016-06-20	121.0
2016-06-19	122.0
2016-06-18	123.0
2016-06-17	124.0
2016-06-16	126.0
2016-06-15	128.0
2016-06-14	131.0
2016-06-13	133.0
2016-06-12	139.0
2016-06-11	136.0
2016-06-10	135.0
2016-06-09	145.0
2016-06-08	144.0
2016-06-07	149.0
2016-06-06	163.0
2016-06-05	170.0
2016-06-04	157.0
2016-06-03	136.0
2016-06-02	127.0
2016-06-01	124.0
2016-05-31	125.0
2016-05-30	124.0
2016-05-29	125.0
2016-05-28	125.0
2016-05-27	125.0
2016-05-26	124.0
2016-05-25	126.0
2016-05-24	130.0
2016-05-23	131.0
2016-05-22	130.0
2016-05-21	130.0
2016-05-20	126.0
2016-05-19	126.0
2016-05-18	127.0
2016-05-17	126.0
2016-05-16	125.0
2016-05-15	127.0
2016-05-14	126.0
2016-05-13	128.0
2016-05-12	127.0
2016-05-11	128.0
2016-05-10	130.0
2016-05-09	130.0
2016-05-08	132.0
2016-05-07	131.0
2016-05-06	135.0
2016-05-05	138.0
2016-05-04	144.0
2016-05-03	152.0
2016-05-02	162.0
2016-05-01	156.0
2016-04-30	151.0
2016-04-29	127.0
2016-04-28	122.0
2016-04-27	123.0
2016-04-26	124.0
2016-04-25	123.0
2016-04-24	121.0
2016-04-23	123.0
2016-04-22	125.0
2016-04-21	126.0
2016-04-20	127.0
2016-04-19	127.0
2016-04-18	128.0
2016-04-17	127.0
2016-04-16	127.0
2016-04-15	129.0
2016-04-14	129.0
2016-04-13	132.0
2016-04-12	132.0
2016-04-11	135.0
2016-04-10	137.0
2016-04-09	136.0
2016-04-08	137.0
2016-04-07	139.0
2016-04-06	143.0
2016-04-05	142.0
2016-04-04	147.0
2016-04-03	150.0
2016-04-02	151.0
2016-04-01	154.0
2016-03-31	158.0
2016-03-30	170.0
2016-03-29	172.0
2016-03-28	182.0
2016-03-27	176.0
2016-03-26	164.0
2016-03-25	155.0
2016-03-24	160.0
2016-03-23	166.0
2016-03-22	169.0
2016-03-21	176.0
2016-03-20	160.0
2016-03-19	170.0
2016-03-18	192.0
2016-03-17	223.0
2016-03-16	219.0
2016-03-15	208.0
2016-03-14	176.0
2016-03-13	176.0
2016-03-12	174.0
2016-03-11	164.0
2016-03-10	164.0
2016-03-09	172.0
2016-03-08	192.0
2016-03-07	198.0
2016-03-06	274.0
2016-03-05	188.0
2016-03-04	178.0
2016-03-03	216.0
2016-03-02	215.0
2016-03-01	173.0
2016-02-29	168.0
2016-02-28	155.0
2016-02-27	156.0
2016-02-26	154.0
2016-02-25	158.0
2016-02-24	163.0
2016-02-23	174.0
2016-02-22	200.0
2016-02-21	208.0
2016-02-20	206.0
2016-02-19	168.0
2016-02-18	166.0
2016-02-17	171.0
2016-02-16	173.0
2016-02-15	183.0
2016-02-14	208.0
2016-02-13	163.0
2016-02-12	160.0
2016-02-11	164.0
2016-02-10	161.0
2016-02-09	162.0
2016-02-08	165.0
2016-02-07	169.0
2016-02-06	174.0
2016-02-05	179.0
2016-02-04	184.0
2016-02-03	194.0
2016-02-02	205.0
2016-02-01	230.0
2016-01-31	251.0
2016-01-30	249.0
2016-01-29	252.0
2016-01-28	275.0
2016-01-27	248.0
2016-01-26	254.0
2016-01-25	288.0
2016-01-24	374.0
2016-01-23	360.0
2016-01-22	316.0
2016-01-21	322.0
2016-01-20	402.0
2016-01-19	404.0
2016-01-18	424.0
2016-01-17	306.0
2016-01-16	242.0
2016-01-15	202.0
2016-01-14	191.0
2016-01-13	188.0
2016-01-12	134.0
2016-01-11	136.0
2016-01-10	136.0
2016-01-09	142.0
2016-01-08	166.0
2016-01-07	194.0
2016-01-06	172.0
2016-01-05	208.0
2016-01-04	160.0
2016-01-03	133.0
2016-01-02	129.0
2016-01-01	126.0
2015-12-31	126.0
2015-12-30	126.0
2015-12-29	130.0
2015-12-28	134.0
2015-12-27	132.0
2015-12-26	138.0
2015-12-25	161.0
2015-12-24	144.0
2015-12-23	147.0
2015-12-22	148.0
2015-12-21	143.0
2015-12-20	142.0
2015-12-19	142.0
2015-12-18	151.0
2015-12-17	153.0
2015-12-16	172.0
2015-12-15	188.0
2015-12-14	219.0
2015-12-13	238.0
2015-12-12	236.0
2015-12-11	256.0
2015-12-10	316.0
2015-12-09	335.0
2015-12-08	249.0
2015-12-07	296.0
2015-12-06	304.0
2015-12-05	240.0
2015-12-04	190.0
2015-12-03	167.0
2015-12-02	162.0
2015-12-01	154.0
2015-11-30	148.0
2015-11-29	122.0
2015-11-28	131.0
2015-11-27	142.0
2015-11-26	138.0
2015-11-25	155.0
2015-11-24	168.0
2015-11-23	174.0
2015-11-22	168.0
2015-11-21	170.0
2015-11-20	184.0
2015-11-19	154.0
2015-11-18	142.0
2015-11-17	157.0
2015-11-16	128.0
2015-11-15	118.0
2015-11-14	112.0
2015-11-13	109.0
2015-11-12	111.0
2015-11-11	113.0
2015-11-10	114.0
2015-11-09	144.0
2015-11-08	182.0
2015-11-07	176.0
2015-11-06	298.0
2015-11-05	92.0
2015-11-04	92.0
2015-11-03	94.0
2015-11-02	90.0
2015-11-01	84.0
2015-10-31	85.0
2015-10-30	92.0
2015-10-29	96.0
2015-10-28	97.0
2015-10-27	97.0
2015-10-26	95.0
2015-10-25	85.0
2015-10-24	80.0
2015-10-23	78.0
2015-10-22	81.0
2015-10-21	79.0
2015-10-20	79.0
2015-10-19	75.0
2015-10-18	75.0
2015-10-17	78.0
2015-10-16	76.0
2015-10-15	78.0
2015-10-14	82.0
2015-10-13	85.0
2015-10-12	91.0
2015-10-11	114.0
2015-10-10	129.0
2015-10-09	88.0
2015-10-08	79.0
2015-10-07	74.0
2015-10-06	79.0
2015-10-05	83.0
2015-10-04	84.0
2015-10-03	85.0
2015-10-02	90.0
2015-10-01	88.0
2015-09-30	90.0
2015-09-29	94.0
2015-09-28	92.0
2015-09-27	90.0
2015-09-26	88.0
2015-09-25	130.0
2015-09-24	102.0
2015-09-23	94.0
2015-09-22	90.0
2015-09-21	90.0
2015-09-20	92.0
2015-09-19	96.0
2015-09-18	101.0
2015-09-17	101.0
2015-09-16	104.0
2015-09-15	118.0
2015-09-14	130.0
2015-09-13	146.0
2015-09-12	132.0
2015-09-11	142.0
2015-09-10	152.0
2015-09-09	152.0
2015-09-08	142.0
2015-09-07	110.0
2015-09-06	96.0
2015-09-05	94.0
2015-09-04	98.0
2015-09-03	101.0
2015-09-02	95.0
2015-09-01	104.0
2015-08-31	101.0
2015-08-30	102.0
2015-08-29	124.0
2015-08-28	99.0
2015-08-27	90.0
2015-08-26	92.0
2015-08-25	96.0
2015-08-24	98.0
2015-08-23	98.0
2015-08-22	91.0
2015-08-21	92.0
2015-08-20	91.0
2015-08-19	90.0
2015-08-18	88.0
2015-08-17	91.0
2015-08-16	94.0
2015-08-15	86.0
2015-08-14	84.0
2015-08-13	80.0
2015-08-12	82.0
2015-08-11	84.0
2015-08-10	93.0
2015-08-09	94.0
2015-08-08	101.0
2015-08-07	100.0
2015-08-06	104.0
2015-08-05	100.0
2015-08-04	92.0
2015-08-03	88.0
2015-08-02	96.0
2015-08-01	104.0
2015-07-31	106.0
2015-07-30	108.0
2015-07-29	112.0
2015-07-28	139.0
2015-07-27	118.0
2015-07-26	103.0
2015-07-25	98.0
2015-07-24	98.0
2015-07-23	96.0
2015-07-22	101.0
2015-07-21	102.0
2015-07-20	100.0
2015-07-19	98.0
2015-07-18	92.0
2015-07-17	96.0
2015-07-16	100.0
2015-07-15	101.0
2015-07-14	102.0
2015-07-13	106.0
2015-07-12	117.0
2015-07-11	124.0
2015-07-10	124.0
2015-07-09	110.0
2015-07-08	103.0
2015-07-07	99.0
2015-07-06	94.0
2015-07-05	98.0
2015-07-04	96.0
2015-07-03	101.0
2015-07-02	106.0
2015-07-01	102.0
2015-06-30	106.0
2015-06-29	105.0
2015-06-28	106.0
2015-06-27	102.0
2015-06-26	105.0
2015-06-25	112.0
2015-06-24	124.0
2015-06-23	130.0
2015-06-22	125.0
2015-06-21	106.0
2015-06-20	98.0
2015-06-19	94.0
2015-06-18	96.0
2015-06-17	101.0
2015-06-16	101.0
2015-06-15	102.0
2015-06-14	106.0
2015-06-13	107.0
2015-06-12	108.0
2015-06-11	114.0
2015-06-10	116.0
2015-06-09	114.0
2015-06-08	116.0
2015-06-07	118.0
2015-06-06	118.0
2015-06-05	122.0
2015-06-04	123.0
2015-06-03	124.0
2015-06-02	120.0
2015-06-01	122.0
2015-05-31	122.0
2015-05-30	118.0
2015-05-29	113.0
2015-05-28	106.0
2015-05-27	101.0
2015-05-26	102.0
2015-05-25	106.0
2015-05-24	110.0
2015-05-23	108.0
2015-05-22	112.0
2015-05-21	111.0
2015-05-20	112.0
2015-05-19	120.0
2015-05-18	128.0
2015-05-17	126.0
2015-05-16	134.0
2015-05-15	132.0
2015-05-14	139.0
2015-05-13	138.0
2015-05-12	146.0
2015-05-11	149.0
2015-05-10	151.0
2015-05-09	164.0
2015-05-08	150.0
2015-05-07	142.0
2015-05-06	132.0
2015-05-05	120.0
2015-05-04	122.0
2015-05-03	118.0
2015-05-02	117.0
2015-05-01	118.0
2015-04-30	120.0
2015-04-29	119.0
2015-04-28	119.0
2015-04-27	124.0
2015-04-26	126.0
2015-04-25	129.0
2015-04-24	133.0
2015-04-23	136.0
2015-04-22	117.0
2015-04-21	119.0
2015-04-20	120.0
2015-04-19	133.0
2015-04-18	139.0
2015-04-17	136.0
2015-04-16	123.0
2015-04-15	129.0
2015-04-14	129.0
2015-04-13	119.0
2015-04-12	135.0
2015-04-11	139.0
2015-04-10	129.0
2015-04-09	132.0
2015-04-08	137.0
2015-04-07	132.0
2015-04-06	139.0
2015-04-05	160.0
2015-04-04	168.0
2015-04-03	194.0
2015-04-02	184.0
2015-04-01	145.0
2015-03-31	124.0
2015-03-30	131.0
2015-03-29	138.0
2015-03-28	164.0
2015-03-27	196.0
2015-03-26	212.0
2015-03-25	220.0
2015-03-24	238.0
2015-03-23	141.0
2015-03-22	130.0
2015-03-21	124.0
2015-03-20	112.0
2015-03-19	128.0
2015-03-18	134.0
2015-03-17	142.0
2015-03-16	164.0
2015-03-15	160.0
2015-03-14	188.0
2015-03-13	202.0
2015-03-12	181.0
2015-03-11	139.0
2015-03-10	128.0
2015-03-09	124.0
2015-03-08	124.0
2015-03-07	112.0
2015-03-06	114.0
2015-03-05	120.0
2015-03-04	122.0
2015-03-03	128.0
2015-03-02	130.0
2015-03-01	120.0
2015-02-28	136.0
2015-02-27	112.0
2015-02-26	102.0
2015-02-25	102.0
2015-02-24	120.0
2015-02-23	127.0
2015-02-22	131.0
2015-02-21	127.0
2015-02-20	122.0
2015-02-19	124.0
2015-02-18	118.0
2015-02-17	120.0
2015-02-16	130.0
2015-02-15	162.0
2015-02-14	196.0
2015-02-13	210.0
2015-02-12	222.0
2015-02-11	260.0
2015-02-10	191.0
2015-02-09	165.0
2015-02-08	168.0
2015-02-07	172.0
2015-02-06	136.0
2015-02-05	120.0
2015-02-04	125.0
2015-02-03	98.0
2015-02-02	94.0
2015-02-01	104.0
2015-01-31	111.0
2015-01-30	112.0
2015-01-29	120.0
2015-01-28	124.0
2015-01-27	130.0
2015-01-26	94.0
2015-01-25	96.0
2015-01-24	88.0
2015-01-23	88.0
2015-01-22	94.0
2015-01-21	82.0
2015-01-20	76.0
2015-01-19	74.0
2015-01-18	80.0
2015-01-17	91.0
2015-01-16	92.0
2015-01-15	96.0
2015-01-14	101.0
2015-01-13	102.0
2015-01-12	104.0
2015-01-11	112.0
2015-01-10	114.0
2015-01-09	121.0
2015-01-08	124.0
2015-01-07	126.0
2015-01-06	134.0
2015-01-05	131.0
2015-01-04	114.0
2015-01-03	111.0
2015-01-02	108.0
2015-01-01	110.0
2014-12-31	110.0
2014-12-30	113.0
2014-12-29	114.0
2014-12-28	122.0
2014-12-27	125.0
2014-12-26	130.0
2014-12-25	131.0
2014-12-24	145.0
2014-12-23	142.0
2014-12-22	128.0
2014-12-21	136.0
2014-12-20	145.0
2014-12-19	161.0
2014-12-18	178.0
2014-12-17	207.0
2014-12-16	184.0
2014-12-15	170.0
2014-12-14	130.0
2014-12-13	119.0
2014-12-12	125.0
2014-12-11	139.0
2014-12-10	154.0
2014-12-09	181.0
2014-12-08	218.0
2014-12-07	226.0
2014-12-06	184.0
2014-12-05	154.0
2014-12-04	164.0
2014-12-03	195.0
2014-12-02	237.0
2014-12-01	278.0
2014-11-30	301.0
2014-11-29	222.0
2014-11-28	168.0
2014-11-27	120.0
2014-11-26	105.0
2014-11-25	108.0
2014-11-24	102.0
2014-11-23	98.0
2014-11-22	102.0
2014-11-21	108.0
2014-11-20	110.0
2014-11-19	110.0
2014-11-18	116.0
2014-11-17	125.0
2014-11-16	120.0
2014-11-15	110.0
2014-11-14	110.0
2014-11-13	116.0
2014-11-12	118.0
2014-11-11	105.0
2014-11-10	89.0
2014-11-09	92.0
2014-11-08	95.0
2014-11-07	96.0
2014-11-06	112.0
2014-11-05	100.0
2014-11-04	93.0
2014-11-03	100.0
2014-11-02	100.0
2014-11-01	103.0
2014-10-31	106.0
2014-10-30	122.0
2014-10-29	115.0
2014-10-28	106.0
2014-10-27	99.0
2014-10-26	94.0
2014-10-25	90.0
2014-10-24	91.0
2014-10-23	100.0
2014-10-22	109.0
2014-10-21	90.0
2014-10-20	83.0
2014-10-19	79.0
2014-10-18	79.0
2014-10-17	84.0
2014-10-16	85.0
2014-10-15	86.0
2014-10-14	90.0
2014-10-13	92.0
2014-10-12	96.0
2014-10-11	100.0
2014-10-10	103.0
2014-10-09	98.0
2014-10-08	96.0
2014-10-07	94.0
2014-10-06	96.0
2014-10-05	94.0
2014-10-04	88.0
2014-10-03	89.0
2014-10-02	91.0
2014-10-01	96.0
2014-09-30	98.0
2014-09-29	86.0
2014-09-28	80.0
2014-09-27	76.0
2014-09-26	82.0
2014-09-25	86.0
2014-09-24	94.0
2014-09-23	92.0
2014-09-22	95.0
2014-09-21	100.0
2014-09-20	102.0
2014-09-19	97.0
2014-09-18	94.0
2014-09-17	92.0
2014-09-16	94.0
2014-09-15	96.0
2014-09-14	99.0
2014-09-13	101.0
2014-09-12	95.0
2014-09-11	95.0
2014-09-10	100.0
2014-09-09	106.0
2014-09-08	104.0
2014-09-07	105.0
2014-09-06	106.0
2014-09-05	105.0
2014-09-04	106.0
2014-09-03	102.0
2014-09-02	104.0
2014-09-01	112.0
2014-08-31	104.0
2014-08-30	113.0
2014-08-29	103.0
2014-08-28	96.0
2014-08-27	100.0
2014-08-26	102.0
2014-08-25	105.0
2014-08-24	101.0
2014-08-23	104.0
2014-08-22	104.0
2014-08-21	102.0
2014-08-20	101.0
2014-08-19	102.0
2014-08-18	102.0
2014-08-17	103.0
2014-08-16	107.0
2014-08-15	101.0
2014-08-14	104.0
2014-08-13	102.0
2014-08-12	104.0
2014-08-11	103.0
2014-08-10	107.0
2014-08-09	106.0
2014-08-08	110.0
2014-08-07	116.0
2014-08-06	114.0
2014-08-05	112.0
2014-08-04	112.0
2014-08-03	132.0
2014-08-02	119.0
2014-08-01	121.0
2014-07-31	127.0
2014-07-30	133.0
2014-07-29	112.0
2014-07-28	130.0
2014-07-27	120.0
2014-07-26	114.0
2014-07-25	107.0
2014-07-24	106.0
2014-07-23	106.0
2014-07-22	110.0
2014-07-21	102.0
2014-07-20	104.0
2014-07-19	104.0
2014-07-18	108.0
2014-07-17	109.0
2014-07-16	113.0
2014-07-15	109.0
2014-07-14	120.0
2014-07-13	132.0
2014-07-12	113.0
2014-07-11	112.0
2014-07-10	98.0
2014-07-09	96.0
2014-07-08	105.0
2014-07-07	108.0
2014-07-06	105.0
2014-07-05	103.0
2014-07-04	106.0
2014-07-03	116.0
2014-07-02	110.0
2014-07-01	111.0
2014-06-30	103.0
2014-06-29	97.0
2014-06-28	94.0
2014-06-27	103.0
2014-06-26	112.0
2014-06-25	109.0
2014-06-24	104.0
2014-06-23	103.0
2014-06-22	111.0
2014-06-21	112.0
2014-06-20	117.0
2014-06-19	120.0
2014-06-18	114.0
2014-06-17	116.0
2014-06-16	122.0
2014-06-15	121.0
2014-06-14	114.0
2014-06-13	118.0
2014-06-12	119.0
2014-06-11	118.0
2014-06-10	118.0
2014-06-09	117.0
2014-06-08	116.0
2014-06-07	119.0
2014-06-06	117.0
2014-06-05	119.0
2014-06-04	117.0
2014-06-03	122.0
2014-06-02	121.0
2014-06-01	115.0
2014-05-31	114.0
2014-05-30	119.0
2014-05-29	119.0
2014-05-28	124.0
2014-05-27	120.0
2014-05-26	116.0
2014-05-25	114.0
2014-05-24	119.0
2014-05-23	116.0
2014-05-22	116.0
2014-05-21	113.0
2014-05-20	119.0
2014-05-19	123.0
2014-05-18	120.0
2014-05-17	119.0
2014-05-16	112.0
2014-05-15	118.0
2014-05-14	120.0
2014-05-13	110.0
2014-05-12	111.0
2014-05-11	119.0
2014-05-10	119.0
2014-05-09	121.0
2014-05-08	115.0
2014-05-07	113.0
2014-05-06	114.0
2014-05-05	115.0
2014-05-04	122.0
2014-05-03	127.0
2014-05-02	130.0
2014-05-01	130.0
2014-04-30	129.0
2014-04-29	134.0
2014-04-28	134.0
2014-04-27	143.0
2014-04-26	144.0
2014-04-25	136.0
2014-04-24	138.0
2014-04-23	132.0
2014-04-22	150.0
2014-04-21	135.0
2014-04-20	127.0
2014-04-19	130.0
2014-04-18	135.0
2014-04-17	138.0
2014-04-16	141.0
2014-04-15	134.0
2014-04-14	136.0
2014-04-13	134.0
2014-04-12	132.0
2014-04-11	136.0
2014-04-10	149.0
2014-04-09	147.0
2014-04-08	146.0
2014-04-07	156.0
2014-04-06	177.0
2014-04-05	182.0
2014-04-04	158.0
2014-04-03	152.0
2014-04-02	132.0
2014-04-01	127.0
2014-03-31	132.0
2014-03-30	133.0
2014-03-29	140.0
2014-03-28	142.0
2014-03-27	152.0
2014-03-26	171.0
2014-03-25	140.0
2014-03-24	146.0
2014-03-23	160.0
2014-03-22	130.0
2014-03-21	126.0
2014-03-20	125.0
2014-03-19	130.0
2014-03-18	134.0
2014-03-17	144.0
2014-03-16	147.0
2014-03-15	144.0
2014-03-14	140.0
2014-03-13	154.0
2014-03-12	182.0
2014-03-11	217.0
2014-03-10	267.0
2014-03-09	249.0
2014-03-08	177.0
2014-03-07	149.0
2014-03-06	139.0
2014-03-05	148.0
2014-03-04	129.0
2014-03-03	126.0
2014-03-02	126.0
2014-03-01	123.0
2014-02-28	123.0
2014-02-27	121.0
2014-02-26	125.0
2014-02-25	125.0
2014-02-24	128.0
2014-02-23	132.0
2014-02-22	142.0
2014-02-21	148.0
2014-02-20	154.0
2014-02-19	144.0
2014-02-18	126.0
2014-02-17	123.0
2014-02-16	103.0
2014-02-15	93.0
2014-02-14	98.0
2014-02-13	110.0
2014-02-12	120.0
2014-02-11	119.0
2014-02-10	126.0
2014-02-09	128.0
2014-02-08	131.0
2014-02-07	134.0
2014-02-06	142.0
2014-02-05	145.0
2014-02-04	146.0
2014-02-03	130.0
2014-02-02	130.0
2014-02-01	136.0
2014-01-31	138.0
2014-01-30	138.0
2014-01-29	137.0
2014-01-28	133.0
2014-01-27	141.0
2014-01-26	147.0
2014-01-25	152.0
2014-01-24	154.0
2014-01-23	168.0
2014-01-22	154.0
2014-01-21	140.0
2014-01-20	141.0
2014-01-19	145.0
2014-01-18	141.0
2014-01-17	136.0
2014-01-16	130.0
2014-01-15	134.0
2014-01-14	139.0
2014-01-13	143.0
2014-01-12	153.0
2014-01-11	157.0
2014-01-10	166.0
2014-01-09	166.0
2014-01-08	170.0
2014-01-07	173.0
2014-01-06	178.0
2014-01-05	190.0
2014-01-04	195.0
2014-01-03	198.0
2014-01-02	202.0
2014-01-01	214.0
2013-12-31	232.0
2013-12-30	241.0
2013-12-29	253.0
2013-12-28	276.0
2013-12-27	295.0
2013-12-26	326.0
2013-12-25	348.0
2013-12-24	332.0
2013-12-23	330.0
2013-12-22	282.0
2013-12-21	198.0
2013-12-20	198.0
2013-12-19	193.0
2013-12-18	203.0
2013-12-17	202.0
2013-12-16	211.0
2013-12-15	242.0
2013-12-14	304.0
2013-12-13	316.0
2013-12-12	272.0
2013-12-11	208.0
2013-12-10	218.0
2013-12-09	235.0
2013-12-08	218.0
2013-12-07	214.0
2013-12-06	268.0
2013-12-05	304.0
2013-12-04	370.0
2013-12-03	282.0
2013-12-02	228.0
2013-12-01	205.0
2013-11-30	194.0
2013-11-29	198.0
2013-11-28	194.0
2013-11-27	139.0
2013-11-26	128.0
2013-11-25	125.0
2013-11-24	122.0
2013-11-23	122.0
2013-11-22	118.0
2013-11-21	115.0
2013-11-20	118.0
2013-11-19	122.0
2013-11-18	127.0
2013-11-17	136.0
2013-11-16	142.0
2013-11-15	156.0
2013-11-14	175.0
2013-11-13	142.0
2013-11-12	132.0
2013-11-11	135.0
2013-11-10	181.0
2013-11-09	172.0
2013-11-08	126.0
2013-11-07	120.0
2013-11-06	116.0
2013-11-05	114.0
2013-11-04	116.0
2013-11-03	118.0
2013-11-02	119.0
2013-11-01	118.0
2013-10-31	123.0
2013-10-30	127.0
2013-10-29	130.0
2013-10-28	130.0
2013-10-27	130.0
2013-10-26	127.0
2013-10-25	131.0
2013-10-24	136.0
2013-10-23	136.0
2013-10-22	141.0
2013-10-21	153.0
2013-10-20	141.0
2013-10-19	129.0
2013-10-18	125.0
2013-10-17	122.0
2013-10-16	125.0
2013-10-15	125.0
2013-10-14	134.0
2013-10-13	149.0
2013-10-12	154.0
2013-10-11	150.0
2013-10-10	158.0
2013-10-09	164.0
2013-10-08	170.0
2013-10-07	179.0
2013-10-06	184.0
2013-10-05	196.0
2013-10-04	144.0
2013-10-03	144.0
2013-10-02	144.0
2013-10-01	142.0
2013-09-30	146.0
2013-09-29	156.0
2013-09-28	156.0
2013-09-27	128.0
2013-09-26	122.0
2013-09-25	118.0
2013-09-24	112.0
2013-09-23	116.0
2013-09-22	120.0
2013-09-21	123.0
2013-09-20	126.0
2013-09-19	126.0
2013-09-18	128.0
2013-09-17	125.0
2013-09-16	125.0
2013-09-15	123.0
2013-09-14	127.0
2013-09-13	128.0
2013-09-12	133.0
2013-09-11	141.0
2013-09-10	146.0
2013-09-09	152.0
2013-09-08	144.0
2013-09-07	131.0
2013-09-06	126.0
2013-09-05	122.0
2013-09-04	123.0
2013-09-03	127.0
2013-09-02	126.0
2013-09-01	126.0
2013-08-31	128.0
2013-08-30	127.0
2013-08-29	128.0
2013-08-28	126.0
2013-08-27	128.0
2013-08-26	132.0
2013-08-25	126.0
2013-08-24	130.0
2013-08-23	130.0
2013-08-22	134.0
2013-08-21	140.0
2013-08-20	131.0
2013-08-19	130.0
2013-08-18	132.0
2013-08-17	127.0
2013-08-16	125.0
2013-08-15	128.0
2013-08-14	126.0
2013-08-13	127.0
2013-08-12	127.0
2013-08-11	130.0
2013-08-10	132.0
2013-08-09	130.0
2013-08-08	130.0
2013-08-07	132.0
2013-08-06	134.0
2013-08-05	133.0
2013-08-04	137.0
2013-08-03	138.0
2013-08-02	137.0
2013-08-01	150.0
2013-07-31	146.0
2013-07-30	138.0
2013-07-29	135.0
2013-07-28	132.0
2013-07-27	128.0
2013-07-26	123.0
2013-07-25	125.0
2013-07-24	131.0
2013-07-23	134.0
2013-07-22	139.0
2013-07-21	146.0
2013-07-20	153.0
2013-07-19	163.0
2013-07-18	156.0
2013-07-17	150.0
2013-07-16	140.0
2013-07-15	140.0
2013-07-14	140.0
2013-07-13	144.0
2013-07-12	144.0
2013-07-11	145.0
2013-07-10	143.0
2013-07-09	145.0
2013-07-08	151.0
2013-07-07	155.0
2013-07-06	158.0
2013-07-05	161.0
2013-07-04	159.0
2013-07-03	151.0
2013-07-02	143.0
2013-07-01	142.0
2013-06-30	149.0
2013-06-29	152.0
2013-06-28	150.0
2013-06-27	156.0
2013-06-26	151.0
2013-06-25	150.0
2013-06-24	150.0
2013-06-23	151.0
2013-06-22	150.0
2013-06-21	152.0
2013-06-20	158.0
2013-06-19	161.0
2013-06-18	163.0
2013-06-17	170.0
2013-06-16	165.0
2013-06-15	159.0
2013-06-14	157.0
2013-06-13	156.0
2013-06-12	164.0
2013-06-11	156.0
2013-06-10	167.0
2013-06-09	166.0
2013-06-08	180.0
2013-06-07	194.0
2013-06-06	200.0
2013-06-05	204.0
2013-06-04	182.0
2013-06-03	165.0
2013-06-02	186.0
2013-06-01	202.0
2013-05-31	209.0
2013-05-30	198.0
2013-05-29	176.0
2013-05-28	172.0
2013-05-27	187.0
2013-05-26	174.0
2013-05-25	171.0
2013-05-24	170.0
2013-05-23	167.0
2013-05-22	163.0
2013-05-21	158.0
2013-05-20	170.0
2013-05-19	158.0
2013-05-18	156.0
2013-05-17	158.0
2013-05-16	156.0
2013-05-15	160.0
2013-05-14	154.0
2013-05-13	160.0
2013-05-12	156.0
2013-05-11	162.0
2013-05-10	166.0
2013-05-09	162.0
2013-05-08	166.0
2013-05-07	160.0
2013-05-06	162.0
2013-05-05	162.0
2013-05-04	166.0
2013-05-03	165.0
2013-05-02	164.0
2013-05-01	170.0
2013-04-30	166.0
2013-04-29	168.0
2013-04-28	178.0
2013-04-27	183.0
2013-04-26	178.0
2013-04-25	170.0
2013-04-24	184.0
2013-04-23	166.0
2013-04-22	177.0
2013-04-21	180.0
2013-04-20	180.0
2013-04-19	187.0
2013-04-18	196.0
2013-04-17	209.0
2013-04-16	222.0
2013-04-15	209.0
2013-04-14	218.0
2013-04-13	220.0
2013-04-12	246.0
2013-04-11	298.0
2013-04-10	326.0
2013-04-09	308.0
2013-04-08	232.0
2013-04-07	229.0
2013-04-06	196.0
2013-04-05	190.0
2013-04-04	183.0
2013-04-03	188.0
2013-04-02	204.0
2013-04-01	219.0
2013-03-31	233.0
2013-03-30	242.0
2013-03-29	228.0
2013-03-28	215.0
2013-03-27	221.0
2013-03-26	188.0
2013-03-25	194.0
2013-03-24	214.0
2013-03-23	182.0
2013-03-22	185.0
2013-03-21	191.0
2013-03-20	192.0
2013-03-19	183.0
2013-03-18	184.0
2013-03-17	212.0
2013-03-16	231.0
2013-03-15	230.0
2013-03-14	210.0
2013-03-13	208.0
2013-03-12	182.0
2013-03-11	182.0
2013-03-10	178.0
2013-03-09	180.0
2013-03-08	186.0
2013-03-07	199.0
2013-03-06	208.0
2013-03-05	228.0
2013-03-04	247.0
2013-03-03	286.0
2013-03-02	273.0
2013-03-01	183.0
2013-02-28	157.0
2013-02-27	158.0
2013-02-26	155.0
2013-02-25	156.0
2013-02-24	165.0
2013-02-23	175.0
2013-02-22	152.0
2013-02-21	166.0
2013-02-20	172.0
2013-02-19	157.0
2013-02-18	155.0
2013-02-17	160.0
2013-02-16	168.0
2013-02-15	174.0
2013-02-14	178.0
2013-02-13	182.0
2013-02-12	186.0
2013-02-11	195.0
2013-02-10	226.0
2013-02-09	293.0
2013-02-08	293.0
2013-02-07	282.0
2013-02-06	258.0
2013-02-05	260.0
2013-02-04	276.0
2013-02-03	302.0
2013-02-02	324.0
2013-02-01	400.0
2013-01-31	401.0
2013-01-30	315.0
2013-01-29	283.0
2013-01-28	243.0
2013-01-27	191.0
2013-01-26	161.0
2013-01-25	180.0
2013-01-24	204.0
2013-01-23	207.0
2013-01-22	214.0
2013-01-21	239.0
2013-01-20	219.0
2013-01-19	226.0
2013-01-18	218.0
2013-01-17	163.0
2013-01-16	164.0
2013-01-15	176.0
2013-01-14	198.0
2013-01-13	209.0
2013-01-12	204.0
2013-01-11	144.0
2013-01-10	139.0
2013-01-09	139.0
2013-01-08	142.0
2013-01-07	144.0
2013-01-06	163.0
2013-01-05	172.0
2013-01-04	132.0
2013-01-03	131.0
2013-01-02	133.0
2013-01-01	135.0
