ano	mes	dia	vazao
2023	1	31	316.521
2023	1	30	362.965
2023	1	29	424.853
2023	1	28	520.591
2023	1	27	648.94
2023	1	26	749.032
2023	1	25	472.934
2023	1	24	376.64
2023	1	23	422.803
2023	1	22	370.758
2023	1	21	376.64
2023	1	20	445.536
2023	1	19	295.5
2023	1	18	277.636
2023	1	17	281.178
2023	1	16	334.265
2023	1	15	407.545
2023	1	14	547.255
2023	1	13	668.073
2023	1	12	867.187
2023	1	11	1066.792
2023	1	10	1019.022
2023	1	9	1177.956
2023	1	8	1100.972
2023	1	7	754.042
2023	1	6	414.641
2023	1	5	388.502
2023	1	4	494.398
2023	1	3	382.555
2023	1	2	244.788
2023	1	1	244.788
2022	12	31	230.568
2022	12	30	262.762
2022	12	29	290.1
2022	12	28	263.629
2022	12	27	319.3
2022	12	26	239.735
2022	12	25	386.516
2022	12	24	475.066
2022	12	23	583.527
2022	12	22	680.13
2022	12	21	399.488
2022	12	20	158.262
2022	12	19	155.37
2022	12	18	151.067
2022	12	17	164.102
2022	12	16	188.964
2022	12	15	210.204
2022	12	14	253.291
2022	12	13	278.52
2022	12	12	173.749
2022	12	11	223.161
2022	12	10	260.167
2022	12	9	248.177
2022	12	8	249.878
2022	12	7	148.222
2022	12	6	162.635
2022	12	5	179.782
2022	12	4	186.654
2022	12	3	256.721
2022	12	2	268.852
2022	12	1	282.066
2022	10	31	116.9
2022	10	30	107.261
2022	10	29	120.837
2022	10	28	138.415
2022	10	27	167.05
2022	10	26	207.008
2022	10	25	186.654
2022	10	24	118.207
2022	10	23	94.263
2022	10	22	85.929
2022	10	21	82.441
2022	10	20	79.005
2022	10	19	77.305
2022	10	18	77.87
2022	10	17	79.574
2022	10	16	81.29
2022	10	15	83.019
2022	10	14	85.344
2022	10	13	87.103
2022	10	12	89.468
2022	10	11	97.916
2022	10	10	110.441
2022	10	9	151.067
2022	10	8	179.024
2022	10	7	198.307
2022	10	6	230.568
2022	10	5	194.395
2022	10	4	124.818
2022	10	3	110.441
2022	10	2	108.529
2022	10	1	109.165
2022	9	30	91.256
2022	9	29	88.874
2022	9	28	85.344
2022	9	27	94.263
2022	9	26	87.103
2022	9	25	79.574
2022	9	24	73.946
2022	9	23	79.005
2022	9	22	76.742
2022	9	21	72.286
2022	9	20	70.64
2022	9	19	71.187
2022	9	18	82.441
2022	9	17	75.06
2022	9	16	73.391
2022	9	15	72.286
2022	9	14	71.187
2022	9	13	71.736
2022	9	12	71.736
2022	9	11	70.094
2022	9	10	72.286
2022	9	9	71.736
2022	9	8	71.736
2022	9	7	71.736
2022	9	6	71.736
2022	9	5	72.838
2022	9	4	73.946
2022	9	3	74.502
2022	9	2	75.06
2022	9	1	75.619
2022	8	31	75.06
2022	8	30	76.18
2022	8	29	77.87
2022	8	28	82.441
2022	8	27	95.475
2022	8	26	92.454
2022	8	25	80.144
2022	8	24	75.06
2022	8	23	73.946
2022	8	22	75.619
2022	8	21	76.18
2022	8	20	77.305
2022	8	19	78.437
2022	8	18	80.144
2022	8	17	80.144
2022	8	16	81.865
2022	8	15	82.441
2022	8	14	83.019
2022	8	13	84.179
2022	8	12	84.761
2022	8	11	85.344
2022	8	10	87.103
2022	8	9	88.874
2022	8	8	87.692
2022	8	7	88.283
2022	8	6	88.874
2022	8	5	89.468
2022	8	4	88.874
2022	8	3	90.062
2022	8	2	90.658
2022	8	1	90.658
2022	7	31	91.256
2022	7	30	92.454
2022	7	29	92.454
2022	7	28	92.454
2022	7	27	92.454
2022	7	26	93.056
2022	7	25	93.659
2022	7	24	94.868
2022	7	23	95.475
2022	7	22	93.659
2022	7	21	94.263
2022	7	20	94.868
2022	7	19	96.083
2022	7	18	94.868
2022	7	17	96.083
2022	7	16	96.083
2022	7	15	97.916
2022	7	14	97.916
2022	7	13	99.145
2022	7	12	99.761
2022	7	11	102.24
2022	7	10	100.998
2022	7	9	101.618
2022	7	8	101.618
2022	7	7	102.24
2022	7	6	100.379
2022	7	5	100.379
2022	7	4	100.998
2022	7	3	96.693
2022	7	2	94.263
2022	7	1	94.263
2022	6	30	91.854
2022	6	29	94.263
2022	6	28	93.659
2022	6	27	94.263
2022	6	26	95.475
2022	6	25	100.379
2022	6	24	101.618
2022	6	23	99.145
2022	6	22	102.863
2022	6	21	101.618
2022	6	20	102.863
2022	6	19	101.618
2022	6	18	105.368
2022	6	17	105.998
2022	6	16	105.998
2022	6	15	106.629
2022	6	14	109.165
2022	6	13	111.723
2022	6	12	111.723
2022	6	11	114.301
2022	6	10	115.598
2022	6	9	118.207
2022	6	8	118.207
2022	6	7	122.159
2022	6	6	122.159
2022	6	5	122.159
2022	6	4	128.846
2022	6	3	130.198
2022	6	2	126.156
2022	6	1	127.498
2022	5	31	127.498
2022	5	30	126.156
2022	5	29	127.498
2022	5	28	127.498
2022	5	27	130.198
2022	5	26	132.917
2022	5	25	130.198
2022	5	24	132.917
2022	5	23	130.198
2022	5	22	128.846
2022	5	21	134.284
2022	5	20	142.589
2022	5	19	152.497
2022	5	18	153.931
2022	5	17	142.589
2022	5	16	139.801
2022	5	15	138.415
2022	5	14	135.656
2022	5	13	136.344
2022	5	12	139.801
2022	5	11	142.589
2022	5	10	161.173
2022	5	9	187.423
2022	5	8	220.711
2022	5	7	228.089
2022	5	6	195.956
2022	5	5	149.642
2022	5	4	149.642
2022	5	3	152.497
2022	5	2	153.931
2022	5	1	156.091
2022	4	30	178.267
2022	4	29	176.003
2022	4	28	176.757
2022	4	27	173.001
2022	4	26	175.251
2022	4	25	176.003
2022	4	24	179.024
2022	4	23	183.588
2022	4	22	184.353
2022	4	21	189.737
2022	4	20	200.667
2022	4	19	205.416
2022	4	18	223.161
2022	4	17	265.366
2022	4	16	249.027
2022	4	15	213.418
2022	4	14	186.654
2022	4	13	188.964
2022	4	12	194.395
2022	4	11	210.204
2022	4	10	218.27
2022	4	9	189.737
2022	4	8	186.654
2022	4	7	200.667
2022	4	6	228.089
2022	4	5	210.204
2022	4	4	207.008
2022	4	3	199.092
2022	4	2	200.667
2022	4	1	185.886
2022	3	31	184.353
2022	3	30	181.301
2022	3	29	179.024
2022	3	28	183.588
2022	3	27	185.886
2022	3	26	185.119
2022	3	25	188.964
2022	3	24	194.395
2022	3	23	205.416
2022	3	22	210.204
2022	3	21	205.416
2022	3	20	191.285
2022	3	19	185.886
2022	3	18	188.193
2022	3	17	192.838
2022	3	16	197.522
2022	3	15	203.036
2022	3	14	207.805
2022	3	13	211.006
2022	3	12	217.459
2022	3	11	219.896
2022	3	10	226.443
2022	3	9	233.056
2022	3	8	236.387
2022	3	7	241.415
2022	3	6	249.878
2022	3	5	258.442
2022	3	4	265.366
2022	3	3	268.852
2022	3	2	279.405
2022	3	1	290.1
2022	2	28	304.577
2022	2	27	313.751
2022	2	26	330.501
2022	2	25	382.555
2022	2	24	472.934
2022	2	23	511.807
2022	2	22	647.751
2022	2	21	759.064
2022	2	20	807.351
2022	2	19	781.807
2022	2	18	651.321
2022	2	17	509.62
2022	2	16	472.934
2022	2	15	426.905
2022	2	14	511.807
2022	2	13	604.287
2022	2	12	766.619
2022	2	11	721.685
2022	2	10	540.545
2022	2	9	499.815
2022	2	8	480.409
2022	2	7	505.254
2022	2	6	396.481
2022	2	5	321.158
2022	2	4	288.308
2022	2	3	288.308
2022	2	2	258.442
2022	2	1	229.741
2022	1	31	228.915
2022	1	30	221.527
2022	1	29	208.604
2022	1	28	207.008
2022	1	27	216.649
2022	1	26	226.443
2022	1	25	243.1
2022	1	24	257.581
2022	1	23	282.954
2022	1	22	311.908
2022	1	21	333.323
2022	1	20	359.091
2022	1	19	376.64
2022	1	18	390.491
2022	1	17	426.905
2022	1	16	527.213
2022	1	15	751.535
2022	1	14	1013.453
2022	1	13	1363.647
2022	1	12	1771.165
2022	1	11	1731.616
2022	1	10	2000.467
2022	1	9	1559.682
2022	1	8	734.071
2022	1	7	435.151
2022	1	6	402.503
2022	1	5	447.623
2022	1	4	439.294
2022	1	3	492.236
2022	1	2	507.435
2022	1	1	426.905
2021	12	31	487.924
2021	12	30	388.502
2021	12	29	173.001
2021	12	28	155.37
2021	12	27	160.443
2021	12	26	181.301
2021	12	25	203.036
2021	12	24	205.416
2021	12	23	178.267
2021	12	22	197.522
2021	12	21	231.396
2021	12	20	284.735
2021	12	19	286.519
2021	12	18	274.111
2021	12	17	304.577
2021	12	16	375.658
2021	12	15	357.159
2021	12	14	229.741
2021	12	13	159.715
2021	12	12	182.062
2021	12	11	224.8
2021	12	10	234.719
2021	12	9	189.737
2021	12	8	198.307
2021	12	7	173.001
2021	12	6	203.829
2021	12	5	272.354
2021	12	4	255.004
2021	12	3	220.711
2021	12	2	156.814
2021	12	1	182.062
2021	11	30	176.003
2021	11	29	286.519
2021	11	28	224.8
2021	11	27	111.723
2021	11	26	106.629
2021	11	25	118.207
2021	11	24	143.99
2021	11	23	170.76
2021	11	22	162.635
2021	11	21	134.97
2021	11	20	123.486
2021	11	19	114.301
2021	11	18	120.837
2021	11	17	131.555
2021	11	16	165.574
2021	11	15	186.654
2021	11	14	219.083
2021	11	13	270.601
2021	11	12	272.354
2021	11	11	384.534
2021	11	10	142.589
2021	11	9	182.062
2021	11	8	167.05
2021	11	7	122.159
2021	11	6	151.067
2021	11	5	223.98
2021	11	4	240.575
2021	11	3	291.896
2021	11	2	302.754
2021	11	1	109.165
2021	10	31	100.998
2021	10	30	99.761
2021	10	29	93.056
2021	10	28	95.475
2021	10	27	100.379
2021	10	26	91.854
2021	10	25	123.486
2021	10	24	145.396
2021	10	23	191.285
2021	10	22	229.741
2021	10	21	260.167
2021	10	20	242.257
2021	10	19	168.531
2021	10	18	131.555
2021	10	17	136.344
2021	10	16	153.931
2021	10	15	192.838
2021	10	14	299.119
2021	10	13	342.788
2021	10	12	202.245
2021	10	11	104.113
2021	10	10	84.761
2021	10	9	84.761
2021	10	8	101.618
2021	10	7	120.837
2021	10	6	115.598
2021	10	5	120.837
2021	10	4	79.005
2021	10	3	50.0
2021	10	2	48.554
2021	10	1	54.424
2021	9	30	41.101
2021	9	29	43.383
2021	9	28	39.306
2021	9	27	42.009
2021	9	26	42.923
2021	9	25	37.54
2021	9	24	42.465
2021	9	23	46.65
2021	9	22	49.034
2021	9	21	50.0
2021	9	20	49.516
2021	9	19	51.46
2021	9	18	52.935
2021	9	17	53.43
2021	9	16	53.926
2021	9	15	54.924
2021	9	14	56.432
2021	9	13	56.938
2021	9	12	56.938
2021	9	11	58.466
2021	9	10	58.978
2021	9	9	56.432
2021	9	8	55.425
2021	9	7	56.938
2021	9	6	56.938
2021	9	5	56.938
2021	9	4	57.955
2021	9	3	60.008
2021	9	2	58.466
2021	9	1	58.978
2021	8	31	57.955
2021	8	30	55.425
2021	8	29	54.924
2021	8	28	51.46
2021	8	27	55.425
2021	8	26	56.938
2021	8	25	56.432
2021	8	24	60.525
2021	8	23	63.133
2021	8	22	62.609
2021	8	21	61.564
2021	8	20	60.008
2021	8	19	60.008
2021	8	18	60.525
2021	8	17	61.043
2021	8	16	59.492
2021	8	15	58.978
2021	8	14	57.955
2021	8	13	56.938
2021	8	12	57.446
2021	8	11	56.938
2021	8	10	58.466
2021	8	9	57.955
2021	8	8	58.466
2021	8	7	58.466
2021	8	6	58.466
2021	8	5	57.955
2021	8	4	56.938
2021	8	3	59.492
2021	8	2	58.978
2021	8	1	58.978
2021	7	1	
2021	6	30	71.736
2021	6	29	72.838
2021	6	28	73.391
2021	6	27	75.619
2021	6	26	75.619
2021	6	25	75.619
2021	6	24	73.946
2021	6	23	75.619
2021	6	22	75.619
2021	6	21	70.094
2021	6	20	73.391
2021	6	19	74.502
2021	6	18	75.619
2021	6	17	77.305
2021	6	16	80.716
2021	6	15	80.144
2021	6	14	80.716
2021	6	13	82.441
2021	6	12	82.441
2021	6	11	82.441
2021	6	10	79.574
2021	6	9	80.144
2021	6	8	84.761
2021	6	7	84.761
2021	6	6	80.144
2021	6	5	77.87
2021	6	4	80.144
2021	6	3	82.441
2021	6	2	87.692
2021	6	1	84.761
2021	5	31	82.441
2021	5	30	81.29
2021	5	29	83.019
2021	5	28	82.441
2021	5	27	80.716
2021	5	26	79.005
2021	5	25	76.18
2021	5	24	76.742
2021	5	23	77.87
2021	5	22	76.742
2021	5	21	73.946
2021	5	20	72.286
2021	5	19	71.736
2021	5	18	76.18
2021	5	17	79.005
2021	5	16	80.144
2021	5	15	80.144
2021	5	14	82.441
2021	5	13	80.144
2021	5	12	80.144
2021	5	11	82.441
2021	5	10	84.761
2021	5	9	87.103
2021	5	8	88.283
2021	5	7	91.854
2021	5	6	94.263
2021	5	5	97.916
2021	5	4	96.693
2021	5	3	94.263
2021	5	2	88.874
2021	5	1	87.103
2021	4	30	87.103
2021	4	29	87.692
2021	4	28	91.854
2021	4	27	89.468
2021	4	26	91.854
2021	4	25	96.693
2021	4	24	102.863
2021	4	23	106.629
2021	4	22	111.723
2021	4	21	114.301
2021	4	20	106.629
2021	4	19	91.854
2021	4	18	90.658
2021	4	17	94.263
2021	4	16	96.693
2021	4	15	94.263
2021	4	14	93.659
2021	4	13	95.475
2021	4	12	97.304
2021	4	11	97.916
2021	4	10	97.304
2021	4	9	96.693
2021	4	8	109.165
2021	4	7	109.165
2021	4	6	119.519
2021	4	5	138.415
2021	4	4	128.846
2021	4	3	130.198
2021	4	2	132.917
2021	4	1	134.284
2021	3	31	119.519
2021	3	30	104.74
2021	3	29	106.629
2021	3	28	108.529
2021	3	27	111.081
2021	3	26	112.366
2021	3	25	114.301
2021	3	24	117.553
2021	3	23	116.9
2021	3	22	121.497
2021	3	21	130.876
2021	3	20	130.198
2021	3	19	142.589
2021	3	18	149.642
2021	3	17	161.904
2021	3	16	197.522
2021	3	15	221.527
2021	3	14	238.059
2021	3	13	197.522
2021	3	12	249.878
2021	3	11	330.501
2021	3	10	216.649
2021	3	9	173.001
2021	3	8	143.99
2021	3	7	138.415
2021	3	6	135.656
2021	3	5	142.589
2021	3	4	150.354
2021	3	3	155.37
2021	3	2	162.635
2021	3	1	179.782
2021	2	28	210.204
2021	2	27	313.751
2021	2	26	359.091
2021	2	25	422.803
2021	2	24	472.934
2021	2	23	458.11
2021	2	22	297.308
2021	2	21	357.159
2021	2	20	531.644
2021	2	19	492.236
2021	2	18	483.624
2021	2	17	265.366
2021	2	16	156.814
2021	2	15	146.807
2021	2	14	158.262
2021	2	13	172.253
2021	2	12	198.307
2021	2	11	221.527
2021	2	10	218.27
2021	2	9	219.896
2021	2	8	191.285
2021	2	7	127.498
2021	2	6	94.263
2021	2	5	92.454
2021	2	4	90.658
2021	2	3	88.874
2021	2	2	86.516
2021	2	1	87.103
2021	1	31	90.062
2021	1	30	88.283
2021	1	29	90.658
2021	1	28	93.056
2021	1	27	99.145
2021	1	26	104.113
2021	1	25	104.74
2021	1	24	109.165
2021	1	23	118.863
2021	1	22	122.822
2021	1	21	134.284
2021	1	20	137.723
2021	1	19	145.396
2021	1	18	156.814
2021	1	17	167.05
2021	1	16	180.541
2021	1	15	187.423
2021	1	14	191.285
2021	1	13	202.245
2021	1	12	215.031
2021	1	11	223.161
2021	1	10	233.056
2021	1	9	274.991
2021	1	8	323.019
2021	1	7	353.307
2021	1	6	406.535
2021	1	5	445.536
2021	1	4	475.066
2021	1	3	274.111
2021	1	2	124.818
2021	1	1	119.519
2020	12	31	115.598
2020	12	30	111.723
2020	12	29	99.145
2020	12	28	107.894
2020	12	27	115.598
2020	12	26	119.519
2020	12	25	127.498
2020	12	24	146.807
2020	12	23	162.635
2020	12	22	205.416
2020	12	21	211.809
2020	12	20	170.016
2020	12	19	132.917
2020	12	18	131.555
2020	12	17	133.6
2020	12	16	142.589
2020	12	15	153.931
2020	12	14	196.738
2020	12	13	244.788
2020	12	12	291.896
2020	12	11	389.496
2020	12	10	315.597
2020	12	9	164.102
2020	12	8	155.37
2020	12	7	158.262
2020	12	6	158.262
2020	12	5	151.067
2020	12	4	137.033
2020	12	3	106.629
2020	12	2	87.103
2020	12	1	82.441
2020	11	30	82.441
2020	11	29	88.283
2020	11	28	92.454
2020	11	27	98.53
2020	11	26	99.761
2020	11	25	106.629
2020	11	24	105.368
2020	11	23	119.519
2020	11	22	126.156
2020	11	21	137.033
2020	11	20	153.931
2020	11	19	183.588
2020	11	18	207.008
2020	11	17	182.062
2020	11	16	186.654
2020	11	15	153.931
2020	11	14	124.818
2020	11	13	81.29
2020	11	12	71.187
2020	11	11	63.66
2020	11	10	73.391
2020	11	9	80.144
2020	11	8	85.929
2020	11	7	89.468
2020	11	6	96.693
2020	11	5	104.113
2020	11	4	118.207
2020	11	3	132.917
2020	11	2	143.99
2020	11	1	128.846
2020	10	31	149.642
2020	10	30	136.344
2020	10	29	128.846
2020	10	28	132.917
2020	10	27	146.807
2020	10	26	156.814
2020	10	25	84.761
2020	10	24	81.29
2020	10	23	75.06
2020	10	22	73.946
2020	10	21	73.391
2020	10	20	72.838
2020	10	19	70.094
2020	10	18	73.391
2020	10	17	79.005
2020	10	16	75.619
2020	10	15	69.006
2020	10	14	69.006
2020	10	13	67.386
2020	10	12	61.564
2020	10	11	64.717
2020	10	10	60.008
2020	10	9	55.425
2020	10	8	52.441
2020	10	7	48.554
2020	10	6	48.554
2020	10	5	47.599
2020	10	4	48.554
2020	10	3	53.43
2020	10	2	56.938
2020	10	1	58.978
2020	9	30	57.446
2020	9	29	60.525
2020	9	28	65.78
2020	9	27	75.619
2020	9	26	69.006
2020	9	25	58.978
2020	9	24	49.516
2020	9	23	48.076
2020	9	22	51.46
2020	9	21	50.485
2020	9	20	52.935
2020	9	19	52.441
2020	9	18	54.424
2020	9	17	55.425
2020	9	16	56.432
2020	9	15	55.928
2020	9	14	61.043
2020	9	13	62.609
2020	9	12	66.314
2020	9	11	67.925
2020	9	10	69.549
2020	9	9	69.549
2020	9	8	69.549
2020	9	7	72.838
2020	9	6	73.391
2020	9	5	72.838
2020	9	4	70.64
2020	9	3	72.838
2020	9	2	72.286
2020	9	1	73.946
2020	8	31	74.502
2020	8	30	75.619
2020	8	29	81.29
2020	8	28	82.441
2020	8	27	81.865
2020	8	26	83.598
2020	8	25	84.761
2020	8	24	90.658
2020	8	23	89.468
2020	8	22	80.144
2020	8	21	77.87
2020	8	20	75.06
2020	8	19	74.502
2020	8	18	74.502
2020	8	17	71.187
2020	8	16	71.187
2020	8	15	73.391
2020	8	14	75.06
2020	8	13	77.87
2020	8	12	80.144
2020	8	11	81.865
2020	8	10	84.761
2020	8	9	87.692
2020	8	8	85.344
2020	8	7	83.598
2020	8	6	85.344
2020	8	5	84.179
2020	8	4	82.441
2020	8	3	83.019
2020	8	2	83.019
2020	8	1	84.179
2020	7	31	83.019
2020	7	30	83.598
2020	7	29	85.344
2020	7	28	87.692
2020	7	27	86.516
2020	7	26	88.874
2020	7	25	85.929
2020	7	24	85.929
2020	7	23	85.344
2020	7	22	87.692
2020	7	21	88.283
2020	7	20	89.468
2020	7	19	89.468
2020	7	18	90.062
2020	7	17	91.854
2020	7	16	88.874
2020	7	15	90.658
2020	7	14	92.454
2020	7	13	91.854
2020	7	12	90.658
2020	7	11	88.874
2020	7	10	91.854
2020	7	9	93.056
2020	7	8	94.263
2020	7	7	96.693
2020	7	6	99.145
2020	7	5	98.53
2020	7	4	104.113
2020	7	3	106.629
2020	7	2	104.113
2020	7	1	99.145
2020	6	30	99.145
2020	6	29	99.145
2020	6	28	101.618
2020	6	27	101.618
2020	6	26	102.24
2020	6	25	99.761
2020	6	24	101.618
2020	6	23	107.894
2020	6	22	113.009
2020	6	21	112.366
2020	6	20	106.629
2020	6	19	104.113
2020	6	18	105.998
2020	6	17	107.894
2020	6	16	110.441
2020	6	15	114.301
2020	6	14	114.301
2020	6	13	119.519
2020	6	12	114.301
2020	6	11	109.803
2020	6	10	104.113
2020	6	9	102.863
2020	6	8	104.113
2020	6	7	104.113
2020	6	6	111.723
2020	6	5	116.9
2020	6	4	122.822
2020	6	3	130.198
2020	6	2	133.6
2020	6	1	134.284
2020	5	31	132.917
2020	5	30	130.198
2020	5	29	124.818
2020	5	28	131.555
2020	5	27	135.656
2020	5	26	141.89
2020	5	25	143.99
2020	5	24	134.284
2020	5	23	134.284
2020	5	22	138.415
2020	5	21	143.99
2020	5	20	149.642
2020	5	19	156.814
2020	5	18	145.396
2020	5	17	152.497
2020	5	16	155.37
2020	5	15	141.193
2020	5	14	135.656
2020	5	13	133.6
2020	5	12	132.917
2020	5	11	141.89
2020	5	10	146.807
2020	5	9	142.589
2020	5	8	135.656
2020	5	7	132.917
2020	5	6	132.917
2020	5	5	136.344
2020	5	4	135.656
2020	5	3	135.656
2020	5	2	139.801
2020	5	1	141.193
2020	4	30	142.589
2020	4	29	145.396
2020	4	28	149.642
2020	4	27	153.213
2020	4	26	153.931
2020	4	25	152.497
2020	4	24	159.715
2020	4	23	161.173
2020	4	22	166.311
2020	4	21	170.016
2020	4	20	173.001
2020	4	19	179.024
2020	4	18	182.062
2020	4	17	189.737
2020	4	16	189.737
2020	4	15	223.161
2020	4	14	234.719
2020	4	13	248.177
2020	4	12	260.167
2020	4	11	255.004
2020	4	10	272.354
2020	4	9	226.443
2020	4	8	202.245
2020	4	7	185.119
2020	4	6	192.061
2020	4	5	194.395
2020	4	4	208.604
2020	4	3	268.852
2020	4	2	256.721
2020	4	1	188.193
2020	3	31	179.024
2020	3	30	182.062
2020	3	29	191.285
2020	3	28	194.395
2020	3	27	203.829
2020	3	26	221.527
2020	3	25	234.719
2020	3	24	317.447
2020	3	23	470.806
2020	3	22	347.555
2020	3	21	236.387
2020	3	20	219.896
2020	3	19	195.956
2020	3	18	200.667
2020	3	17	207.008
2020	3	16	214.224
2020	3	15	211.809
2020	3	14	223.161
2020	3	13	232.225
2020	3	12	243.1
2020	3	11	253.291
2020	3	10	368.804
2020	3	9	504.165
2020	3	8	585.821
2020	3	7	620.608
2020	3	6	644.187
2020	3	5	680.13
2020	3	4	699.578
2020	3	3	651.321
2020	3	2	684.974
2020	3	1	658.482
2020	2	29	604.287
2020	2	28	408.556
2020	2	27	223.161
2020	2	26	188.193
2020	2	25	213.418
2020	2	24	229.741
2020	2	23	216.649
2020	2	22	197.522
2020	2	21	192.838
2020	2	20	205.416
2020	2	19	234.719
2020	2	18	261.896
2020	2	17	306.404
2020	2	16	310.07
2020	2	15	825.403
2020	2	14	1058.307
2020	2	13	380.58
2020	2	12	211.006
2020	2	11	223.161
2020	2	10	239.735
2020	2	9	228.089
2020	2	8	272.354
2020	2	7	218.27
2020	2	6	244.788
2020	2	5	272.354
2020	2	4	267.107
2020	2	3	243.943
2020	2	2	246.48
2020	2	1	297.308
2020	1	31	339.939
2020	1	30	351.386
2020	1	29	381.567
2020	1	28	830.587
2020	1	27	1221.436
2020	1	26	1481.395
2020	1	25	980.262
2020	1	24	400.492
2020	1	23	164.102
2020	1	22	234.719
2020	1	21	207.805
2020	1	20	155.37
2020	1	19	186.654
2020	1	18	216.649
2020	1	17	167.05
2020	1	16	155.37
2020	1	15	164.102
2020	1	14	119.519
2020	1	13	120.177
2020	1	12	139.801
2020	1	11	165.574
2020	1	10	167.05
2020	1	9	197.522
2020	1	8	234.719
2020	1	7	300.935
2020	1	6	290.1
2020	1	5	170.016
2020	1	4	167.05
2020	1	3	96.693
2020	1	2	79.005
2020	1	1	82.441
2019	12	31	89.468
2019	12	30	96.083
2019	12	29	99.145
2019	12	28	113.009
2019	12	27	149.642
2019	12	26	180.541
2019	12	25	153.931
2019	12	24	162.635
2019	12	23	118.207
2019	12	22	102.24
2019	12	21	99.761
2019	12	20	107.261
2019	12	19	119.519
2019	12	18	130.876
2019	12	17	150.354
2019	12	16	183.588
2019	12	15	270.601
2019	12	14	357.159
2019	12	13	418.715
2019	12	12	174.5
2019	12	11	153.931
2019	12	10	204.622
2019	12	9	213.418
2019	12	8	172.253
2019	12	7	149.642
2019	12	6	166.311
2019	12	5	213.418
2019	12	4	270.601
2019	12	3	301.844
2019	12	2	338.044
2019	12	1	200.667
2019	11	30	124.818
2019	11	29	88.283
2019	11	28	93.056
2019	11	27	114.949
2019	11	26	119.519
2019	11	25	118.207
2019	11	24	153.213
2019	11	23	121.497
2019	11	22	110.441
2019	11	21	132.917
2019	11	20	137.033
2019	11	19	125.487
2019	11	18	113.655
2019	11	17	115.598
2019	11	16	79.005
2019	11	15	69.549
2019	11	14	85.344
2019	11	13	83.598
2019	11	12	66.85
2019	11	11	67.925
2019	11	10	65.248
2019	11	9	58.466
2019	11	8	56.938
2019	11	7	53.43
2019	11	6	56.938
2019	11	5	60.525
2019	11	4	67.925
2019	11	3	67.925
2019	11	2	54.424
2019	11	1	53.926
2019	10	31	53.43
2019	10	30	53.926
2019	10	29	54.424
2019	10	28	50.485
2019	10	27	45.24
2019	10	26	47.124
2019	10	25	49.516
2019	10	24	56.432
2019	10	23	52.935
2019	10	22	45.24
2019	10	21	42.923
2019	10	20	41.101
2019	10	19	38.862
2019	10	18	37.54
2019	10	17	42.465
2019	10	16	42.923
2019	10	15	43.845
2019	10	14	44.308
2019	10	13	44.308
2019	10	12	45.24
2019	10	11	45.708
2019	10	10	47.124
2019	10	9	44.308
2019	10	8	45.708
2019	10	7	50.485
2019	10	6	50.971
2019	10	5	51.95
2019	10	4	54.924
2019	10	3	59.492
2019	10	2	66.314
2019	10	1	80.144
2019	9	30	94.263
2019	9	29	74.502
2019	9	28	58.978
2019	9	27	46.65
2019	9	26	42.465
2019	9	25	41.101
2019	9	24	40.65
2019	9	23	41.101
2019	9	22	42.465
2019	9	21	40.65
2019	9	20	42.465
2019	9	19	40.65
2019	9	18	42.465
2019	9	17	41.554
2019	9	16	42.923
2019	9	15	43.845
2019	9	14	46.178
2019	9	13	48.076
2019	9	12	49.516
2019	9	11	49.034
2019	9	10	46.65
2019	9	9	46.178
2019	9	8	46.178
2019	9	7	46.178
2019	9	6	46.178
2019	9	5	46.178
2019	9	4	47.124
2019	9	3	47.124
2019	9	2	46.178
2019	9	1	47.124
2019	8	31	48.076
2019	8	30	48.554
2019	8	29	48.554
2019	8	28	50.0
2019	8	27	50.971
2019	8	26	54.424
2019	8	25	56.938
2019	8	24	55.928
2019	8	23	50.485
2019	8	22	47.124
2019	8	21	45.708
2019	8	20	46.178
2019	8	19	46.65
2019	8	18	47.124
2019	8	17	46.178
2019	8	16	46.178
2019	8	15	47.124
2019	8	14	47.124
2019	8	13	48.076
2019	8	12	49.516
2019	8	11	50.0
2019	8	10	52.441
2019	8	9	52.935
2019	8	8	51.95
2019	8	7	50.0
2019	8	6	50.0
2019	8	5	50.485
2019	8	4	50.971
2019	8	3	50.485
2019	8	2	49.516
2019	8	1	50.0
2019	7	31	50.485
2019	7	30	50.971
2019	7	29	50.0
2019	7	28	50.971
2019	7	27	50.971
2019	7	26	50.0
2019	7	25	48.554
2019	7	24	49.034
2019	7	23	51.46
2019	7	22	51.46
2019	7	21	51.95
2019	7	20	51.46
2019	7	19	51.95
2019	7	18	52.441
2019	7	17	52.441
2019	7	16	52.441
2019	7	15	52.935
2019	7	14	52.935
2019	7	13	52.935
2019	7	12	53.43
2019	7	11	53.43
2019	7	10	53.926
2019	7	9	53.926
2019	7	8	55.425
2019	7	7	56.432
2019	7	6	57.446
2019	7	5	56.938
2019	7	4	57.446
2019	7	3	57.446
2019	7	2	58.466
2019	7	1	59.492
2019	6	30	60.525
2019	6	29	59.492
2019	6	28	60.525
2019	6	27	61.564
2019	6	26	62.085
2019	6	25	62.609
2019	6	24	63.133
2019	6	23	64.188
2019	6	22	63.133
2019	6	21	62.609
2019	6	20	62.609
2019	6	19	64.717
2019	6	18	64.717
2019	6	17	65.78
2019	6	16	65.78
2019	6	15	65.78
2019	6	14	65.78
2019	6	13	66.314
2019	6	12	66.85
2019	6	11	67.386
2019	6	10	67.925
2019	6	9	67.925
2019	6	8	73.391
2019	6	7	72.286
2019	6	6	73.391
2019	6	5	75.06
2019	6	4	71.187
2019	6	3	71.187
2019	6	2	73.391
2019	6	1	72.286
2019	5	31	74.502
2019	5	30	75.06
2019	5	29	74.502
2019	5	28	76.742
2019	5	27	80.144
2019	5	26	83.598
2019	5	25	80.144
2019	5	24	85.929
2019	5	23	87.103
2019	5	22	88.874
2019	5	21	94.263
2019	5	20	97.304
2019	5	19	107.894
2019	5	18	142.589
2019	5	17	150.667
2019	5	16	89.728
2019	5	15	69.081
2019	5	14	73.254
2019	5	13	73.254
2019	5	12	76.445
2019	5	11	84.094
2019	5	10	73.254
2019	5	9	73.254
2019	5	8	73.254
2019	5	7	73.254
2019	5	6	74.312
2019	5	5	76.445
2019	5	4	88.59
2019	5	3	79.689
2019	5	2	80.235
2019	5	1	76.445
2019	4	30	77.521
2019	4	29	75.91
2019	4	28	76.445
2019	4	27	78.602
2019	4	26	80.782
2019	4	25	89.728
2019	4	24	90.872
2019	4	23	89.728
2019	4	22	90.872
2019	4	21	103.214
2019	4	20	118.685
2019	4	19	136.314
2019	4	18	154.869
2019	4	17	126.404
2019	4	16	108.688
2019	4	15	84.094
2019	4	14	70.635
2019	4	13	78.602
2019	4	12	101.414
2019	4	11	116.785
2019	4	10	146.51
2019	4	9	123.81
2019	4	8	121.878
2019	4	7	123.81
2019	4	6	108.688
2019	4	5	94.337
2019	4	4	81.88
2019	4	3	82.984
2019	4	2	74.312
2019	4	1	73.254
2019	3	31	76.445
2019	3	30	79.689
2019	3	29	85.77
2019	3	28	105.027
2019	3	27	100.221
2019	3	26	129.018
2019	3	25	136.985
2019	3	24	159.115
2019	3	23	191.588
2019	3	22	163.406
2019	3	21	149.276
2019	3	20	175.061
2019	3	19	164.846
2019	3	18	143.763
2019	3	17	160.541
2019	3	16	170.654
2019	3	15	100.221
2019	3	14	70.635
2019	3	13	94.337
2019	3	12	116.154
2019	3	11	105.027
2019	3	10	78.602
2019	3	9	76.445
2019	3	8	78.602
2019	3	7	84.651
2019	3	6	96.674
2019	3	5	114.896
2019	3	4	154.869
2019	3	3	136.985
2019	3	2	100.221
2019	3	1	90.3
2019	2	28	90.3
2019	2	27	79.689
2019	2	26	82.432
2019	2	25	87.458
2019	2	24	93.176
2019	2	23	105.027
2019	2	22	122.521
2019	2	21	152.063
2019	2	20	143.763
2019	2	19	142.397
2019	2	18	108.688
2019	2	17	89.728
2019	2	16	63.998
2019	2	15	65.003
2019	2	14	71.156
2019	2	13	78.602
2019	2	12	84.094
2019	2	11	92.021
2019	2	10	94.337
2019	2	9	81.88
2019	2	8	78.602
2019	2	7	63.0
2019	2	6	57.137
2019	2	5	56.181
2019	2	4	51.497
2019	2	3	51.497
2019	2	2	53.82
2019	2	1	57.137
2019	1	31	59.067
2019	1	30	59.067
2019	1	29	61.513
2019	1	28	62.007
2019	1	27	67.03
2019	1	26	63.998
2019	1	25	65.003
2019	1	24	66.521
2019	1	23	69.597
2019	1	22	69.081
2019	1	21	71.156
2019	1	20	74.312
2019	1	19	77.521
2019	1	18	75.91
2019	1	17	75.91
2019	1	16	78.602
2019	1	15	81.88
2019	1	14	84.094
2019	1	13	86.894
2019	1	12	89.159
2019	1	11	94.337
2019	1	10	96.674
2019	1	9	102.613
2019	1	8	114.896
2019	1	7	124.457
2019	1	6	147.199
2019	1	5	199.289
2019	1	4	210.266
2019	1	3	246.221
2019	1	2	278.122
2019	1	1	398.637
2018	12	31	357.14
2018	12	30	277.371
2018	12	29	202.478
2018	12	28	184.068
2018	12	27	116.178
2018	12	26	102.63
2018	12	25	93.189
2018	12	24	88.601
2018	12	23	92.61
2018	12	22	86.341
2018	12	21	79.151
2018	12	20	78.067
2018	12	19	79.696
2018	12	18	86.341
2018	12	17	89.74
2018	12	16	89.17
2018	12	15	89.17
2018	12	14	101.431
2018	12	13	130.364
2018	12	12	170.709
2018	12	11	204.042
2018	12	10	253.103
2018	12	9	263.398
2018	12	8	205.612
2018	12	7	160.589
2018	12	6	202.478
2018	12	5	215.124
2018	12	4	300.665
2018	12	3	258.231
2018	12	2	108.708
2018	12	1	92.61
2018	11	30	113.566
2018	11	29	118.809
2018	11	28	143.012
2018	11	27	158.962
2018	11	26	163.887
2018	11	25	204.404
2018	11	24	252.15
2018	11	23	264.61
2018	11	22	189.714
2018	11	21	133.485
2018	11	20	105.798
2018	11	19	103.875
2018	11	18	104.515
2018	11	17	96.889
2018	11	16	94.375
2018	11	15	107.084
2018	11	14	116.181
2018	11	13	149.21
2018	11	12	189.714
2018	11	11	226.871
2018	11	10	207.37
2018	11	9	133.485
2018	11	8	145.071
2018	11	7	138.912
2018	11	6	109.667
2018	11	5	108.374
2018	11	4	90.631
2018	11	3	88.153
2018	11	2	75.994
2018	11	1	81.417
2018	10	31	93.123
2018	10	30	105.156
2018	10	29	126.769
2018	10	28	128.106
2018	10	27	126.101
2018	10	26	79.601
2018	10	25	72.424
2018	10	24	78.394
2018	10	23	78.394
2018	10	22	89.39
2018	10	21	103.235
2018	10	20	91.875
2018	10	19	83.243
2018	10	18	86.92
2018	10	17	85.69
2018	10	16	59.663
2018	10	15	58.53
2018	10	14	54.046
2018	10	13	50.186
2018	10	12	51.833
2018	10	11	53.491
2018	10	10	54.046
2018	10	9	51.283
2018	10	8	56.839
2018	10	7	59.663
2018	10	6	55.718
2018	10	5	56.278
2018	10	4	59.663
2018	10	3	57.402
2018	10	2	58.53
2018	10	1	58.53
2018	9	30	55.159
2018	9	29	55.159
2018	9	28	57.402
2018	9	27	61.943
2018	9	26	66.558
2018	9	25	73.61
2018	9	24	81.417
2018	9	23	87.536
2018	9	22	77.192
2018	9	21	77.192
2018	9	20	78.394
2018	9	19	78.394
2018	9	18	77.192
2018	9	17	77.192
2018	9	16	52.937
2018	9	15	47.468
2018	9	14	47.468
2018	9	13	47.468
2018	9	12	43.188
2018	9	11	47.468
2018	9	10	48.551
2018	9	9	45.317
2018	9	8	48.551
2018	9	7	46.39
2018	9	6	48.551
2018	9	5	49.64
2018	9	4	50.734
2018	9	3	51.833
2018	9	2	51.833
2018	9	1	54.046
2018	8	31	57.402
2018	8	30	54.046
2018	8	29	55.159
2018	8	28	57.402
2018	8	27	57.402
2018	8	26	56.278
2018	8	25	58.53
2018	8	24	58.53
2018	8	23	61.943
2018	8	22	62.516
2018	8	21	64.241
2018	8	20	67.139
2018	8	19	67.139
2018	8	18	66.558
2018	8	17	61.943
2018	8	16	63.665
2018	8	15	68.891
2018	8	14	71.242
2018	8	13	77.192
2018	8	12	83.243
2018	8	11	89.39
2018	8	10	105.798
2018	8	9	107.084
2018	8	8	126.769
2018	8	7	121.45
2018	8	6	95.63
2018	8	5	77.192
2018	8	4	66.558
2018	8	3	61.943
2018	8	2	57.402
2018	8	1	56.278
2018	7	31	56.278
2018	7	30	55.718
2018	7	29	56.839
2018	7	28	56.839
2018	7	27	54.602
2018	7	26	57.402
2018	7	25	58.53
2018	7	24	56.278
2018	7	23	58.53
2018	7	22	58.53
2018	7	21	59.096
2018	7	20	59.096
2018	7	19	60.231
2018	7	18	60.231
2018	7	17	59.663
2018	7	16	60.801
2018	7	15	59.096
2018	7	14	59.096
2018	7	13	59.096
2018	7	12	59.663
2018	7	11	59.096
2018	7	10	59.096
2018	7	9	59.096
2018	7	8	60.231
2018	7	7	60.801
2018	7	6	60.801
2018	7	5	60.801
2018	7	4	62.516
2018	7	3	63.09
2018	7	2	63.665
2018	7	1	64.819
2018	6	30	63.665
2018	6	29	64.819
2018	6	28	64.819
2018	6	27	65.397
2018	6	26	65.397
2018	6	25	67.139
2018	6	24	67.722
2018	6	23	67.139
2018	6	22	68.891
2018	6	21	70.064
2018	6	20	70.064
2018	6	19	71.242
2018	6	18	71.832
2018	6	17	70.653
2018	6	16	73.016
2018	6	15	74.204
2018	6	14	75.396
2018	6	13	77.793
2018	6	12	80.205
2018	6	11	84.465
2018	6	10	77.192
2018	6	9	77.192
2018	6	8	77.192
2018	6	7	75.994
2018	6	6	74.8
2018	6	5	72.424
2018	6	4	79.601
2018	6	3	79.601
2018	6	2	80.205
2018	6	1	80.811
2018	5	31	79.601
2018	5	30	79.601
2018	5	29	79.601
2018	5	28	82.025
2018	5	27	82.025
2018	5	26	82.025
2018	5	25	84.465
2018	5	24	83.243
2018	5	23	85.69
2018	5	22	82.633
2018	5	21	85.077
2018	5	20	85.69
2018	5	19	84.465
2018	5	18	85.69
2018	5	17	84.465
2018	5	16	82.025
2018	5	15	82.025
2018	5	14	86.92
2018	5	13	85.69
2018	5	12	85.69
2018	5	11	86.92
2018	5	10	85.077
2018	5	9	85.69
2018	5	8	89.39
2018	5	7	85.69
2018	5	6	88.153
2018	5	5	93.123
2018	5	4	90.631
2018	5	3	91.875
2018	5	2	95.63
2018	5	1	98.151
2018	4	30	100.686
2018	4	29	100.686
2018	4	28	100.686
2018	4	27	101.322
2018	4	26	100.686
2018	4	25	103.235
2018	4	24	101.959
2018	4	23	103.235
2018	4	22	105.798
2018	4	21	109.667
2018	4	20	112.263
2018	4	19	110.963
2018	4	18	114.218
2018	4	17	117.494
2018	4	16	117.494
2018	4	15	120.128
2018	4	14	126.769
2018	4	13	132.136
2018	4	12	139.593
2018	4	11	149.902
2018	4	10	166.008
2018	4	9	202.924
2018	4	8	220.078
2018	4	7	255.253
2018	4	6	214.826
2018	4	5	194.096
2018	4	4	176.698
2018	4	3	125.434
2018	4	2	128.776
2018	4	1	133.485
2018	3	31	138.912
2018	3	30	147.137
2018	3	29	148.518
2018	3	28	155.463
2018	3	27	190.443
2018	3	26	243.66
2018	3	25	326.067
2018	3	24	350.754
2018	3	23	242.891
2018	3	22	231.424
2018	3	21	235.996
2018	3	20	263.827
2018	3	19	301.133
2018	3	18	318.952
2018	3	17	265.393
2018	3	16	245.199
2018	3	15	255.253
2018	3	14	311.636
2018	3	13	324.321
2018	3	12	287.517
2018	3	11	235.996
2018	3	10	256.03
2018	3	9	327.815
2018	3	8	208.857
2018	3	7	159.663
2018	3	6	172.405
2018	3	5	189.714
2018	3	4	191.172
2018	3	3	205.145
2018	3	2	223.846
2018	3	1	186.804
2018	2	28	109.667
2018	2	27	134.837
2018	2	26	157.56
2018	2	25	188.258
2018	2	24	219.326
2018	2	23	271.675
2018	2	22	157.56
2018	2	21	110.963
2018	2	20	76.593
2018	2	19	77.793
2018	2	18	74.8
2018	2	17	77.192
2018	2	16	84.465
2018	2	15	91.875
2018	2	14	101.959
2018	2	13	121.45
2018	2	12	134.837
2018	2	11	162.476
2018	2	10	194.096
2018	2	9	281.157
2018	2	8	306.779
2018	2	7	336.592
2018	2	6	388.602
2018	2	5	127.437
2018	2	4	124.768
2018	2	3	140.958
2018	2	2	158.261
2018	2	1	134.837
2018	1	31	75.994
2018	1	30	51.833
2018	1	29	47.468
2018	1	28	50.186
2018	1	27	51.283
2018	1	26	51.283
2018	1	25	55.159
2018	1	24	52.937
2018	1	23	52.937
2018	1	22	54.046
2018	1	21	54.602
2018	1	20	61.943
2018	1	19	63.665
2018	1	18	68.891
2018	1	17	77.192
2018	1	16	80.811
2018	1	15	85.69
2018	1	14	84.465
2018	1	13	81.417
2018	1	12	88.153
2018	1	11	98.784
2018	1	10	126.769
2018	1	9	172.405
2018	1	8	208.857
2018	1	7	219.326
2018	1	6	158.962
2018	1	5	132.136
2018	1	4	110.963
2018	1	3	101.322
2018	1	2	124.103
2018	1	1	123.439
2017	12	31	94.375
2017	12	30	77.192
2017	12	29	68.891
2017	12	28	67.722
2017	12	27	66.558
2017	12	26	61.943
2017	12	25	60.801
2017	12	24	64.241
2017	12	23	66.558
2017	12	22	76.593
2017	12	21	84.465
2017	12	20	104.515
2017	12	19	89.39
2017	12	18	86.92
2017	12	17	88.153
2017	12	16	96.889
2017	12	15	107.084
2017	12	14	124.103
2017	12	13	159.663
2017	12	12	154.069
2017	12	11	138.912
2017	12	10	148.518
2017	12	9	163.181
2017	12	8	214.826
2017	12	7	287.517
2017	12	6	405.111
2017	12	5	758.293
2017	12	4	377.69
2017	12	3	259.143
2017	12	2	210.345
2017	12	1	80.811
2017	11	30	83.243
2017	11	29	71.242
2017	11	28	69.477
2017	11	27	82.025
2017	11	26	95.002
2017	11	25	114.218
2017	11	24	136.193
2017	11	23	125.434
2017	11	22	148.518
2017	11	21	66.558
2017	11	20	37.965
2017	11	19	30.909
2017	11	18	35.917
2017	11	17	43.188
2017	11	16	37.451
2017	11	15	34.398
2017	11	14	35.41
2017	11	13	35.41
2017	11	12	34.398
2017	11	11	35.917
2017	11	10	35.917
2017	11	9	39.517
2017	11	8	49.64
2017	11	7	39.517
2017	11	6	34.398
2017	11	5	30.909
2017	11	4	32.893
2017	11	3	34.398
2017	11	2	37.965
2017	11	1	41.082
2017	10	31	43.188
2017	10	30	36.427
2017	10	29	34.903
2017	10	28	21.875
2017	10	27	19.615
2017	10	26	18.726
2017	10	25	17.41
2017	10	24	19.17
2017	10	23	18.726
2017	10	22	17.41
2017	10	21	18.285
2017	10	20	18.285
2017	10	19	18.726
2017	10	18	23.256
2017	10	17	27.024
2017	10	16	22.793
2017	10	15	24.654
2017	10	14	28.468
2017	10	13	30.417
2017	10	12	31.403
2017	10	11	33.393
2017	10	10	37.965
2017	10	9	43.718
2017	10	8	38.998
2017	10	7	35.917
2017	10	6	36.427
2017	10	5	35.917
2017	10	4	31.898
2017	10	3	32.395
2017	10	2	31.898
2017	10	1	28.468
2017	9	30	24.654
2017	9	29	24.654
2017	9	28	25.124
2017	9	27	23.256
2017	9	26	22.793
2017	9	25	23.72
2017	9	24	22.793
2017	9	23	26.07
2017	9	22	29.439
2017	9	21	27.024
2017	9	20	26.07
2017	9	19	26.546
2017	9	18	25.597
2017	9	17	27.503
2017	9	16	28.952
2017	9	15	27.985
2017	9	14	28.468
2017	9	13	29.439
2017	9	12	30.417
2017	9	11	30.909
2017	9	10	30.909
2017	9	9	30.909
2017	9	8	31.403
2017	9	7	32.893
2017	9	6	32.893
2017	9	5	32.893
2017	9	4	33.393
2017	9	3	33.393
2017	9	2	34.398
2017	9	1	34.398
2017	8	31	34.903
2017	8	30	35.41
2017	8	29	36.427
2017	8	28	36.938
2017	8	27	36.938
2017	8	26	37.451
2017	8	25	36.938
2017	8	24	35.917
2017	8	23	36.938
2017	8	22	37.451
2017	8	21	36.938
2017	8	20	37.965
2017	8	19	37.965
2017	8	18	38.998
2017	8	17	40.037
2017	8	16	40.558
2017	8	15	40.037
2017	8	14	40.037
2017	8	13	40.037
2017	8	12	40.037
2017	8	11	39.517
2017	8	10	40.558
2017	8	9	40.558
2017	8	8	41.082
2017	8	7	42.659
2017	8	6	43.188
2017	8	5	43.718
2017	8	4	43.718
2017	8	3	43.718
2017	8	2	42.659
2017	8	1	43.188
2017	7	31	42.659
2017	7	30	42.659
2017	7	29	42.659
2017	7	28	43.188
2017	7	27	43.718
2017	7	26	45.317
2017	7	25	45.317
2017	7	24	45.853
2017	7	23	46.928
2017	7	22	47.468
2017	7	21	48.009
2017	7	20	48.009
2017	7	19	48.009
2017	7	18	48.009
2017	7	17	48.551
2017	7	16	50.734
2017	7	15	51.833
2017	7	14	50.734
2017	7	13	50.186
2017	7	12	50.734
2017	7	11	48.551
2017	7	10	50.186
2017	7	9	49.095
2017	7	8	48.551
2017	7	7	48.551
2017	7	6	48.551
2017	7	5	49.095
2017	7	4	49.64
2017	7	3	50.734
2017	7	2	45.317
2017	7	1	51.283
2017	6	30	52.937
2017	6	29	54.046
2017	6	28	49.64
2017	6	27	49.095
2017	6	26	55.718
2017	6	25	51.283
2017	6	24	53.491
2017	6	23	55.718
2017	6	22	56.278
2017	6	21	57.965
2017	6	20	61.943
2017	6	19	68.306
2017	6	18	67.139
2017	6	17	63.665
2017	6	16	61.943
2017	6	15	69.477
2017	6	14	59.663
2017	6	13	51.833
2017	6	12	56.278
2017	6	11	51.283
2017	6	10	49.095
2017	6	9	45.853
2017	6	8	55.718
2017	6	7	55.159
2017	6	6	56.278
2017	6	5	57.965
2017	6	4	56.278
2017	6	3	61.943
2017	6	2	57.965
2017	6	1	55.718
2017	5	31	60.801
2017	5	30	59.663
2017	5	29	68.306
2017	5	28	69.477
2017	5	27	74.204
2017	5	26	78.394
2017	5	25	88.153
2017	5	24	98.151
2017	5	23	90.631
2017	5	22	74.204
2017	5	21	72.424
2017	5	20	55.159
2017	5	19	57.965
2017	5	18	51.283
2017	5	17	55.159
2017	5	16	57.965
2017	5	15	54.046
2017	5	14	55.159
2017	5	13	57.965
2017	5	12	57.965
2017	5	11	58.53
2017	5	10	58.53
2017	5	9	59.663
2017	5	8	60.231
2017	5	7	62.516
2017	5	6	61.371
2017	5	5	65.397
2017	5	4	66.558
2017	5	3	70.064
2017	5	2	71.832
2017	5	1	73.61
2017	4	30	81.417
2017	4	29	77.793
2017	4	28	66.558
2017	4	27	58.53
2017	4	26	60.801
2017	4	25	57.965
2017	4	24	61.371
2017	4	23	60.801
2017	4	22	60.801
2017	4	21	65.977
2017	4	20	63.665
2017	4	19	59.663
2017	4	18	58.53
2017	4	17	60.231
2017	4	16	60.801
2017	4	15	63.665
2017	4	14	71.832
2017	4	13	65.977
2017	4	12	58.53
2017	4	11	43.718
2017	4	10	55.718
2017	4	9	60.231
2017	4	8	60.801
2017	4	7	60.801
2017	4	6	64.241
2017	4	5	61.943
2017	4	4	65.397
2017	4	3	70.064
2017	4	2	73.61
2017	4	1	76.593
2017	3	31	73.61
2017	3	30	91.253
2017	3	29	109.667
2017	3	28	86.92
2017	3	27	68.891
2017	3	26	71.242
2017	3	25	82.025
2017	3	24	89.39
2017	3	23	95.63
2017	3	22	95.63
2017	3	21	112.914
2017	3	20	162.476
2017	3	19	64.241
2017	3	18	63.09
2017	3	17	64.241
2017	3	16	65.397
2017	3	15	71.242
2017	3	14	75.396
2017	3	13	91.253
2017	3	12	98.784
2017	3	11	96.889
2017	3	10	133.485
2017	3	9	76.593
2017	3	8	72.424
2017	3	7	71.832
2017	3	6	71.242
2017	3	5	78.997
2017	3	4	91.875
2017	3	3	94.375
2017	3	2	80.205
2017	3	1	63.09
2017	2	28	62.516
2017	2	27	60.231
2017	2	26	59.663
2017	2	25	60.231
2017	2	24	61.943
2017	2	23	66.558
2017	2	22	66.558
2017	2	21	68.306
2017	2	20	69.477
2017	2	19	68.891
2017	2	18	72.424
2017	2	17	73.61
2017	2	16	77.192
2017	2	15	77.192
2017	2	14	90.01
2017	2	13	102.597
2017	2	12	119.468
2017	2	11	137.551
2017	2	10	147.137
2017	2	9	165.3
2017	2	8	128.106
2017	2	7	113.566
2017	2	6	95.63
2017	2	5	86.92
2017	2	4	84.465
2017	2	3	71.832
2017	2	2	69.477
2017	2	1	74.204
2017	1	31	75.396
2017	1	30	65.977
2017	1	29	65.397
2017	1	28	70.064
2017	1	27	72.424
2017	1	26	74.8
2017	1	25	74.8
2017	1	24	73.61
2017	1	23	77.192
2017	1	22	86.92
2017	1	21	96.259
2017	1	20	111.613
2017	1	19	114.218
2017	1	18	133.485
2017	1	17	161.068
2017	1	16	178.135
2017	1	15	140.275
2017	1	14	105.798
2017	1	13	97.52
2017	1	12	91.875
2017	1	11	91.253
2017	1	10	78.997
2017	1	9	84.465
2017	1	8	87.536
2017	1	7	88.153
2017	1	6	83.853
2017	1	5	83.853
2017	1	4	89.39
2017	1	3	88.153
2017	1	2	92.499
2017	1	1	101.322
2016	12	31	103.235
2016	12	30	111.613
2016	12	29	116.837
2016	12	28	134.837
2016	12	27	135.515
2016	12	26	124.103
2016	12	25	124.103
2016	12	24	134.161
2016	12	23	155.463
2016	12	22	166.008
2016	12	21	176.698
2016	12	20	234.47
2016	12	19	275.617
2016	12	18	339.237
2016	12	17	487.221
2016	12	16	566.898
2016	12	15	480.477
2016	12	14	271.675
2016	12	13	259.922
2016	12	12	328.69
2016	12	11	241.355
2016	12	10	137.551
2016	12	9	125.434
2016	12	8	136.193
2016	12	7	173.833
2016	12	6	216.323
2016	12	5	162.476
2016	12	4	134.837
2016	12	3	170.979
2016	12	2	129.446
2016	12	1	170.267
2016	11	30	132.136
2016	11	29	77.192
2016	11	28	95.63
2016	11	27	138.912
2016	11	26	130.79
2016	11	25	130.79
2016	11	24	130.118
2016	11	23	84.465
2016	11	22	89.39
2016	11	21	108.374
2016	11	20	132.136
2016	11	19	168.134
2016	11	18	235.996
2016	11	17	202.924
2016	11	16	192.633
2016	11	15	114.218
2016	11	14	57.965
2016	11	13	51.283
2016	11	12	53.491
2016	11	11	56.278
2016	11	10	76.593
2016	11	9	53.491
2016	11	8	37.965
2016	11	7	41.082
2016	11	6	38.998
2016	11	5	35.41
2016	11	4	39.517
2016	11	3	35.41
2016	11	2	43.718
2016	11	1	39.517
2016	10	31	50.186
2016	10	30	49.095
2016	10	29	52.937
2016	10	28	46.928
2016	10	27	48.551
2016	10	26	55.159
2016	10	25	51.283
2016	10	24	48.551
2016	10	23	40.037
2016	10	22	47.468
2016	10	21	36.938
2016	10	20	45.853
2016	10	19	49.095
2016	10	18	42.659
2016	10	17	45.317
2016	10	16	48.551
2016	10	15	40.037
2016	10	14	46.928
2016	10	13	49.095
2016	10	12	54.046
2016	10	11	55.718
2016	10	10	59.663
2016	10	9	64.241
2016	10	8	70.064
2016	10	7	71.832
2016	10	6	52.384
2016	10	5	52.937
2016	10	4	43.188
2016	10	3	43.718
2016	10	2	51.283
2016	10	1	60.801
2016	9	30	59.663
2016	9	29	76.593
2016	9	28	73.016
2016	9	27	75.994
2016	9	26	56.278
2016	9	25	48.009
2016	9	24	37.965
2016	9	23	35.41
2016	9	22	40.558
2016	9	21	38.481
2016	9	20	36.427
2016	9	19	34.903
2016	9	18	34.398
2016	9	17	35.41
2016	9	16	34.398
2016	9	15	37.451
2016	9	14	38.481
2016	9	13	41.606
2016	9	12	42.132
2016	9	11	42.132
2016	9	10	37.451
2016	9	9	38.998
2016	9	8	41.606
2016	9	7	43.188
2016	9	6	43.188
2016	9	5	39.517
2016	9	4	39.517
2016	9	3	35.917
2016	9	2	39.517
2016	9	1	40.558
2016	8	31	40.558
2016	8	30	42.659
2016	8	29	45.317
2016	8	28	46.928
2016	8	27	43.718
2016	8	26	45.853
2016	8	25	48.551
2016	8	24	48.551
2016	8	23	48.551
2016	8	22	50.186
2016	8	21	51.833
2016	8	20	54.046
2016	8	19	53.491
2016	8	18	51.833
2016	8	17	50.734
2016	8	16	49.64
2016	8	15	49.095
2016	8	14	50.734
2016	8	13	50.186
2016	8	12	50.734
2016	8	11	50.186
2016	8	10	49.64
2016	8	9	51.283
2016	8	8	49.64
2016	8	7	54.046
2016	8	6	52.384
2016	8	5	51.833
2016	8	4	52.384
2016	8	3	53.491
2016	8	2	52.384
2016	8	1	52.937
2016	7	31	53.491
2016	7	30	54.602
2016	7	29	56.278
2016	7	28	55.718
2016	7	27	55.718
2016	7	26	55.718
2016	7	25	56.278
2016	7	24	56.839
2016	7	23	56.839
2016	7	22	55.159
2016	7	21	57.402
2016	7	20	55.718
2016	7	19	55.159
2016	7	18	56.278
2016	7	17	56.839
2016	7	16	57.402
2016	7	15	57.402
2016	7	14	57.402
2016	7	13	56.278
2016	7	12	57.965
2016	7	11	58.53
2016	7	10	60.231
2016	7	9	60.231
2016	7	8	61.371
2016	7	7	60.801
2016	7	6	61.943
2016	7	5	62.516
2016	7	4	63.09
2016	7	3	63.09
2016	7	2	72.424
2016	7	1	78.997
2016	6	30	69.477
2016	6	29	51.833
2016	6	28	48.009
2016	6	27	65.397
2016	6	26	69.477
2016	6	25	68.891
2016	6	24	65.977
2016	6	23	65.977
2016	6	22	66.558
2016	6	21	69.477
2016	6	20	66.558
2016	6	19	67.139
2016	6	18	68.306
2016	6	17	70.064
2016	6	16	72.424
2016	6	15	74.204
2016	6	14	77.793
2016	6	13	80.811
2016	6	12	87.536
2016	6	11	83.853
2016	6	10	82.633
2016	6	9	95.002
2016	6	8	93.749
2016	6	7	100.051
2016	6	6	118.809
2016	6	5	128.106
2016	6	4	110.963
2016	6	3	84.465
2016	6	2	73.61
2016	6	1	69.477
2016	5	31	70.653
2016	5	30	70.064
2016	5	29	70.653
2016	5	28	71.242
2016	5	27	70.653
2016	5	26	70.064
2016	5	25	72.424
2016	5	24	76.593
2016	5	23	78.394
2016	5	22	76.593
2016	5	21	77.192
2016	5	20	72.424
2016	5	19	71.832
2016	5	18	73.016
2016	5	17	72.424
2016	5	16	71.242
2016	5	15	73.61
2016	5	14	71.832
2016	5	13	74.8
2016	5	12	73.016
2016	5	11	74.8
2016	5	10	77.192
2016	5	9	76.593
2016	5	8	78.997
2016	5	7	77.793
2016	5	6	82.633
2016	5	5	86.92
2016	5	4	94.375
2016	5	3	104.515
2016	5	2	117.494
2016	5	1	109.667
2016	4	30	103.235
2016	4	29	73.016
2016	4	28	67.722
2016	4	27	68.891
2016	4	26	69.477
2016	4	25	68.306
2016	4	24	66.558
2016	4	23	68.891
2016	4	22	71.242
2016	4	21	71.832
2016	4	20	73.61
2016	4	19	73.61
2016	4	18	74.8
2016	4	17	73.016
2016	4	16	73.016
2016	4	15	75.994
2016	4	14	75.994
2016	4	13	78.997
2016	4	12	79.601
2016	4	11	82.633
2016	4	10	85.077
2016	4	9	83.853
2016	4	8	85.69
2016	4	7	88.153
2016	4	6	92.499
2016	4	5	91.253
2016	4	4	98.151
2016	4	3	101.959
2016	4	2	103.235
2016	4	1	107.084
2016	3	31	114.872
2016	3	30	129.446
2016	3	29	133.485
2016	3	28	147.827
2016	3	27	129.446
2016	3	26	118.809
2016	3	25	109.667
2016	3	24	120.128
2016	3	23	124.103
2016	3	22	127.437
2016	3	21	134.837
2016	3	20	118.151
2016	3	19	131.462
2016	3	18	169.555
2016	3	17	201.447
2016	3	16	205.145
2016	3	15	185.353
2016	3	14	134.161
2016	3	13	134.837
2016	3	12	132.136
2016	3	11	120.128
2016	3	10	121.45
2016	3	9	137.551
2016	3	8	159.663
2016	3	7	169.555
2016	3	6	237.525
2016	3	5	141.642
2016	3	4	148.518
2016	3	3	189.714
2016	3	2	168.844
2016	3	1	130.79
2016	2	29	
2016	2	28	108.374
2016	2	27	109.667
2016	2	26	107.084
2016	2	25	112.263
2016	2	24	118.151
2016	2	23	133.485
2016	2	22	168.844
2016	2	21	181.015
2016	2	20	177.416
2016	2	19	125.434
2016	2	18	122.775
2016	2	17	128.776
2016	2	16	131.462
2016	2	15	145.071
2016	2	14	181.015
2016	2	13	118.151
2016	2	12	114.872
2016	2	11	120.128
2016	2	10	116.181
2016	2	9	117.494
2016	2	8	121.45
2016	2	7	126.101
2016	2	6	132.81
2016	2	5	139.593
2016	2	4	146.448
2016	2	3	161.068
2016	2	2	175.981
2016	2	1	213.33
2016	1	31	242.891
2016	1	30	237.525
2016	1	29	251.375
2016	1	28	272.462
2016	1	27	237.525
2016	1	26	256.807
2016	1	25	333.075
2016	1	24	449.004
2016	1	23	423.652
2016	1	22	346.313
2016	1	21	388.602
2016	1	20	525.211
2016	1	19	519.321
2016	1	18	521.282
2016	1	17	284.333
2016	1	16	204.404
2016	1	15	170.267
2016	1	14	156.162
2016	1	13	115.526
2016	1	12	81.417
2016	1	11	83.243
2016	1	10	83.243
2016	1	9	94.375
2016	1	8	133.485
2016	1	7	161.068
2016	1	6	133.485
2016	1	5	188.258
2016	1	4	104.515
2016	1	3	81.417
2016	1	2	74.204
2016	1	1	73.61
2015	12	31	74.8
2015	12	30	73.016
2015	12	29	77.192
2015	12	28	81.417
2015	12	27	79.601
2015	12	26	85.077
2015	12	25	109.667
2015	12	24	98.784
2015	12	23	97.52
2015	12	22	95.63
2015	12	21	92.499
2015	12	20	90.631
2015	12	19	90.631
2015	12	18	101.959
2015	12	17	104.515
2015	12	16	124.103
2015	12	15	154.766
2015	12	14	186.078
2015	12	13	211.837
2015	12	12	226.871
2015	12	11	248.283
2015	12	10	336.592
2015	12	9	352.534
2015	12	8	291.508
2015	12	7	293.908
2015	12	6	316.509
2015	12	5	239.055
2015	12	4	169.555
2015	12	3	128.776
2015	12	2	114.872
2015	12	1	109.667
2015	11	30	86.305
2015	11	29	68.891
2015	11	28	81.417
2015	11	27	86.92
2015	11	26	93.123
2015	11	25	111.613
2015	11	24	123.439
2015	11	23	138.231
2015	11	22	128.776
2015	11	21	128.106
2015	11	20	135.515
2015	11	19	101.959
2015	11	18	94.375
2015	11	17	101.322
2015	11	16	72.424
2015	11	15	61.943
2015	11	14	55.159
2015	11	13	54.602
2015	11	12	55.718
2015	11	11	57.402
2015	11	10	65.397
2015	11	9	103.235
2015	11	8	122.775
2015	11	7	149.902
2015	11	6	161.068
2015	11	5	35.917
2015	11	4	36.938
2015	11	3	35.41
2015	11	2	31.898
2015	11	1	27.985
2015	10	31	27.985
2015	10	30	34.903
2015	10	29	38.998
2015	10	28	39.517
2015	10	27	40.037
2015	10	26	37.965
2015	10	25	27.985
2015	10	24	23.256
2015	10	23	20.965
2015	10	22	23.72
2015	10	21	22.333
2015	10	20	22.333
2015	10	19	18.726
2015	10	18	18.285
2015	10	17	21.419
2015	10	16	19.615
2015	10	15	21.419
2015	10	14	25.124
2015	10	13	27.985
2015	10	12	33.895
2015	10	11	58.53
2015	10	10	75.994
2015	10	9	30.909
2015	10	8	22.333
2015	10	7	17.846
2015	10	6	22.333
2015	10	5	26.07
2015	10	4	27.024
2015	10	3	27.985
2015	10	2	32.893
2015	10	1	30.417
2015	9	30	31.898
2015	9	29	36.427
2015	9	28	34.398
2015	9	27	33.895
2015	9	26	31.403
2015	9	25	66.558
2015	9	24	44.783
2015	9	23	35.917
2015	9	22	34.903
2015	9	21	33.895
2015	9	20	35.917
2015	9	19	40.037
2015	9	18	44.783
2015	9	17	42.659
2015	9	16	48.551
2015	9	15	67.139
2015	9	14	78.394
2015	9	13	93.123
2015	9	12	80.811
2015	9	11	98.151
2015	9	10	107.084
2015	9	9	94.375
2015	9	8	84.465
2015	9	7	47.468
2015	9	6	38.998
2015	9	5	37.965
2015	9	4	42.132
2015	9	3	42.659
2015	9	2	37.451
2015	9	1	46.39
2015	8	31	42.659
2015	8	30	55.159
2015	8	29	66.558
2015	8	28	39.517
2015	8	27	33.895
2015	8	26	35.917
2015	8	25	39.517
2015	8	24	40.037
2015	8	23	41.606
2015	8	22	35.41
2015	8	21	35.41
2015	8	20	34.398
2015	8	19	33.895
2015	8	18	31.403
2015	8	17	33.393
2015	8	16	35.917
2015	8	15	30.909
2015	8	14	27.985
2015	8	13	25.124
2015	8	12	27.024
2015	8	11	30.909
2015	8	10	35.41
2015	8	9	37.965
2015	8	8	44.783
2015	8	7	44.25
2015	8	6	47.468
2015	8	5	40.037
2015	8	4	32.893
2015	8	3	32.893
2015	8	2	40.558
2015	8	1	50.734
2015	7	31	51.833
2015	7	30	52.384
2015	7	29	70.064
2015	7	28	90.01
2015	7	27	58.53
2015	7	26	45.317
2015	7	25	43.188
2015	7	24	40.037
2015	7	23	40.037
2015	7	22	45.317
2015	7	21	44.783
2015	7	20	44.25
2015	7	19	40.037
2015	7	18	35.917
2015	7	17	40.558
2015	7	16	41.082
2015	7	15	44.25
2015	7	14	46.39
2015	7	13	51.283
2015	7	12	62.516
2015	7	11	71.242
2015	7	10	64.241
2015	7	9	51.833
2015	7	8	45.317
2015	7	7	40.558
2015	7	6	38.998
2015	7	5	40.037
2015	7	4	37.965
2015	7	3	45.853
2015	7	2	48.551
2015	7	1	46.928
2015	6	30	48.551
2015	6	29	49.095
2015	6	28	48.551
2015	6	27	47.468
2015	6	26	49.64
2015	6	25	59.663
2015	6	24	72.424
2015	6	23	78.394
2015	6	22	67.139
2015	6	21	48.009
2015	6	20	41.082
2015	6	19	37.965
2015	6	18	40.037
2015	6	17	42.659
2015	6	16	44.783
2015	6	15	46.928
2015	6	14	50.186
2015	6	13	52.384
2015	6	12	52.937
2015	6	11	57.402
2015	6	10	60.801
2015	6	9	60.801
2015	6	8	63.09
2015	6	7	65.397
2015	6	6	64.241
2015	6	5	68.891
2015	6	4	69.477
2015	6	3	70.653
2015	6	2	64.241
2015	6	1	68.891
2015	5	31	66.558
2015	5	30	60.801
2015	5	29	55.718
2015	5	28	48.551
2015	5	27	44.25
2015	5	26	46.39
2015	5	25	50.734
2015	5	24	51.833
2015	5	23	54.046
2015	5	22	55.159
2015	5	21	56.839
2015	5	20	58.53
2015	5	19	67.722
2015	5	18	75.994
2015	5	17	74.8
2015	5	16	83.243
2015	5	15	84.465
2015	5	14	91.875
2015	5	13	93.123
2015	5	12	100.051
2015	5	11	105.156
2015	5	10	106.441
2015	5	9	116.837
2015	5	8	99.417
2015	5	7	90.631
2015	5	6	75.994
2015	5	5	64.819
2015	5	4	68.891
2015	5	3	64.241
2015	5	2	61.371
2015	5	1	65.397
2015	4	30	64.819
2015	4	29	63.665
2015	4	28	64.241
2015	4	27	70.064
2015	4	26	71.832
2015	4	25	75.994
2015	4	24	80.205
2015	4	23	83.853
2015	4	22	61.371
2015	4	21	64.241
2015	4	20	64.819
2015	4	19	80.811
2015	4	18	87.536
2015	4	17	83.853
2015	4	16	68.306
2015	4	15	75.396
2015	4	14	75.994
2015	4	13	64.241
2015	4	12	83.243
2015	4	11	87.536
2015	4	10	75.994
2015	4	9	78.997
2015	4	8	85.69
2015	4	7	79.601
2015	4	6	87.536
2015	4	5	114.872
2015	4	4	125.434
2015	4	3	160.365
2015	4	2	147.137
2015	4	1	95.002
2015	3	31	72.424
2015	3	30	82.633
2015	3	29	89.39
2015	3	28	137.551
2015	3	27	158.261
2015	3	26	184.628
2015	3	25	205.886
2015	3	24	163.887
2015	3	23	86.305
2015	3	22	75.994
2015	3	21	70.653
2015	3	20	60.801
2015	3	19	78.997
2015	3	18	84.465
2015	3	17	95.63
2015	3	16	116.181
2015	3	15	136.193
2015	3	14	154.069
2015	3	13	178.135
2015	3	12	120.789
2015	3	11	86.305
2015	3	10	74.8
2015	3	9	71.242
2015	3	8	67.722
2015	3	7	57.402
2015	3	6	60.801
2015	3	5	65.397
2015	3	4	68.891
2015	3	3	77.192
2015	3	2	82.633
2015	3	1	73.61
2015	2	28	80.205
2015	2	27	52.384
2015	2	26	46.39
2015	2	25	52.937
2015	2	24	68.891
2015	2	23	75.396
2015	2	22	77.192
2015	2	21	73.016
2015	2	20	66.558
2015	2	19	66.558
2015	2	18	61.943
2015	2	17	67.722
2015	2	16	78.394
2015	2	15	133.485
2015	2	14	169.555
2015	2	13	189.714
2015	2	12	199.972
2015	2	11	235.233
2015	2	10	143.697
2015	2	9	120.128
2015	2	8	129.446
2015	2	7	133.485
2015	2	6	75.994
2015	2	5	67.139
2015	2	4	59.096
2015	2	3	40.037
2015	2	2	40.558
2015	2	1	47.468
2015	1	31	53.491
2015	1	30	55.159
2015	1	29	64.241
2015	1	28	71.242
2015	1	27	80.811
2015	1	26	52.937
2015	1	25	36.938
2015	1	24	33.895
2015	1	23	28.952
2015	1	22	34.903
2015	1	21	27.024
2015	1	20	21.419
2015	1	19	17.846
2015	1	18	21.419
2015	1	17	30.417
2015	1	16	33.895
2015	1	15	34.903
2015	1	14	40.558
2015	1	13	45.317
2015	1	12	45.317
2015	1	11	54.046
2015	1	10	56.278
2015	1	9	63.665
2015	1	8	67.722
2015	1	7	70.064
2015	1	6	79.601
2015	1	5	81.417
2015	1	4	58.53
2015	1	3	54.602
2015	1	2	54.046
2015	1	1	52.937
2014	12	31	55.744
2014	12	30	58.79
2014	12	29	59.818
2014	12	28	68.261
2014	12	27	71.526
2014	12	26	77.085
2014	12	25	78.214
2014	12	24	94.609
2014	12	23	91.005
2014	12	22	74.844
2014	12	21	83.944
2014	12	20	94.609
2014	12	19	114.634
2014	12	18	137.336
2014	12	17	179.232
2014	12	16	145.683
2014	12	15	126.475
2014	12	14	77.085
2014	12	13	65.05
2014	12	12	71.526
2014	12	11	87.45
2014	12	10	105.709
2014	12	9	141.488
2014	12	8	196.115
2014	12	7	208.722
2014	12	6	145.683
2014	12	5	105.709
2014	12	4	118.536
2014	12	3	161.427
2014	12	2	226.499
2014	12	1	297.066
2014	11	30	339.485
2014	11	29	202.385
2014	11	28	123.809
2014	11	27	66.114
2014	11	26	50.793
2014	11	25	53.744
2014	11	24	47.901
2014	11	23	44.137
2014	11	22	47.901
2014	11	21	53.744
2014	11	20	55.744
2014	11	19	55.744
2014	11	18	61.892
2014	11	17	71.526
2014	11	16	66.114
2014	11	15	55.744
2014	11	14	55.744
2014	11	13	61.892
2014	11	12	63.991
2014	11	11	50.793
2014	11	10	36.07
2014	11	9	38.696
2014	11	8	41.385
2014	11	7	42.296
2014	11	6	57.768
2014	11	5	46.006
2014	11	4	39.585
2014	11	3	46.006
2014	11	2	46.006
2014	11	1	48.858
2014	10	31	51.771
2014	10	30	68.261
2014	10	29	60.852
2014	10	28	51.771
2014	10	27	45.068
2014	10	26	40.482
2014	10	25	36.938
2014	10	24	37.813
2014	10	23	46.006
2014	10	22	54.741
2014	10	21	36.938
2014	10	20	31.014
2014	10	19	27.795
2014	10	18	27.795
2014	10	17	31.839
2014	10	16	32.67
2014	10	15	33.509
2014	10	14	36.938
2014	10	13	38.696
2014	10	12	42.296
2014	10	11	46.006
2014	10	10	48.858
2014	10	9	44.137
2014	10	8	42.296
2014	10	7	40.482
2014	10	6	42.296
2014	10	5	40.482
2014	10	4	35.209
2014	10	3	36.07
2014	10	2	37.813
2014	10	1	42.296
2014	9	30	44.137
2014	9	29	33.509
2014	9	28	28.588
2014	9	27	25.461
2014	9	26	30.198
2014	9	25	33.509
2014	9	24	40.482
2014	9	23	38.696
2014	9	22	41.385
2014	9	21	46.006
2014	9	20	47.901
2014	9	19	43.213
2014	9	18	40.482
2014	9	17	38.696
2014	9	16	40.482
2014	9	15	42.296
2014	9	14	45.068
2014	9	13	46.95
2014	9	12	41.385
2014	9	11	41.385
2014	9	10	46.006
2014	9	9	51.771
2014	9	8	49.823
2014	9	7	50.793
2014	9	6	51.771
2014	9	5	50.793
2014	9	4	51.771
2014	9	3	47.901
2014	9	2	49.823
2014	9	1	57.768
2014	8	31	49.823
2014	8	30	58.79
2014	8	29	48.858
2014	8	28	42.296
2014	8	27	46.006
2014	8	26	47.901
2014	8	25	50.793
2014	8	24	46.95
2014	8	23	49.823
2014	8	22	49.823
2014	8	21	47.901
2014	8	20	46.95
2014	8	19	47.901
2014	8	18	47.901
2014	8	17	48.858
2014	8	16	52.754
2014	8	15	46.95
2014	8	14	49.823
2014	8	13	47.901
2014	8	12	49.823
2014	8	11	48.858
2014	8	10	52.754
2014	8	9	51.771
2014	8	8	55.744
2014	8	7	61.892
2014	8	6	59.818
2014	8	5	57.768
2014	8	4	57.768
2014	8	3	79.349
2014	8	2	65.05
2014	8	1	67.185
2014	7	31	73.732
2014	7	30	80.489
2014	7	29	57.768
2014	7	28	77.085
2014	7	27	66.114
2014	7	26	59.818
2014	7	25	52.754
2014	7	24	51.771
2014	7	23	51.771
2014	7	22	55.744
2014	7	21	47.901
2014	7	20	49.823
2014	7	19	49.823
2014	7	18	53.744
2014	7	17	54.741
2014	7	16	58.79
2014	7	15	54.741
2014	7	14	66.114
2014	7	13	79.349
2014	7	12	58.79
2014	7	11	57.768
2014	7	10	44.137
2014	7	9	42.296
2014	7	8	50.793
2014	7	7	53.744
2014	7	6	50.793
2014	7	5	48.858
2014	7	4	51.771
2014	7	3	61.892
2014	7	2	55.744
2014	7	1	56.753
2014	6	30	48.858
2014	6	29	43.213
2014	6	28	40.482
2014	6	27	48.858
2014	6	26	57.768
2014	6	25	54.741
2014	6	24	49.823
2014	6	23	48.858
2014	6	22	56.753
2014	6	21	57.768
2014	6	20	62.939
2014	6	19	66.114
2014	6	18	59.818
2014	6	17	61.892
2014	6	16	68.261
2014	6	15	67.185
2014	6	14	59.818
2014	6	13	63.991
2014	6	12	65.05
2014	6	11	63.991
2014	6	10	63.991
2014	6	9	62.939
2014	6	8	61.892
2014	6	7	65.05
2014	6	6	62.939
2014	6	5	65.05
2014	6	4	62.939
2014	6	3	68.261
2014	6	2	67.185
2014	6	1	60.852
2014	5	31	59.818
2014	5	30	65.05
2014	5	29	65.05
2014	5	28	70.432
2014	5	27	66.114
2014	5	26	61.892
2014	5	25	59.818
2014	5	24	65.05
2014	5	23	61.892
2014	5	22	61.892
2014	5	21	58.79
2014	5	20	65.05
2014	5	19	69.344
2014	5	18	66.114
2014	5	17	65.05
2014	5	16	57.768
2014	5	15	63.991
2014	5	14	66.114
2014	5	13	55.744
2014	5	12	56.753
2014	5	11	65.05
2014	5	10	65.05
2014	5	9	67.185
2014	5	8	60.852
2014	5	7	58.79
2014	5	6	59.818
2014	5	5	60.852
2014	5	4	68.261
2014	5	3	73.732
2014	5	2	77.085
2014	5	1	77.085
2014	4	30	75.962
2014	4	29	81.635
2014	4	28	81.635
2014	4	27	92.201
2014	4	26	93.402
2014	4	25	83.944
2014	4	24	86.276
2014	4	23	79.349
2014	4	22	100.723
2014	4	21	82.787
2014	4	20	73.732
2014	4	19	77.085
2014	4	18	82.787
2014	4	17	86.276
2014	4	16	89.814
2014	4	15	81.635
2014	4	14	83.944
2014	4	13	81.635
2014	4	12	79.349
2014	4	11	83.944
2014	4	10	99.489
2014	4	9	97.038
2014	4	8	95.821
2014	4	7	108.233
2014	4	6	135.961
2014	4	5	142.882
2014	4	4	110.778
2014	4	3	103.205
2014	4	2	79.349
2014	4	1	73.732
2014	3	31	79.349
2014	3	30	80.489
2014	3	29	88.629
2014	3	28	91.005
2014	3	27	103.205
2014	3	26	127.815
2014	3	25	88.629
2014	3	24	95.821
2014	3	23	113.344
2014	3	22	77.085
2014	3	21	72.627
2014	3	20	71.526
2014	3	19	77.085
2014	3	18	81.635
2014	3	17	93.402
2014	3	16	97.038
2014	3	15	93.402
2014	3	14	88.629
2014	3	13	105.709
2014	3	12	142.882
2014	3	11	194.559
2014	3	10	277.485
2014	3	9	246.46
2014	3	8	135.961
2014	3	7	99.489
2014	3	6	87.45
2014	3	5	98.261
2014	3	4	75.962
2014	3	3	72.627
2014	3	2	72.627
2014	3	1	69.344
2014	2	28	69.344
2014	2	27	67.185
2014	2	26	71.526
2014	2	25	71.526
2014	2	24	74.844
2014	2	23	79.349
2014	2	22	91.005
2014	2	21	98.261
2014	2	20	105.709
2014	2	19	93.402
2014	2	18	72.627
2014	2	17	69.344
2014	2	16	48.858
2014	2	15	39.585
2014	2	14	44.137
2014	2	13	55.744
2014	2	12	66.114
2014	2	11	65.05
2014	2	10	72.627
2014	2	9	74.844
2014	2	8	78.214
2014	2	7	81.635
2014	2	6	91.005
2014	2	5	94.609
2014	2	4	95.821
2014	2	3	77.085
2014	2	2	77.085
2014	2	1	83.944
2014	1	31	86.276
2014	1	30	86.276
2014	1	29	85.107
2014	1	28	80.489
2014	1	27	89.814
2014	1	26	97.038
2014	1	25	103.205
2014	1	24	105.709
2014	1	23	123.809
2014	1	22	105.709
2014	1	21	88.629
2014	1	20	89.814
2014	1	19	94.609
2014	1	18	89.814
2014	1	17	83.944
2014	1	16	77.085
2014	1	15	81.635
2014	1	14	87.45
2014	1	13	92.201
2014	1	12	104.454
2014	1	11	109.503
2014	1	10	121.163
2014	1	9	121.163
2014	1	8	126.475
2014	1	7	130.511
2014	1	6	137.336
2014	1	5	154.201
2014	1	4	161.427
2014	1	3	165.817
2014	1	2	171.734
2014	1	1	189.915
2013	12	31	218.356
2013	12	30	233.087
2013	12	29	253.244
2013	12	28	293.471
2013	12	27	328.23
2013	12	26	387.782
2013	12	25	432.099
2013	12	24	399.702
2013	12	23	395.715
2013	12	22	304.301
2013	12	21	165.817
2013	12	20	165.817
2013	12	19	158.523
2013	12	18	173.225
2013	12	17	171.734
2013	12	16	185.31
2013	12	15	234.745
2013	12	14	345.162
2013	12	13	368.195
2013	12	12	286.328
2013	12	11	180.745
2013	12	10	196.115
2013	12	9	223.229
2013	12	8	196.115
2013	12	7	189.915
2013	12	6	279.246
2013	12	5	345.162
2013	12	4	478.058
2013	12	3	304.301
2013	12	2	211.917
2013	12	1	176.22
2013	11	30	159.972
2013	11	29	165.817
2013	11	28	159.972
2013	11	27	87.45
2013	11	26	74.844
2013	11	25	71.526
2013	11	24	68.261
2013	11	23	68.261
2013	11	22	63.991
2013	11	21	60.852
2013	11	20	63.991
2013	11	19	68.261
2013	11	18	73.732
2013	11	17	83.944
2013	11	16	91.005
2013	11	15	108.233
2013	11	14	133.226
2013	11	13	91.005
2013	11	12	79.349
2013	11	11	82.787
2013	11	10	141.488
2013	11	9	129.161
2013	11	8	72.627
2013	11	7	66.114
2013	11	6	61.892
2013	11	5	59.818
2013	11	4	61.892
2013	11	3	63.991
2013	11	2	65.05
2013	11	1	63.991
2013	10	31	69.344
2013	10	30	73.732
2013	10	29	77.085
2013	10	28	77.085
2013	10	27	77.085
2013	10	26	73.732
2013	10	25	78.214
2013	10	24	83.944
2013	10	23	83.944
2013	10	22	89.814
2013	10	21	104.454
2013	10	20	89.814
2013	10	19	75.962
2013	10	18	71.526
2013	10	17	68.261
2013	10	16	71.526
2013	10	15	71.526
2013	10	14	81.635
2013	10	13	99.489
2013	10	12	105.709
2013	10	11	100.723
2013	10	10	110.778
2013	10	9	118.536
2013	10	8	126.475
2013	10	7	138.715
2013	10	6	145.683
2013	10	5	162.885
2013	10	4	93.402
2013	10	3	93.402
2013	10	2	93.402
2013	10	1	91.005
2013	9	30	95.821
2013	9	29	108.233
2013	9	28	108.233
2013	9	27	74.844
2013	9	26	68.261
2013	9	25	63.991
2013	9	24	57.768
2013	9	23	61.892
2013	9	22	66.114
2013	9	21	69.344
2013	9	20	72.627
2013	9	19	72.627
2013	9	18	74.844
2013	9	17	71.526
2013	9	16	71.526
2013	9	15	69.344
2013	9	14	73.732
2013	9	13	74.844
2013	9	12	80.489
2013	9	11	89.814
2013	9	10	95.821
2013	9	9	103.205
2013	9	8	93.402
2013	9	7	78.214
2013	9	6	72.627
2013	9	5	68.261
2013	9	4	69.344
2013	9	3	73.732
2013	9	2	72.627
2013	9	1	72.627
2013	8	31	74.844
2013	8	30	73.732
2013	8	29	74.844
2013	8	28	72.627
2013	8	27	74.844
2013	8	26	79.349
2013	8	25	72.627
2013	8	24	77.085
2013	8	23	77.085
2013	8	22	81.635
2013	8	21	88.629
2013	8	20	78.214
2013	8	19	77.085
2013	8	18	79.349
2013	8	17	73.732
2013	8	16	71.526
2013	8	15	74.844
2013	8	14	72.627
2013	8	13	73.732
2013	8	12	73.732
2013	8	11	77.085
2013	8	10	79.349
2013	8	9	77.085
2013	8	8	77.085
2013	8	7	79.349
2013	8	6	81.635
2013	8	5	80.489
2013	8	4	85.107
2013	8	3	86.276
2013	8	2	85.107
2013	8	1	100.723
2013	7	31	95.821
2013	7	30	86.276
2013	7	29	82.787
2013	7	28	79.349
2013	7	27	74.844
2013	7	26	69.344
2013	7	25	71.526
2013	7	24	78.214
2013	7	23	81.635
2013	7	22	87.45
2013	7	21	95.821
2013	7	20	104.454
2013	7	19	117.231
2013	7	18	108.233
2013	7	17	100.723
2013	7	16	88.629
2013	7	15	88.629
2013	7	14	88.629
2013	7	13	93.402
2013	7	12	93.402
2013	7	11	94.609
2013	7	10	92.201
2013	7	9	94.609
2013	7	8	101.961
2013	7	7	106.968
2013	7	6	110.778
2013	7	5	114.634
2013	7	4	112.059
2013	7	3	101.961
2013	7	2	92.201
2013	7	1	91.005
2013	6	30	99.489
2013	6	29	103.205
2013	6	28	100.723
2013	6	27	108.233
2013	6	26	101.961
2013	6	25	100.723
2013	6	24	100.723
2013	6	23	101.961
2013	6	22	100.723
2013	6	21	103.205
2013	6	20	110.778
2013	6	19	114.634
2013	6	18	117.231
2013	6	17	126.475
2013	6	16	119.847
2013	6	15	112.059
2013	6	14	109.503
2013	6	13	108.233
2013	6	12	118.536
2013	6	11	108.233
2013	6	10	122.483
2013	6	9	121.163
2013	6	8	140.099
2013	6	7	159.972
2013	6	6	168.767
2013	6	5	174.72
2013	6	4	142.882
2013	6	3	119.847
2013	6	2	148.504
2013	6	1	171.734
2013	5	31	182.262
2013	5	30	165.817
2013	5	29	134.591
2013	5	28	129.161
2013	5	27	149.921
2013	5	26	131.866
2013	5	25	127.815
2013	5	24	126.475
2013	5	23	122.483
2013	5	22	117.231
2013	5	21	110.778
2013	5	20	126.475
2013	5	19	110.778
2013	5	18	108.233
2013	5	17	110.778
2013	5	16	108.233
2013	5	15	113.344
2013	5	14	105.709
2013	5	13	113.344
2013	5	12	108.233
2013	5	11	115.93
2013	5	10	121.163
2013	5	9	115.93
2013	5	8	121.163
2013	5	7	113.344
2013	5	6	115.93
2013	5	5	115.93
2013	5	4	121.163
2013	5	3	119.847
2013	5	2	118.536
2013	5	1	126.475
2013	4	30	121.163
2013	4	29	123.809
2013	4	28	137.336
2013	4	27	144.28
2013	4	26	137.336
2013	4	25	126.475
2013	4	24	145.683
2013	4	23	121.163
2013	4	22	135.961
2013	4	21	140.099
2013	4	20	140.099
2013	4	19	149.921
2013	4	18	162.885
2013	4	17	182.262
2013	4	16	202.385
2013	4	15	182.262
2013	4	14	196.115
2013	4	13	199.241
2013	4	12	241.415
2013	4	11	333.841
2013	4	10	387.782
2013	4	9	352.782
2013	4	8	218.356
2013	4	7	213.52
2013	4	6	162.885
2013	4	5	154.201
2013	4	4	144.28
2013	4	3	151.343
2013	4	2	174.72
2013	4	1	197.676
2013	3	31	219.976
2013	3	30	234.745
2013	3	29	211.917
2013	3	28	191.458
2013	3	27	200.811
2013	3	26	151.343
2013	3	25	159.972
2013	3	24	189.915
2013	3	23	142.882
2013	3	22	147.091
2013	3	21	155.637
2013	3	20	157.077
2013	3	19	144.28
2013	3	18	145.683
2013	3	17	186.841
2013	3	16	216.74
2013	3	15	215.128
2013	3	14	183.784
2013	3	13	180.745
2013	3	12	142.882
2013	3	11	142.882
2013	3	10	137.336
2013	3	9	140.099
2013	3	8	148.504
2013	3	7	167.29
2013	3	6	180.745
2013	3	5	211.917
2013	3	4	243.093
2013	3	3	311.597
2013	3	2	288.108
2013	3	1	144.28
2013	2	28	109.503
2013	2	27	110.778
2013	2	26	106.968
2013	2	25	108.233
2013	2	24	119.847
2013	2	23	133.226
2013	2	22	103.205
2013	2	21	121.163
2013	2	20	129.161
2013	2	19	109.503
2013	2	18	106.968
2013	2	17	113.344
2013	2	16	123.809
2013	2	15	131.866
2013	2	14	137.336
2013	2	13	142.882
2013	2	12	148.504
2013	2	11	161.427
2013	2	10	208.722
2013	2	9	324.508
2013	2	8	324.508
2013	2	7	304.301
2013	2	6	261.813
2013	2	5	265.268
2013	2	4	293.471
2013	2	3	341.374
2013	2	2	383.836
2013	2	1	543.288
2013	1	31	545.512
2013	1	30	366.256
2013	1	29	306.12
2013	1	28	236.406
2013	1	27	155.637
2013	1	26	114.634
2013	1	25	140.099
2013	1	24	174.72
2013	1	23	179.232
2013	1	22	189.915
2013	1	21	229.785
2013	1	20	197.676
2013	1	19	208.722
2013	1	18	196.115
2013	1	17	117.231
2013	1	16	118.536
2013	1	15	134.591
2013	1	14	165.817
2013	1	13	182.262
2013	1	12	174.72
2013	1	11	93.402
2013	1	10	87.45
2013	1	9	87.45
2013	1	8	91.005
2013	1	7	93.402
2013	1	6	117.231
2013	1	5	129.161
2013	1	4	79.349
2013	1	3	78.214
2013	1	2	80.489
2013	1	1	82.787
